Date,GLD,SPY,TLT,^VIX
2005-01-03,43.02000045776367,81.38374328613281,44.396488189697266,14.079999923706055
2005-01-04,42.7400016784668,80.38926696777344,43.931217193603516,13.979999542236328
2005-01-05,42.66999816894531,79.83453369140625,44.16636276245117,14.09000015258789
2005-01-06,42.150001525878906,80.24042510986328,44.196346282958984,13.579999923706055
2005-01-07,41.84000015258789,80.12542724609375,44.29643249511719,13.489999771118164
2005-01-10,41.95000076293945,80.50424194335938,44.3664665222168,13.229999542236328
2005-01-11,42.209999084472656,79.94953918457031,44.62662887573242,13.1899995803833
2005-01-12,42.599998474121094,80.21336364746094,44.686683654785156,12.5600004196167
2005-01-13,42.599998474121094,79.5707015991211,45.11692428588867,12.84000015258789
2005-01-14,42.31999969482422,79.99014282226562,45.11191177368164,12.430000305175781
2005-01-18,42.31999969482422,80.82222747802734,45.26201248168945,12.470000267028809
2005-01-19,42.2599983215332,79.97657012939453,45.392066955566406,13.180000305175781
2005-01-20,42.25,79.48950958251953,45.48215103149414,13.829999923706055
2005-01-21,42.7400016784668,79.0024185180664,45.53215789794922,14.359999656677246
2005-01-24,42.77000045776367,78.84683227539062,45.727291107177734,14.649999618530273
2005-01-25,42.2400016784668,79.07006072998047,45.29701232910156,14.0600004196167
2005-01-26,42.689998626708984,79.30685424804688,45.3820686340332,13.4399995803833
2005-01-27,42.619998931884766,79.44214630126953,45.29701232910156,13.239999771118164
2005-01-28,42.689998626708984,79.44214630126953,45.752296447753906,13.239999771118164
2005-01-31,42.220001220703125,79.93599700927734,45.88238525390625,12.819999694824219
2005-02-01,42.099998474121094,80.44336700439453,45.80954360961914,12.029999732971191
2005-02-02,42.15999984741211,80.68692016601562,45.91501998901367,11.65999984741211
2005-02-03,41.68000030517578,80.4771957397461,45.889888763427734,11.789999961853027
2005-02-04,41.470001220703125,81.33638000488281,46.527671813964844,11.210000038146973
2005-02-07,41.27000045776367,81.22814178466797,46.874168395996094,11.729999542236328
2005-02-08,41.2599983215332,81.32280731201172,47.1403694152832,11.600000381469727
2005-02-09,41.310001373291016,80.71400451660156,47.26586151123047,12.0
2005-02-10,41.75,81.0049057006836,46.62812042236328,11.510000228881836
2005-02-11,42.08000183105469,81.7016830444336,46.59796905517578,11.430000305175781
2005-02-14,42.54999923706055,81.64079284667969,46.743614196777344,11.520000457763672
2005-02-15,42.58000183105469,81.94525146484375,46.507606506347656,11.270000457763672
2005-02-16,42.52000045776367,81.99934387207031,46.331851959228516,11.100000381469727
2005-02-17,42.72999954223633,81.33638000488281,46.04057693481445,11.770000457763672
2005-02-18,42.75,81.44459533691406,45.628753662109375,11.180000305175781
2005-02-22,43.56999969482422,80.23367309570312,45.42786407470703,13.140000343322754
2005-02-23,43.41999816894531,80.80870819091797,45.57855224609375,12.390000343322754
2005-02-24,43.33000183105469,81.34315490722656,45.47809600830078,11.569999694824219
2005-02-25,43.5,82.1481704711914,45.699092864990234,11.489999771118164
2005-02-28,43.529998779296875,81.6069564819336,45.20694351196289,12.079999923706055
2005-03-01,43.220001220703125,82.01287841796875,45.19279861450195,12.039999961853027
2005-03-02,43.25,81.97229766845703,45.132347106933594,12.5
2005-03-03,42.970001220703125,82.00611114501953,45.1071891784668,12.930000305175781
2005-03-04,43.380001068115234,83.02764129638672,45.59581756591797,11.9399995803833
2005-03-07,43.470001220703125,83.06822967529297,45.777198791503906,12.260000228881836
2005-03-08,44.029998779296875,82.75699615478516,45.343990325927734,12.399999618530273
2005-03-09,44.02000045776367,81.83698272705078,44.60345458984375,12.699999809265137
2005-03-10,44.20000076293945,82.01964569091797,44.875431060791016,12.489999771118164
2005-03-11,44.43000030517578,81.44459533691406,44.54804229736328,12.800000190734863
2005-03-14,44.029998779296875,81.9520034790039,44.814945220947266,12.390000343322754
2005-03-15,44.060001373291016,81.2754898071289,44.53288269042969,13.149999618530273
2005-03-16,44.310001373291016,80.58545684814453,44.80491638183594,13.489999771118164
2005-03-17,43.81999969482422,80.74781036376953,44.95102310180664,13.289999961853027
2005-03-18,43.88999938964844,80.50804901123047,44.668922424316406,13.140000343322754
2005-03-21,43.09000015258789,80.20924377441406,44.54296112060547,13.609999656677246
2005-03-22,42.650001525878906,79.39424133300781,44.16516876220703,14.270000457763672
2005-03-23,42.41999816894531,79.46216583251953,44.37670135498047,14.0600004196167
2005-03-24,42.38999938964844,79.5572280883789,44.4674072265625,13.420000076293945
2005-03-28,42.540000915527344,79.6727066040039,44.19536590576172,13.75
2005-03-29,42.560001373291016,79.1429672241211,44.457313537597656,14.489999771118164
2005-03-30,42.61000061035156,80.26358032226562,44.67902374267578,13.640000343322754
2005-03-31,42.81999969482422,80.11415100097656,45.00139236450195,14.020000457763672
2005-04-01,42.619998931884766,79.75419616699219,45.153079986572266,14.09000015258789
2005-04-04,42.400001525878906,79.89004516601562,45.142974853515625,14.109999656677246
2005-04-05,42.45000076293945,80.2703628540039,45.02666473388672,13.680000305175781
2005-04-06,42.630001068115234,80.548828125,45.18341827392578,13.149999618530273
2005-04-07,42.56999969482422,80.98348236083984,44.81937026977539,12.329999923706055
2005-04-08,42.689998626708984,80.14129638671875,44.976139068603516,12.619999885559082
2005-04-11,42.779998779296875,80.20242309570312,45.21883773803711,11.979999542236328
2005-04-12,42.84000015258789,80.6167221069336,45.638484954833984,11.300000190734863
2005-04-13,42.900001525878906,79.66588592529297,45.527252197265625,13.3100004196167
2005-04-14,42.310001373291016,78.62675476074219,45.456459045410156,14.529999732971191
2005-04-15,42.400001525878906,77.52653503417969,46.05820083618164,17.739999771118164
2005-04-18,42.689998626708984,77.7642593383789,46.02276611328125,16.559999465942383
2005-04-19,43.279998779296875,78.38231658935547,46.46774673461914,14.960000038146973
2005-04-20,43.400001525878906,77.288818359375,46.35143280029297,16.920000076293945
2005-04-21,43.189998626708984,78.7897720336914,45.86604690551758,14.40999984741211
2005-04-22,43.38999938964844,78.49093627929688,46.25032043457031,15.380000114440918
2005-04-25,43.439998626708984,79.0071029663086,46.3868293762207,14.619999885559082
2005-04-26,43.63999938964844,78.2396469116211,46.316062927246094,14.90999984741211
2005-04-27,43.20000076293945,78.5452651977539,46.47785949707031,14.869999885559082
2005-04-28,43.0,77.56050872802734,46.82166290283203,16.860000610351562
2005-04-29,43.349998474121094,78.61322021484375,46.740745544433594,15.3100004196167
2005-05-02,42.880001068115234,79.05464935302734,46.7305908203125,15.119999885559082
2005-05-03,42.7599983215332,79.19049072265625,46.85749435424805,14.529999732971191
2005-05-04,42.900001525878906,79.8017578125,46.44646072387695,13.850000381469727
2005-05-05,42.90999984741211,79.77455139160156,46.55302047729492,13.979999542236328
2005-05-06,42.52000045776367,79.52328491210938,46.20796585083008,14.050000190734863
2005-05-09,42.54999923706055,80.01905059814453,46.253658294677734,13.75
2005-05-10,42.63999938964844,79.19049072265625,46.58346176147461,14.90999984741211
2005-05-11,42.689998626708984,79.6251449584961,46.72557067871094,14.449999809265137
2005-05-12,42.15999984741211,78.74903106689453,46.90821075439453,16.1200008392334
2005-05-13,41.95000076293945,78.59281158447266,47.09095001220703,16.31999969482422
2005-05-16,41.880001068115234,79.32632446289062,47.03508758544922,15.680000305175781
2005-05-17,41.86000061035156,79.85607147216797,47.167030334472656,14.569999694824219
2005-05-18,42.04999923706055,80.67787170410156,47.481689453125,13.630000114440918
2005-05-19,41.97999954223633,81.01747131347656,47.35985565185547,13.319999694824219
2005-05-20,41.650001525878906,80.90199279785156,47.41569137573242,13.140000343322754
2005-05-23,41.619998931884766,81.3502197265625,47.78614044189453,12.949999809265137
2005-05-24,41.72999954223633,81.16004180908203,47.91805648803711,12.6899995803833
2005-05-25,41.869998931884766,81.09894561767578,47.583160400390625,12.579999923706055
2005-05-26,41.689998626708984,81.53360748291016,47.567893981933594,12.239999771118164
2005-05-27,41.880001068115234,81.66940307617188,47.6186408996582,12.149999618530273
2005-05-31,41.650001525878906,81.146484375,48.207279205322266,13.289999961853027
2005-06-01,41.529998779296875,81.83924102783203,48.797607421875,12.359999656677246
2005-06-02,42.099998474121094,82.01579284667969,48.914730072021484,11.84000015258789
2005-06-03,42.16999816894531,81.60152435302734,48.51236343383789,12.149999618530273
2005-06-06,42.47999954223633,81.52682495117188,48.76704025268555,12.279999732971191
2005-06-07,42.380001068115234,81.58794403076172,49.15410232543945,12.390000343322754
2005-06-08,42.34000015258789,81.43849182128906,48.919864654541016,12.699999809265137
2005-06-09,42.27000045776367,81.82563018798828,48.87907028198242,12.079999923706055
2005-06-10,42.619998931884766,81.63549041748047,48.32902526855469,11.960000038146973
2005-06-13,42.779998779296875,81.89356231689453,48.03873825073242,11.649999618530273
2005-06-14,42.599998474121094,82.08372497558594,47.72294616699219,11.789999961853027
2005-06-15,42.7400016784668,82.23989868164062,47.80952453613281,11.460000038146973
2005-06-16,43.459999084472656,82.45049285888672,48.04887390136719,11.149999618530273
2005-06-17,43.630001068115234,82.75594329833984,48.04378890991211,11.479999542236328
2005-06-20,43.65999984741211,82.78327178955078,47.96234130859375,11.470000267028809
2005-06-21,43.810001373291016,82.83099365234375,48.31374740600586,11.079999923706055
2005-06-22,43.720001220703125,82.89917755126953,48.899471282958984,11.050000190734863
2005-06-23,44.02000045776367,81.73311614990234,48.84852600097656,12.130000114440918
2005-06-24,43.900001525878906,81.1330337524414,49.092994689941406,12.180000305175781
2005-06-27,43.90999984741211,81.24897003173828,49.225399017333984,12.520000457763672
2005-06-28,43.45000076293945,81.93087005615234,48.889244079589844,11.579999923706055
2005-06-29,43.630001068115234,81.7126693725586,48.812896728515625,11.770000457763672
2005-06-30,43.439998626708984,81.26941680908203,49.2508659362793,12.039999961853027
2005-07-01,42.70000076293945,81.50808715820312,48.653934478759766,11.399999618530273
2005-07-05,42.279998779296875,82.16271209716797,48.194000244140625,11.680000305175781
2005-07-06,42.25,81.4739990234375,48.459774017333984,12.270000457763672
2005-07-07,42.36000061035156,81.79450988769531,48.561912536621094,12.489999771118164
2005-07-08,42.2599983215332,82.72870635986328,48.36265563964844,11.449999809265137
2005-07-11,42.540000915527344,83.15148162841797,48.36265563964844,11.279999732971191
2005-07-12,42.63999938964844,83.36966705322266,48.091793060302734,10.949999809265137
2005-07-13,42.349998474121094,83.4856185913086,48.020233154296875,10.84000015258789
2005-07-14,41.900001525878906,83.81294250488281,47.89752960205078,10.8100004196167
2005-07-15,42.04999923706055,83.76519012451172,48.02533721923828,10.329999923706055
2005-07-18,42.0099983215332,83.43104553222656,47.667564392089844,10.770000457763672
2005-07-19,41.88999938964844,83.887939453125,47.83626174926758,10.449999809265137
2005-07-20,42.20000076293945,84.1743392944336,48.09686279296875,10.229999542236328
2005-07-21,42.459999084472656,83.68335723876953,47.442726135253906,10.970000267028809
2005-07-22,42.45000076293945,84.24250793457031,47.810699462890625,10.520000457763672
2005-07-25,42.5099983215332,84.00383758544922,47.63688659667969,11.100000381469727
2005-07-26,42.25,84.10614776611328,47.713600158691406,10.989999771118164
2005-07-27,42.439998626708984,84.41297912597656,47.63688659667969,10.359999656677246
2005-07-28,42.75,84.94490051269531,48.061126708984375,10.520000457763672
2005-07-29,42.81999969482422,84.37889862060547,47.585838317871094,11.569999694824219
2005-08-01,43.130001068115234,84.31749725341797,47.40886688232422,12.079999923706055
2005-08-02,43.13999938964844,84.82215118408203,47.25494384765625,11.75
2005-08-03,43.529998779296875,85.04719543457031,47.48575210571289,11.829999923706055
2005-08-04,43.68000030517578,84.36527252197266,47.388309478759766,12.520000457763672
2005-08-05,43.599998474121094,83.79248046875,47.01900863647461,12.479999542236328
2005-08-08,43.349998474121094,83.6355972290039,46.9317626953125,13.210000038146973
2005-08-09,43.34000015258789,84.14025115966797,47.10618209838867,12.399999618530273
2005-08-10,43.650001525878906,84.09930419921875,47.0549201965332,12.380000114440918
2005-08-11,44.45000076293945,84.43345642089844,47.383182525634766,12.420000076293945
2005-08-12,44.4900016784668,83.91521453857422,47.86537551879883,12.739999771118164
2005-08-15,44.130001068115234,84.43345642089844,47.742286682128906,12.260000228881836
2005-08-16,44.54999923706055,83.3355712890625,48.0756721496582,13.520000457763672
2005-08-17,43.90999984741211,83.32876586914062,47.75767517089844,13.300000190734863
2005-08-18,43.83000183105469,83.3219223022461,48.11161422729492,13.420000076293945
2005-08-19,43.599998474121094,83.51287078857422,48.106475830078125,13.420000076293945
2005-08-22,43.70000076293945,83.51287078857422,48.055179595947266,13.420000076293945
2005-08-23,43.7599983215332,83.35603332519531,48.2757453918457,13.34000015258789
2005-08-24,43.59000015258789,82.6127700805664,48.32194900512695,14.170000076293945
2005-08-25,43.72999954223633,82.91283416748047,48.475807189941406,13.729999542236328
2005-08-26,43.61000061035156,82.3468246459961,48.46040725708008,13.720000267028809
2005-08-29,43.56999969482422,82.98099517822266,48.52198791503906,13.520000457763672
2005-08-30,43.0099983215332,82.54456329345703,48.82979965209961,13.649999618530273
2005-08-31,43.400001525878906,83.58789825439453,49.240150451660156,12.600000381469727
2005-09-01,44.220001220703125,83.52651977539062,48.94362258911133,13.149999618530273
2005-09-02,44.25,83.37651824951172,48.98481750488281,13.569999694824219
2005-09-06,44.27000045776367,84.35163116455078,48.63995361328125,12.930000305175781
2005-09-07,44.33000183105469,84.49484252929688,48.18182373046875,12.520000457763672
2005-09-08,44.599998474121094,84.21524047851562,48.2332763671875,12.930000305175781
2005-09-09,44.84000015258789,84.96534729003906,48.38771057128906,11.979999542236328
2005-09-12,44.88999938964844,84.79486083984375,48.0531120300293,11.649999618530273
2005-09-13,44.560001373291016,84.3243637084961,48.30534362792969,12.390000343322754
2005-09-14,44.959999084472656,84.01749420166016,48.120025634765625,12.90999984741211
2005-09-15,45.41999816894531,83.9765853881836,47.723670959472656,12.489999771118164
2005-09-16,45.81999969482422,84.57373046875,47.409671783447266,11.220000267028809
2005-09-19,46.25,84.29295349121094,47.51260757446289,12.140000343322754
2005-09-20,46.22999954223633,83.5807876586914,47.636146545410156,12.640000343322754
2005-09-21,47.060001373291016,82.80010223388672,48.078819274902344,13.789999961853027
2005-09-22,46.36000061035156,83.09455871582031,48.032501220703125,13.329999923706055
2005-09-23,46.279998779296875,83.16304016113281,47.672183990478516,12.960000038146973
2005-09-26,46.56999969482422,83.25890350341797,47.45595932006836,13.039999961853027
2005-09-27,46.25,83.23838806152344,47.52292251586914,12.760000228881836
2005-09-28,46.79999923706055,83.3205337524414,47.84206008911133,12.630000114440918
2005-09-29,47.099998474121094,83.99847412109375,47.6258544921875,12.239999771118164
2005-09-30,46.70000076293945,84.25869750976562,47.46113586425781,11.920000076293945
2005-10-03,46.41999816894531,83.9573974609375,47.09008026123047,12.460000038146973
2005-10-04,46.45000076293945,83.01235961914062,47.245079040527344,13.199999809265137
2005-10-05,46.36000061035156,81.92350006103516,47.45179748535156,14.550000190734863
2005-10-06,47.209999084472656,81.62905883789062,47.27095031738281,14.960000038146973
2005-10-07,47.36000061035156,81.90984344482422,47.46216583251953,14.59000015258789
2005-10-10,47.369998931884766,81.21818542480469,47.4311408996582,15.550000190734863
2005-10-11,47.38999938964844,81.10176086425781,47.3329963684082,15.630000114440918
2005-10-12,46.849998474121094,80.46490478515625,46.872989654541016,16.219999313354492
2005-10-13,47.02000045776367,80.41693878173828,46.70248794555664,16.469999313354492
2005-10-14,46.79999923706055,81.26609802246094,46.630126953125,14.869999885559082
2005-10-17,47.2599983215332,81.56743621826172,46.61981964111328,14.670000076293945
2005-10-18,47.0,80.68400573730469,46.67148208618164,15.329999923706055
2005-10-19,46.34000015258789,82.02623748779297,46.692134857177734,13.5
2005-10-20,45.97999954223633,80.5813217163086,46.816184997558594,16.110000610351562
2005-10-21,46.52000045776367,80.89630889892578,47.25027084350586,16.1299991607666
2005-10-24,46.38999938964844,82.1495132446289,46.883338928222656,14.739999771118164
2005-10-25,47.060001373291016,81.98516082763672,46.480262756347656,14.529999732971191
2005-10-26,46.93000030517578,81.7454605102539,46.13916778564453,14.59000015258789
2005-10-27,47.18000030517578,80.87577819824219,46.304534912109375,16.020000457763672
2005-10-28,47.220001220703125,82.0399169921875,46.30972671508789,14.25
2005-10-31,46.400001525878906,82.26594543457031,46.39759826660156,15.319999694824219
2005-11-01,45.72999954223633,82.51246643066406,46.34409713745117,14.850000381469727
2005-11-02,46.130001068115234,83.37532043457031,46.12608337402344,13.479999542236328
2005-11-03,45.959999084472656,83.73143005371094,45.81462860107422,13.0
2005-11-04,45.5099983215332,83.62184143066406,45.74200439453125,13.170000076293945
2005-11-07,45.77000045776367,83.70401763916016,45.89765930175781,13.100000381469727
2005-11-08,45.90999984741211,83.70401763916016,46.34409713745117,13.079999923706055
2005-11-09,46.560001373291016,83.81359100341797,45.86660385131836,12.800000190734863
2005-11-10,46.47999954223633,84.46417999267578,46.42713165283203,11.899999618530273
2005-11-11,46.79999923706055,84.75178527832031,46.45311737060547,11.630000114440918
2005-11-14,46.619998931884766,84.703857421875,46.10536575317383,12.180000305175781
2005-11-15,46.65999984741211,84.39567565917969,46.4063835144043,12.229999542236328
2005-11-16,47.779998779296875,84.5668716430664,46.894351959228516,12.260000228881836
2005-11-17,48.47999954223633,85.35442352294922,47.008567810058594,11.25
2005-11-18,48.459999084472656,85.68998718261719,46.79055404663086,11.119999885559082
2005-11-21,48.9900016784668,86.12139129638672,46.93070602416992,10.819999694824219
2005-11-22,49.31999969482422,86.49119567871094,46.99297332763672,10.600000381469727
2005-11-23,49.150001525878906,86.9911117553711,46.811283111572266,10.960000038146973
2005-11-25,49.41999816894531,87.0595703125,46.98259735107422,10.880000114440918
2005-11-28,49.7400016784668,86.4432373046875,47.21614074707031,11.84000015258789
2005-11-29,49.79999923706055,86.3473892211914,46.769718170166016,11.890000343322754
2005-11-30,49.099998474121094,85.8816909790039,46.71783447265625,12.0600004196167
2005-12-01,50.16999816894531,86.7582778930664,46.64483642578125,11.239999771118164
2005-12-02,50.31999969482422,86.86781311035156,46.66050338745117,11.010000228881836
2005-12-05,50.779998779296875,86.68292999267578,46.451942443847656,11.600000381469727
2005-12-06,50.88999938964844,86.84728240966797,46.926361083984375,11.520000457763672
2005-12-07,51.31999969482422,86.34053802490234,46.74912643432617,12.180000305175781
2005-12-08,51.900001525878906,86.28573608398438,47.0515022277832,12.210000038146973
2005-12-09,52.400001525878906,86.5117416381836,46.681365966796875,11.6899995803833
2005-12-12,52.560001373291016,86.59392547607422,46.59271240234375,11.470000267028809
2005-12-13,51.650001525878906,87.1828384399414,46.76477813720703,11.109999656677246
2005-12-14,50.349998474121094,87.52523803710938,47.24442672729492,10.479999542236328
2005-12-15,50.2400016784668,87.2718734741211,47.12971878051758,10.729999542236328
2005-12-16,50.09000015258789,86.9909896850586,47.286102294921875,10.680000305175781
2005-12-19,50.220001220703125,86.54351806640625,47.33308029174805,11.380000114440918
2005-12-20,49.040000915527344,86.6260986328125,47.27566146850586,11.1899995803833
2005-12-21,49.369998931884766,86.7637939453125,47.19227981567383,10.8100004196167
2005-12-22,50.13999938964844,87.21818542480469,47.56763458251953,10.289999961853027
2005-12-23,50.119998931884766,87.26639556884766,47.85960006713867,10.270000457763672
2005-12-27,50.63999938964844,86.37828063964844,48.25062942504883,11.569999694824219
2005-12-28,51.470001220703125,86.5710678100586,48.11606979370117,11.350000381469727
2005-12-29,51.470001220703125,86.18553161621094,48.220733642578125,11.609999656677246
2005-12-30,51.58000183105469,85.71735382080078,48.11084747314453,12.069999694824219
2006-01-03,53.119998931884766,87.22504425048828,48.047996520996094,11.140000343322754
2006-01-04,53.29999923706055,87.63809967041016,48.16315841674805,11.369999885559082
2006-01-05,52.34000015258789,87.69320678710938,48.1055908203125,11.3100004196167
2006-01-06,53.720001220703125,88.4229507446289,48.0166130065918,11.0
2006-01-09,54.599998474121094,88.6501235961914,48.047996520996094,11.130000114440918
2006-01-10,54.060001373291016,88.73961639404297,47.660621643066406,10.859999656677246
2006-01-11,54.529998779296875,89.02188110351562,47.582054138183594,10.9399995803833
2006-01-12,54.43000030517578,88.67076110839844,47.901424407958984,11.199999809265137
2006-01-13,55.439998626708984,88.58815002441406,48.17890930175781,11.229999542236328
2006-01-17,55.2599983215332,88.34719848632812,48.39350128173828,11.90999984741211
2006-01-18,54.06999969482422,87.99612426757812,48.37782287597656,12.25
2006-01-19,55.59000015258789,88.33344268798828,48.23646926879883,11.979999542236328
2006-01-20,55.20000076293945,86.7225112915039,48.36211013793945,14.5600004196167
2006-01-23,55.77000045776367,87.03227233886719,48.346435546875,13.930000305175781
2006-01-24,55.72999954223633,87.12181091308594,48.11084747314453,13.3100004196167
2006-01-25,56.13999938964844,87.1975326538086,47.58732223510742,12.869999885559082
2006-01-26,55.880001068115234,87.67945098876953,47.38315963745117,12.420000076293945
2006-01-27,55.630001068115234,88.49176025390625,47.38315963745117,11.970000267028809
2006-01-30,56.68000030517578,88.4229507446289,47.336021423339844,12.390000343322754
2006-01-31,56.70000076293945,87.77581787109375,47.466915130615234,12.949999809265137
2006-02-01,56.70000076293945,88.38853454589844,47.30455017089844,12.359999656677246
2006-02-02,56.97999954223633,87.3627700805664,47.39388656616211,13.229999542236328
2006-02-03,56.5,86.92903900146484,47.73011779785156,12.960000038146973
2006-02-06,56.720001220703125,87.15620422363281,47.824668884277344,13.039999961853027
2006-02-07,54.599998474121094,86.38518524169922,47.59878921508789,13.59000015258789
2006-02-08,54.83000183105469,87.16998291015625,47.48845291137695,12.829999923706055
2006-02-09,56.18000030517578,87.02540588378906,47.703853607177734,13.119999885559082
2006-02-10,54.790000915527344,87.18374633789062,47.4411735534668,12.869999885559082
2006-02-13,53.720001220703125,87.02540588378906,47.44645309448242,13.350000381469727
2006-02-14,54.4900016784668,87.94792175292969,47.27830505371094,12.25
2006-02-15,53.7599983215332,88.25770568847656,47.39388656616211,12.3100004196167
2006-02-16,54.52000045776367,88.91862487792969,47.40438461303711,11.479999542236328
2006-02-17,54.959999084472656,88.67765808105469,47.78263473510742,12.010000228881836
2006-02-21,55.119998931884766,88.45735168457031,47.703853607177734,12.40999984741211
2006-02-22,55.34000015258789,88.99432373046875,48.02957534790039,11.880000114440918
2006-02-23,54.63999938964844,88.86353302001953,47.90876388549805,11.869999885559082
2006-02-24,55.63999938964844,89.09073638916016,47.83518600463867,11.460000038146973
2006-02-27,55.220001220703125,89.12515258789062,47.75638198852539,11.59000015258789
2006-02-28,56.06999969482422,88.27835845947266,47.99281311035156,12.34000015258789
2006-03-01,56.099998474121094,89.06314849853516,47.70283508300781,11.539999961853027
2006-03-02,56.7400016784668,89.0562744140625,47.37065505981445,11.720000267028809
2006-03-03,56.279998779296875,88.64321899414062,47.0965576171875,11.960000038146973
2006-03-06,55.22999954223633,88.2370376586914,46.68532180786133,12.739999771118164
2006-03-07,54.95000076293945,88.09937286376953,46.71693801879883,12.65999984741211
2006-03-08,53.970001220703125,88.28523254394531,46.701114654541016,12.319999694824219
2006-03-09,54.2400016784668,87.69320678710938,46.71693801879883,12.680000305175781
2006-03-10,53.83000183105469,88.52619934082031,46.54292678833008,11.850000381469727
2006-03-13,54.310001373291016,88.69141387939453,46.50606918334961,11.369999885559082
2006-03-14,54.869998931884766,89.6208267211914,46.81711959838867,10.739999771118164
2006-03-15,55.119998931884766,90.02013397216797,46.56402587890625,11.350000381469727
2006-03-16,55.34000015258789,90.2060317993164,46.98583984375,11.979999542236328
2006-03-17,55.119998931884766,90.2813491821289,46.84348678588867,12.119999885559082
2006-03-20,55.16999816894531,90.13617706298828,46.91727066040039,11.789999961853027
2006-03-21,54.83000183105469,89.56944274902344,46.674739837646484,11.619999885559082
2006-03-22,54.75,90.11544036865234,46.774940490722656,11.210000038146973
2006-03-23,54.70000076293945,89.92884826660156,46.62732696533203,11.170000076293945
2006-03-24,55.709999084472656,89.9979476928711,46.970001220703125,11.1899995803833
2006-03-27,56.38999938964844,89.86658477783203,46.796043395996094,11.460000038146973
2006-03-28,56.060001373291016,89.31371307373047,46.3584098815918,11.579999923706055
2006-03-29,57.06999969482422,89.87353515625,46.137020111083984,10.949999809265137
2006-03-30,58.599998474121094,89.71456146240234,45.815372467041016,11.569999694824219
2006-03-31,58.099998474121094,89.73526763916016,45.799564361572266,11.390000343322754
2006-04-03,58.470001220703125,89.66617584228516,45.81438446044922,11.569999694824219
2006-04-04,58.33000183105469,90.23985290527344,45.76677322387695,11.140000343322754
2006-04-05,58.65999984741211,90.55089569091797,45.830257415771484,11.130000114440918
2006-04-06,59.279998779296875,90.45408630371094,45.48100280761719,11.449999809265137
2006-04-07,58.59000015258789,89.53484344482422,45.03644943237305,12.260000228881836
2006-04-10,59.599998474121094,89.67311096191406,45.12114334106445,12.1899995803833
2006-04-11,59.0099983215332,88.91279602050781,45.279884338378906,13.0
2006-04-12,59.43000030517578,89.07867431640625,45.00469970703125,12.760000228881836
2006-04-13,59.5,88.96121215820312,44.68714141845703,12.380000114440918
2006-04-17,61.09000015258789,88.9266357421875,44.85122299194336,12.579999923706055
2006-04-18,61.849998474121094,90.33663940429688,44.930580139160156,11.399999618530273
2006-04-19,63.75,90.50941467285156,44.65541458129883,11.319999694824219
2006-04-20,60.959999084472656,90.63379669189453,44.61835861206055,11.640000343322754
2006-04-21,63.20000076293945,90.64765167236328,44.8776741027832,11.59000015258789
2006-04-24,61.650001525878906,90.4817886352539,45.05762481689453,11.75
2006-04-25,62.779998779296875,90.10853576660156,44.523109436035156,11.75
2006-04-26,63.650001525878906,90.12925720214844,44.449012756347656,11.760000228881836
2006-04-27,62.959999084472656,90.5647201538086,44.50724792480469,11.84000015258789
2006-04-28,65.08999633789062,90.86882781982422,44.538970947265625,11.59000015258789
2006-05-01,65.16000366210938,90.12925720214844,44.204254150390625,12.539999961853027
2006-05-02,66.55000305175781,90.8066177368164,44.32114791870117,11.989999771118164
2006-05-03,66.45999908447266,90.46794891357422,44.22550582885742,11.989999771118164
2006-05-04,67.4800033569336,90.79281616210938,44.15116500854492,11.859999656677246
2006-05-05,67.98999786376953,91.59453582763672,44.416786193847656,11.619999885559082
2006-05-08,67.55999755859375,91.48396301269531,44.44339370727539,12.0
2006-05-09,69.68000030517578,91.66368865966797,44.416786193847656,11.989999771118164
2006-05-10,70.37999725341797,91.61530303955078,44.4964714050293,11.779999732971191
2006-05-11,71.02999877929688,90.50941467285156,44.2786750793457,12.489999771118164
2006-05-12,71.12000274658203,89.32749938964844,43.91203689575195,14.1899995803833
2006-05-15,67.41000366210938,89.50724029541016,44.08734893798828,13.569999694824219
2006-05-16,68.61000061035156,89.37590026855469,44.416786193847656,13.350000381469727
2006-05-17,68.1500015258789,87.67557525634766,44.1404914855957,16.260000228881836
2006-05-18,67.45999908447266,87.2332534790039,44.74087905883789,16.989999771118164
2006-05-19,65.58000183105469,87.848388671875,44.85774612426758,17.18000030517578
2006-05-22,65.30000305175781,87.17790985107422,44.95338821411133,17.719999313354492
2006-05-23,66.37999725341797,86.51441955566406,44.926822662353516,18.260000228881836
2006-05-24,64.05999755859375,87.20559692382812,44.948055267333984,17.360000610351562
2006-05-25,64.69999694824219,88.28384399414062,44.77273941040039,15.5
2006-05-26,65.0999984741211,88.73311614990234,44.74087905883789,14.260000228881836
2006-05-30,65.11000061035156,87.1572265625,44.71961975097656,18.65999984741211
2006-05-31,64.2300033569336,88.13179779052734,44.45396041870117,16.440000534057617
2006-06-01,62.560001373291016,88.97500610351562,44.65241241455078,14.520000457763672
2006-06-02,63.5,89.16162109375,45.22850799560547,14.319999694824219
2006-06-05,63.290000915527344,87.8622055053711,45.169795989990234,16.649999618530273
2006-06-06,62.54999923706055,87.64795684814453,45.3831901550293,17.34000015258789
2006-06-07,62.279998779296875,86.99132537841797,45.393836975097656,17.799999237060547
2006-06-08,60.90999984741211,86.91532135009766,45.484527587890625,18.350000381469727
2006-06-09,60.45000076293945,86.63883972167969,45.724571228027344,18.1200008392334
2006-06-12,60.029998779296875,85.6988296508789,45.76191329956055,20.959999084472656
2006-06-13,55.91999816894531,84.70355224609375,45.79388427734375,23.809999465942383
2006-06-14,55.619998931884766,85.36015319824219,45.33517074584961,21.459999084472656
2006-06-15,57.31999969482422,87.1710433959961,45.07383728027344,15.899999618530273
2006-06-16,57.68000030517578,86.53579711914062,44.97244644165039,17.25
2006-06-19,56.36000061035156,85.85546875,44.90846252441406,17.829999923706055
2006-06-20,57.29999923706055,86.14704132080078,44.833778381347656,16.690000534057617
2006-06-21,58.33000183105469,86.7857437133789,44.84440612792969,15.520000457763672
2006-06-22,57.72999954223633,86.40392303466797,44.588340759277344,15.880000114440918
2006-06-23,57.9900016784668,86.39002227783203,44.497718811035156,15.890000343322754
2006-06-26,58.279998779296875,86.77188110351562,44.41233444213867,15.619999885559082
2006-06-27,57.68000030517578,86.0220947265625,44.631038665771484,16.399999618530273
2006-06-28,57.540000915527344,86.60527038574219,44.39636993408203,15.789999961853027
2006-06-29,59.52000045776367,88.3547134399414,44.54569625854492,13.029999732971191
2006-06-30,61.22999954223633,88.36164855957031,44.977787017822266,13.079999923706055
2006-07-03,62.18000030517578,88.72265625,44.933349609375,13.050000190734863
2006-07-05,62.5,88.21583557128906,44.57455062866211,14.149999618530273
2006-07-06,63.02000045776367,88.47272491455078,44.84765625,13.649999618530273
2006-07-07,62.630001068115234,87.89653015136719,45.13680648803711,13.970000267028809
2006-07-10,62.02000045776367,88.06311798095703,45.17965316772461,14.020000457763672
2006-07-11,63.810001373291016,88.451904296875,45.324275970458984,13.140000343322754
2006-07-12,64.91999816894531,87.50772857666016,45.3349494934082,14.489999771118164
2006-07-13,65.55000305175781,86.08454895019531,45.511661529541016,17.790000915527344
2006-07-14,65.8499984741211,85.75132751464844,45.53842544555664,18.049999237060547
2006-07-17,63.95000076293945,85.62637329101562,45.608055114746094,18.639999389648438
2006-07-18,62.900001525878906,86.063720703125,45.217132568359375,17.739999771118164
2006-07-19,64.02999877929688,87.2577896118164,45.64558792114258,15.550000190734863
2006-07-20,62.540000915527344,86.6607666015625,45.779422760009766,16.209999084472656
2006-07-21,61.709999084472656,86.04985809326172,45.6937370300293,17.399999618530273
2006-07-24,61.13999938964844,87.61883544921875,45.666969299316406,14.979999542236328
2006-07-25,61.54999923706055,87.93122100830078,45.53310012817383,14.850000381469727
2006-07-26,62.0,88.04920959472656,45.69908142089844,14.619999885559082
2006-07-27,62.900001525878906,87.9659194946289,45.62949752807617,14.9399995803833
2006-07-28,63.11000061035156,88.84760284423828,45.891902923583984,14.329999923706055
2006-07-31,63.15999984741211,88.7573471069336,45.95076370239258,14.949999809265137
2006-08-01,64.31999969482422,88.31998443603516,45.946468353271484,15.050000190734863
2006-08-02,64.75,88.91704559326172,46.118526458740234,14.34000015258789
2006-08-03,64.12000274658203,89.15303802490234,46.12929153442383,14.460000038146973
2006-08-04,64.27999877929688,89.00030517578125,46.40886306762695,14.34000015258789
2006-08-07,64.5,88.79205322265625,46.43572235107422,15.229999542236328
2006-08-08,63.970001220703125,88.451904296875,46.33355712890625,15.229999542236328
2006-08-09,64.62999725341797,88.15336608886719,46.183013916015625,15.199999809265137
2006-08-10,63.25,88.42410278320312,46.1131706237793,14.460000038146973
2006-08-11,62.709999084472656,88.1742172241211,45.91423034667969,14.300000190734863
2006-08-14,62.25,88.24365997314453,45.83358383178711,14.260000228881836
2006-08-15,62.0099983215332,89.2988510131836,46.22068405151367,13.420000076293945
2006-08-16,62.4900016784668,90.04167175292969,46.532527923583984,12.40999984741211
2006-08-17,61.029998779296875,90.27079772949219,46.5163459777832,12.239999771118164
2006-08-18,61.040000915527344,90.72897338867188,46.65079879760742,11.640000343322754
2006-08-21,62.439998626708984,90.34019470214844,46.81745529174805,12.220000267028809
2006-08-22,62.04999923706055,90.33326721191406,46.833560943603516,12.1899995803833
2006-08-23,61.83000183105469,90.08333587646484,46.855098724365234,12.399999618530273
2006-08-24,61.75,90.0069808959961,46.94112014770508,12.399999618530273
2006-08-25,61.77000045776367,90.1180191040039,47.0109748840332,12.3100004196167
2006-08-28,61.0,90.54847717285156,47.05400466918945,12.180000305175781
2006-08-29,60.939998626708984,90.65258026123047,47.11852264404297,12.279999732971191
2006-08-30,61.41999816894531,90.70816802978516,47.24217987060547,12.220000267028809
2006-08-31,62.290000915527344,90.69427490234375,47.35508728027344,12.3100004196167
2006-09-01,62.13999938964844,91.23576354980469,47.37128448486328,11.960000038146973
2006-09-05,63.36000061035156,91.40931701660156,47.07438278198242,12.630000114440918
2006-09-06,62.86000061035156,90.6039810180664,47.0096435546875,13.739999771118164
2006-09-07,61.25,90.18746948242188,47.101383209228516,13.880000114440918
2006-09-08,60.63999938964844,90.44435119628906,47.13916778564453,13.15999984741211
2006-09-11,58.5,90.53461456298828,47.09599685668945,12.989999771118164
2006-09-12,58.31999969482422,91.4231948852539,47.33350372314453,11.920000076293945
2006-09-13,58.619998931884766,91.7911605834961,47.355072021484375,11.180000305175781
2006-09-14,57.189998626708984,91.7981185913086,47.24714660644531,11.550000190734863
2006-09-15,57.400001525878906,92.0135269165039,47.2093391418457,11.760000228881836
2006-09-18,58.22999954223633,92.13904571533203,47.133766174316406,11.779999732971191
2006-09-19,56.91999816894531,91.9089126586914,47.66273880004883,11.979999542236328
2006-09-20,57.2599983215332,92.39704132080078,47.73291015625,11.390000343322754
2006-09-21,57.95000076293945,91.9507827758789,48.170169830322266,12.25
2006-09-22,58.5,91.67184448242188,48.40766143798828,12.59000015258789
2006-09-25,58.5,92.37613677978516,48.74773406982422,12.119999885559082
2006-09-26,58.7400016784668,93.14315795898438,48.54262924194336,11.529999732971191
2006-09-27,59.810001373291016,93.25469970703125,48.40226364135742,11.579999923706055
2006-09-28,59.790000915527344,93.21983337402344,48.321311950683594,11.720000267028809
2006-09-29,59.470001220703125,93.14315795898438,48.26191711425781,11.979999542236328
2006-10-02,59.150001525878906,92.79450988769531,48.39418029785156,12.569999694824219
2006-10-03,57.11000061035156,92.98976135253906,48.329132080078125,12.239999771118164
2006-10-04,56.369998931884766,94.07747650146484,48.681392669677734,11.859999656677246
2006-10-05,56.91999816894531,94.2587890625,48.3399543762207,11.979999542236328
2006-10-06,56.9900016784668,94.14025115966797,47.83592987060547,11.5600004196167
2006-10-09,57.20000076293945,94.196044921875,47.96603775024414,11.680000305175781
2006-10-10,57.0,94.32157135009766,47.58671188354492,11.520000457763672
2006-10-11,56.880001068115234,94.21001434326172,47.4457893371582,11.619999885559082
2006-10-12,57.4900016784668,95.02581787109375,47.47288513183594,11.09000015258789
2006-10-13,58.56999969482422,95.26985168457031,47.234397888183594,10.75
2006-10-16,59.16999816894531,95.41629028320312,47.4457893371582,11.09000015258789
2006-10-17,58.650001525878906,95.116455078125,47.483699798583984,11.729999542236328
2006-10-18,58.59000015258789,95.24198150634766,47.58127975463867,11.34000015258789
2006-10-19,59.40999984741211,95.3954086303711,47.49454116821289,10.899999618530273
2006-10-20,58.779998779296875,95.41629028320312,47.4457893371582,10.630000114440918
2006-10-23,57.7599983215332,95.8555679321289,47.25608444213867,11.079999923706055
2006-10-24,58.16999816894531,96.1414566040039,47.25608444213867,10.779999732971191
2006-10-25,58.7599983215332,96.46919250488281,47.630035400390625,10.65999984741211
2006-10-26,59.290000915527344,96.76899719238281,47.93889236450195,10.5600004196167
2006-10-27,59.400001525878906,96.16239929199219,48.161136627197266,10.800000190734863
2006-10-30,59.900001525878906,96.09266662597656,48.296592712402344,11.199999809265137
2006-10-31,60.2400016784668,96.07869720458984,48.670536041259766,11.100000381469727
2006-11-01,61.36000061035156,95.43022155761719,48.939823150634766,11.510000228881836
2006-11-02,61.91999816894531,95.37442779541016,48.73853302001953,11.420000076293945
2006-11-03,62.29999923706055,95.20707702636719,48.16188049316406,11.15999984741211
2006-11-06,61.88999938964844,96.28093719482422,48.3033332824707,11.15999984741211
2006-11-07,62.040000915527344,96.65048217773438,48.5263671875,11.09000015258789
2006-11-08,61.11000061035156,96.85968017578125,48.70048141479492,10.75
2006-11-09,62.95000076293945,96.35063171386719,48.67324447631836,11.010000228881836
2006-11-10,62.4900016784668,96.39247131347656,48.88540267944336,10.789999961853027
2006-11-13,62.189998626708984,96.62955474853516,48.87455368041992,10.859999656677246
2006-11-14,61.630001068115234,97.354736328125,49.06496810913086,10.5
2006-11-15,61.84000015258789,97.63365173339844,48.879940032958984,10.3100004196167
2006-11-16,61.310001373291016,97.88468933105469,48.656917572021484,10.15999984741211
2006-11-17,61.779998779296875,97.91259002685547,48.934391021728516,10.050000190734863
2006-11-20,61.77000045776367,97.9683609008789,49.010498046875,9.970000267028809
2006-11-21,62.27000045776367,98.06597137451172,49.130245208740234,9.899999618530273
2006-11-22,62.5,98.26119995117188,49.21183776855469,10.140000343322754
2006-11-24,63.5,97.8637466430664,49.29886245727539,10.729999542236328
2006-11-27,63.70000076293945,96.51800537109375,49.478397369384766,12.300000190734863
2006-11-28,63.56999969482422,96.93635559082031,49.58172607421875,11.619999885559082
2006-11-29,63.15999984741211,97.9474105834961,49.46752166748047,10.829999923706055
2006-11-30,64.38999938964844,97.98924255371094,49.793922424316406,10.90999984741211
2006-12-01,64.12000274658203,97.77314758300781,49.920616149902344,11.65999984741211
2006-12-04,64.12000274658203,98.51920318603516,50.007991790771484,11.229999542236328
2006-12-05,63.810001373291016,98.94451141357422,49.77320861816406,11.270000457763672
2006-12-06,62.689998626708984,98.86088562011719,49.67485046386719,11.329999923706055
2006-12-07,62.72999954223633,98.42853546142578,49.636653900146484,12.670000076293945
2006-12-08,62.04999923706055,98.60987091064453,49.27626037597656,12.069999694824219
2006-12-11,62.56999969482422,98.8957290649414,49.4892463684082,10.710000038146973
2006-12-12,62.52000045776367,98.81901550292969,49.592994689941406,10.649999618530273
2006-12-13,62.47999954223633,98.92362976074219,49.150657653808594,10.180000305175781
2006-12-14,62.119998931884766,99.79524230957031,48.970497131347656,9.970000267028809
2006-12-15,61.0,99.80432891845703,48.9978141784668,10.050000190734863
2006-12-18,61.040000915527344,99.53087615966797,49.014156341552734,10.600000381469727
2006-12-19,61.79999923706055,99.72018432617188,48.94858169555664,10.300000190734863
2006-12-20,61.619998931884766,99.66411590576172,48.94319534301758,10.260000228881836
2006-12-21,61.380001068115234,99.29949188232422,49.18891143798828,10.529999732971191
2006-12-22,61.650001525878906,98.68949127197266,48.812129974365234,11.359999656677246
2006-12-26,61.97999954223633,99.27145385742188,48.959556579589844,11.260000228881836
2006-12-27,62.220001220703125,99.9235610961914,48.59956359863281,10.640000343322754
2006-12-28,62.900001525878906,99.71318817138672,48.4900016784668,10.989999771118164
2006-12-29,63.209999084472656,99.29949188232422,48.4516487121582,11.5600004196167
2007-01-03,62.279998779296875,99.12418365478516,48.79682922363281,12.039999961853027
2007-01-04,61.650001525878906,99.33454895019531,49.092689514160156,11.510000228881836
2007-01-05,60.16999816894531,98.5422592163086,48.87900161743164,12.140000343322754
2007-01-08,60.47999954223633,98.99799346923828,48.96669387817383,12.0
2007-01-09,60.849998474121094,98.91387939453125,48.96669387817383,11.90999984741211
2007-01-10,60.59000015258789,99.24337005615234,48.74746322631836,11.470000267028809
2007-01-11,60.630001068115234,99.67811584472656,48.46263122558594,10.869999885559082
2007-01-12,62.16999816894531,100.43539428710938,48.23792266845703,10.149999618530273
2007-01-16,61.970001220703125,100.23907470703125,48.34208679199219,10.739999771118164
2007-01-17,62.63999938964844,100.2811050415039,48.19411849975586,10.59000015258789
2007-01-18,62.2599983215332,99.94458770751953,48.34208679199219,10.850000381469727
2007-01-19,63.0,100.14094543457031,48.21054458618164,10.399999618530273
2007-01-22,62.720001220703125,99.83241271972656,48.32560348510742,10.770000457763672
2007-01-23,64.2300033569336,100.12687683105469,48.00784683227539,10.34000015258789
2007-01-24,64.33000183105469,100.93321990966797,48.00235366821289,9.890000343322754
2007-01-25,64.05999755859375,99.74822235107422,47.657169342041016,11.220000267028809
2007-01-26,64.16999816894531,99.65709686279297,47.61880111694336,11.130000114440918
2007-01-29,63.77000045776367,99.60101318359375,47.51469802856445,11.449999809265137
2007-01-30,64.22000122070312,100.11988067626953,47.569480895996094,10.960000038146973
2007-01-31,64.83000183105469,100.79296112060547,47.96949768066406,10.420000076293945
2007-02-01,65.22000122070312,101.39598846435547,47.9117317199707,10.3100004196167
2007-02-02,64.27999877929688,101.53620147705078,47.97220993041992,10.079999923706055
2007-02-05,64.30999755859375,101.56429290771484,48.03823471069336,10.550000190734863
2007-02-06,64.79000091552734,101.59232330322266,48.30235290527344,10.649999618530273
2007-02-07,64.62999725341797,101.81672668457031,48.44534683227539,10.319999694824219
2007-02-08,65.5199966430664,101.68346405029297,48.483848571777344,10.4399995803833
2007-02-09,66.12000274658203,100.92623138427734,48.208797454833984,11.100000381469727
2007-02-12,65.66999816894531,100.5826644897461,48.09876251220703,11.609999656677246
2007-02-13,65.83999633789062,101.43106079101562,47.99421310424805,10.34000015258789
2007-02-14,66.37000274658203,102.09715270996094,48.45085525512695,10.229999542236328
2007-02-15,66.41000366210938,102.23038482666016,48.5938720703125,10.220000267028809
2007-02-16,66.36000061035156,102.18134307861328,48.76445007324219,10.020000457763672
2007-02-20,65.30999755859375,102.39867401123047,48.87445831298828,10.239999771118164
2007-02-21,67.3499984741211,102.35655975341797,48.79191970825195,10.199999809265137
2007-02-22,67.1500015258789,102.27947235107422,48.52788543701172,10.180000305175781
2007-02-23,67.72000122070312,101.87981414794922,48.87445831298828,10.579999923706055
2007-02-26,68.0999984741211,101.78864288330078,49.19905090332031,11.149999618530273
2007-02-27,65.41000366210938,97.81300354003906,49.82071304321289,18.309999465942383
2007-02-28,66.4800033569336,98.81571197509766,49.59516525268555,15.420000076293945
2007-03-01,65.81999969482422,98.5212173461914,49.56363296508789,15.819999694824219
2007-03-02,63.709999084472656,97.23100280761719,49.812191009521484,18.610000610351562
2007-03-05,62.93000030517578,96.30552673339844,49.89502716064453,19.6299991607666
2007-03-06,64.1500015258789,97.9532470703125,49.745887756347656,15.960000038146973
2007-03-07,64.30000305175781,97.8551254272461,49.939205169677734,15.239999771118164
2007-03-08,64.4800033569336,98.68244171142578,49.89502716064453,14.289999961853027
2007-03-09,64.25,98.71049499511719,49.37038040161133,14.09000015258789
2007-03-12,64.37000274658203,98.85774993896484,49.56363296508789,13.989999771118164
2007-03-13,63.720001220703125,96.93653869628906,49.86186599731445,18.1299991607666
2007-03-14,63.939998626708984,97.65876770019531,49.63548278808594,17.270000457763672
2007-03-15,63.97999954223633,97.79199981689453,49.62991714477539,16.43000030517578
2007-03-16,64.62000274658203,97.51811981201172,49.61887741088867,16.790000915527344
2007-03-19,64.73999786376953,98.6937484741211,49.513973236083984,14.59000015258789
2007-03-20,65.2699966430664,99.23580932617188,49.54158401489258,13.270000457763672
2007-03-21,65.81999969482422,100.86888122558594,49.56363296508789,12.1899995803833
2007-03-22,65.76000213623047,100.79151916503906,49.17155075073242,12.930000305175781
2007-03-23,65.1500015258789,100.93934631347656,49.03352737426758,12.949999809265137
2007-03-26,65.83999633789062,100.8056411743164,49.09429931640625,13.15999984741211
2007-03-27,65.69999694824219,100.56621551513672,49.01142501831055,13.479999542236328
2007-03-28,66.05000305175781,99.83415222167969,48.912025451660156,14.979999542236328
2007-03-29,65.6500015258789,99.93972778320312,48.84576416015625,15.140000343322754
2007-03-30,65.73999786376953,99.96086120605469,48.75188064575195,14.640000343322754
2007-04-02,65.8499984741211,100.073486328125,48.83279037475586,14.529999732971191
2007-04-03,65.83000183105469,101.1505355834961,48.771793365478516,13.460000038146973
2007-04-04,66.80999755859375,101.26316833496094,48.82170867919922,13.239999771118164
2007-04-05,66.86000061035156,101.5376968383789,48.6387825012207,13.229999542236328
2007-04-09,66.52999877929688,101.67852020263672,48.317325592041016,13.140000343322754
2007-04-10,67.16000366210938,101.79817199707031,48.46143341064453,12.680000305175781
2007-04-11,67.08000183105469,101.38277435302734,48.42818069458008,13.489999771118164
2007-04-12,66.98999786376953,101.83336639404297,48.43925094604492,12.710000038146973
2007-04-13,67.83999633789062,102.29800415039062,48.28961944580078,12.199999809265137
2007-04-16,68.4000015258789,103.26937866210938,48.555641174316406,11.979999542236328
2007-04-17,68.0,103.5439682006836,48.82721710205078,12.140000343322754
2007-04-18,68.37999725341797,103.67062377929688,49.071144104003906,12.420000076293945
2007-04-19,67.52999877929688,103.6425552368164,48.988006591796875,12.539999961853027
2007-04-20,68.69999694824219,104.62102508544922,48.8604736328125,12.069999694824219
2007-04-23,68.26000213623047,104.2267837524414,49.037899017333984,13.039999961853027
2007-04-24,67.7300033569336,104.26900482177734,49.22081756591797,13.119999885559082
2007-04-25,67.88999938964844,105.22637176513672,49.048946380615234,13.210000038146973
2007-04-26,66.87000274658203,105.3460693359375,48.69424057006836,12.789999961853027
2007-04-27,67.55999755859375,105.2615966796875,48.68314743041992,12.449999809265137
2007-04-30,67.08999633789062,104.38870239257812,49.193077087402344,14.220000267028809
2007-05-01,66.69000244140625,104.65618133544922,49.22867965698242,13.510000228881836
2007-05-02,66.66000366210938,105.26861572265625,49.20084762573242,13.079999923706055
2007-05-03,67.48999786376953,105.83883666992188,49.08961868286133,13.09000015258789
2007-05-04,68.19000244140625,106.24004364013672,49.28987121582031,12.90999984741211
2007-05-07,68.25,106.26119995117188,49.423404693603516,13.149999618530273
2007-05-08,67.87999725341797,106.12041473388672,49.312164306640625,13.210000038146973
2007-05-09,67.44999694824219,106.40904998779297,49.11739730834961,12.880000114440918
2007-05-10,66.0,105.2967758178711,49.23427200317383,13.600000381469727
2007-05-11,66.44999694824219,106.1978530883789,49.061798095703125,12.949999809265137
2007-05-14,66.27999877929688,105.96554565429688,48.9338493347168,13.960000038146973
2007-05-15,66.54000091552734,105.9936752319336,48.917152404785156,14.010000228881836
2007-05-16,65.5999984741211,106.71878814697266,48.883785247802734,13.5
2007-05-17,65.05999755859375,106.50764465332031,48.68349838256836,13.510000228881836
2007-05-18,65.5199966430664,107.43677520751953,48.36082458496094,12.760000228881836
2007-05-21,65.66999816894531,107.38047790527344,48.5055046081543,13.300000190734863
2007-05-22,65.19999694824219,107.29605102539062,48.25511932373047,13.0600004196167
2007-05-23,65.54000091552734,107.31008911132812,48.11604690551758,13.239999771118164
2007-05-24,64.75,106.33863830566406,48.16056442260742,14.079999923706055
2007-05-25,64.94000244140625,106.7821044921875,48.049278259277344,13.34000015258789
2007-05-29,65.06999969482422,107.16928100585938,48.04374313354492,13.529999732971191
2007-05-30,64.72000122070312,108.04218292236328,48.14385986328125,12.829999923706055
2007-05-31,65.54000091552734,107.92957305908203,48.054840087890625,13.050000190734863
2007-06-01,66.44000244140625,108.46458435058594,47.80240249633789,12.779999732971191
2007-06-04,66.54000091552734,108.47864532470703,48.02022933959961,13.289999961853027
2007-06-05,66.37000274658203,108.04924011230469,47.71865463256836,13.630000114440918
2007-06-06,66.41000366210938,106.88774108886719,47.6962890625,14.869999885559082
2007-06-07,65.26000213623047,104.95891571044922,46.84181213378906,17.059999465942383
2007-06-08,64.22000122070312,106.32453155517578,46.80268478393555,14.84000015258789
2007-06-11,64.69999694824219,106.50764465332031,46.668663024902344,14.710000038146973
2007-06-12,64.0999984741211,105.3460693359375,45.99286651611328,16.670000076293945
2007-06-13,64.52999877929688,106.92289733886719,46.540184020996094,14.729999542236328
2007-06-14,64.5999984741211,107.60578918457031,46.42289733886719,13.640000343322754
2007-06-15,64.8499984741211,108.21800231933594,46.74126052856445,13.9399995803833
2007-06-18,64.94999694824219,108.09072875976562,46.646305084228516,13.420000076293945
2007-06-19,65.4800033569336,108.35938262939453,47.081939697265625,12.850000381469727
2007-06-20,64.70999908447266,106.85348510742188,46.702144622802734,14.670000076293945
2007-06-21,64.55999755859375,107.44741821289062,46.47876739501953,14.210000038146973
2007-06-22,64.77999877929688,106.43641662597656,46.78032302856445,15.75
2007-06-25,64.43000030517578,105.92740631103516,47.03726577758789,16.649999618530273
2007-06-26,63.619998931884766,104.83863067626953,47.04842758178711,18.889999389648438
2007-06-27,63.66999816894531,106.33035278320312,47.093101501464844,15.529999732971191
2007-06-28,64.26000213623047,106.31623077392578,47.081939697265625,15.539999961853027
2007-06-29,64.2699966430664,106.35152435302734,47.56782913208008,16.229999542236328
2007-07-02,65.0199966430664,107.3130874633789,47.817893981933594,15.399999618530273
2007-07-03,64.73999786376953,107.7019271850586,47.52634048461914,14.920000076293945
2007-07-05,64.41999816894531,107.58879089355469,46.99375534057617,15.479999542236328
2007-07-06,64.95999908447266,108.15437316894531,46.8031005859375,14.720000267028809
2007-07-09,65.37999725341797,108.23921203613281,46.97127151489258,15.15999984741211
2007-07-10,65.61000061035156,106.69791412353516,47.76742935180664,17.56999969482422
2007-07-11,65.44000244140625,107.45440673828125,47.2740364074707,16.639999389648438
2007-07-12,66.0199966430664,109.1512451171875,47.11149978637695,15.539999961853027
2007-07-13,66.02999877929688,109.47640991210938,47.24042892456055,15.149999618530273
2007-07-16,65.81999969482422,109.46227264404297,47.694522857666016,15.59000015258789
2007-07-17,65.75,109.40570068359375,47.5936393737793,15.630000114440918
2007-07-18,66.62000274658203,109.20777893066406,47.77303695678711,16.0
2007-07-19,67.01000213623047,109.6319351196289,47.76182174682617,15.229999542236328
2007-07-20,67.58000183105469,108.5219955444336,48.193538665771484,16.950000762939453
2007-07-23,67.47000122070312,108.85428619384766,48.115055084228516,16.809999465942383
2007-07-24,67.47000122070312,106.9666976928711,48.294456481933594,18.549999237060547
2007-07-25,66.9000015258789,107.1858139038086,48.38977813720703,18.100000381469727
2007-07-26,65.6500015258789,104.64775085449219,48.79342269897461,20.739999771118164
2007-07-27,65.41000366210938,102.59040069580078,48.93355941772461,24.170000076293945
2007-07-30,65.7699966430664,104.19527435302734,48.79342269897461,20.8700008392334
2007-07-31,65.79000091552734,103.02165985107422,49.146644592285156,23.520000457763672
2007-08-01,65.93000030517578,103.52363586425781,49.04027557373047,23.670000076293945
2007-08-02,65.88999938964844,104.3508071899414,49.1640739440918,21.219999313354492
2007-08-03,66.69000244140625,101.66425323486328,49.49054718017578,25.15999984741211
2007-08-06,66.5199966430664,103.36808013916016,49.13032150268555,22.940000534057617
2007-08-07,66.4800033569336,104.47099304199219,49.090904235839844,21.559999465942383
2007-08-08,66.7699966430664,105.92740631103516,48.49432373046875,21.450000762939453
2007-08-09,65.45999908447266,102.78831481933594,48.56182861328125,26.479999542236328
2007-08-10,66.56999969482422,102.3076171875,48.44926834106445,28.299999237060547
2007-08-13,66.26000213623047,102.67526245117188,48.59000015258789,26.56999969482422
2007-08-14,66.29000091552734,101.10574340820312,48.71944808959961,27.68000030517578
2007-08-15,66.12999725341797,99.71298217773438,48.54494857788086,30.670000076293945
2007-08-16,64.68000030517578,100.46238708496094,49.045894622802734,30.829999923706055
2007-08-17,65.01000213623047,102.3076171875,48.84888458251953,29.989999771118164
2007-08-20,65.12000274658203,102.25814819335938,48.87702560424805,26.329999923706055
2007-08-21,65.06999969482422,102.46311950683594,49.11343002319336,25.25
2007-08-22,65.4000015258789,103.67918395996094,49.034637451171875,22.889999389648438
2007-08-23,65.30999755859375,103.58724212646484,49.2034797668457,22.6200008392334
2007-08-24,66.11000061035156,104.86689758300781,49.44550704956055,20.719999313354492
2007-08-27,65.9800033569336,103.89131164550781,49.704402923583984,22.719999313354492
2007-08-28,65.58999633789062,101.6076889038086,49.788787841796875,26.299999237060547
2007-08-29,66.06999969482422,103.60137939453125,49.653743743896484,23.809999465942383
2007-08-30,65.80000305175781,103.32567596435547,49.9858512878418,25.059999465942383
2007-08-31,66.5199966430664,104.34371948242188,50.02521514892578,23.3799991607666
2007-09-04,67.44000244140625,105.39714813232422,50.04893493652344,22.780000686645508
2007-09-05,67.55999755859375,104.48512268066406,50.4501953125,24.579999923706055
2007-09-06,68.86000061035156,104.72550964355469,50.32024002075195,23.989999771118164
2007-09-07,69.38999938964844,103.26913452148438,51.032310485839844,26.229999542236328
2007-09-10,69.62000274658203,103.07117462158203,51.42791748046875,27.3799991607666
2007-09-11,70.5199966430664,104.27302551269531,51.38835144042969,25.270000457763672
2007-09-12,70.45999908447266,104.54170227050781,51.19620895385742,24.959999084472656
2007-09-13,70.08000183105469,105.27690887451172,50.73843002319336,24.760000228881836
2007-09-14,69.98999786376953,105.2698974609375,50.81190490722656,24.920000076293945
2007-09-17,70.97000122070312,104.70430755615234,51.05490493774414,26.479999542236328
2007-09-18,71.69999694824219,107.78670501708984,50.67060089111328,20.350000381469727
2007-09-19,71.43000030517578,108.42301940917969,50.20154571533203,20.030000686645508
2007-09-20,72.72000122070312,107.65950012207031,49.252105712890625,20.450000762939453
2007-09-21,72.33999633789062,107.9500503540039,49.67032241821289,19.0
2007-09-24,72.27999877929688,107.75111389160156,49.811614990234375,19.3700008392334
2007-09-25,72.33000183105469,107.53802490234375,49.63643264770508,18.600000381469727
2007-09-26,72.0,108.10630798339844,49.68164825439453,17.6299991607666
2007-09-27,72.69999694824219,108.74560546875,50.02637481689453,17.0
2007-09-28,73.51000213623047,108.38333129882812,50.139366149902344,18.0
2007-10-01,73.9000015258789,109.60513305664062,50.42588424682617,17.84000015258789
2007-10-02,72.3499984741211,109.45591735839844,50.58474349975586,18.489999771118164
2007-10-03,71.9000015258789,109.23572540283203,50.43724822998047,18.799999237060547
2007-10-04,72.87000274658203,109.40621185302734,50.630104064941406,18.440000534057617
2007-10-05,73.4000015258789,110.70613098144531,50.085479736328125,16.90999984741211
2007-10-08,72.52999877929688,110.11653900146484,50.04578399658203,17.459999084472656
2007-10-09,73.08999633789062,111.1536636352539,49.98334884643555,16.1200008392334
2007-10-10,73.36000061035156,110.96897888183594,50.0117301940918,16.670000076293945
2007-10-11,73.91000366210938,110.43621063232422,49.96070098876953,18.8799991607666
2007-10-12,74.58999633789062,111.0470962524414,49.7166862487793,17.729999542236328
2007-10-15,75.13999938964844,110.1093978881836,49.7280387878418,19.25
2007-10-16,75.12000274658203,109.23572540283203,49.74504852294922,20.020000457763672
2007-10-17,74.5,109.569580078125,50.28976821899414,18.540000915527344
2007-10-18,76.0,109.1717758178711,50.56770324707031,18.5
2007-10-19,75.69999694824219,106.31622314453125,51.32231521606445,22.959999084472656
2007-10-22,74.5999984741211,106.93418884277344,51.32797622680664,21.639999389648438
2007-10-23,75.2300033569336,107.80081939697266,51.25989532470703,20.40999984741211
2007-10-24,75.5199966430664,107.60191345214844,51.640018463134766,20.799999237060547
2007-10-25,76.02999877929688,107.8576889038086,51.464149475097656,21.170000076293945
2007-10-26,77.69000244140625,109.1220703125,51.34502029418945,19.559999465942383
2007-10-29,78.12000274658203,109.48432922363281,51.54357147216797,19.8700008392334
2007-10-30,77.3499984741211,108.72428894042969,51.51520538330078,21.06999969482422
2007-10-31,78.62000274658203,109.85367584228516,51.04998016357422,18.530000686645508
2007-11-01,77.93000030517578,107.28227996826172,51.713287353515625,23.209999084472656
2007-11-02,79.83000183105469,107.40306091308594,51.8785285949707,23.010000228881836
2007-11-05,79.75,106.58613586425781,51.855804443359375,24.309999465942383
2007-11-06,81.43000030517578,108.02100372314453,51.60501480102539,21.389999389648438
2007-11-07,82.23999786376953,105.06605529785156,51.69618606567383,26.489999771118164
2007-11-08,82.2300033569336,104.53327178955078,51.60501480102539,26.15999984741211
2007-11-09,82.18000030517578,103.0984115600586,52.04377365112305,28.5
2007-11-12,78.30000305175781,102.0754623413086,52.2318000793457,31.09000015258789
2007-11-13,79.12000274658203,105.18675994873047,52.038082122802734,24.100000381469727
2007-11-14,80.27999877929688,104.89559936523438,52.0950927734375,25.940000534057617
2007-11-15,77.94999694824219,103.3825454711914,52.58511734008789,28.059999465942383
2007-11-16,77.75,103.56006622314453,52.659210205078125,25.489999771118164
2007-11-19,77.23999786376953,102.11815643310547,53.00116729736328,26.010000228881836
2007-11-20,79.47000122070312,102.74322509765625,52.94413757324219,24.8799991607666
2007-11-21,79.36000061035156,100.64063262939453,53.2518424987793,26.84000015258789
2007-11-23,81.25,102.3809814453125,53.411407470703125,25.610000610351562
2007-11-26,81.30000305175781,100.12207794189453,54.46560287475586,28.90999984741211
2007-11-27,80.0999984741211,101.27286529541016,53.94704818725586,26.280000686645508
2007-11-28,79.56999969482422,104.5119400024414,53.582374572753906,24.110000610351562
2007-11-29,78.27999877929688,104.5474853515625,54.04392623901367,23.969999313354492
2007-11-30,77.31999969482422,105.59879302978516,53.781803131103516,22.8700008392334
2007-12-03,78.27999877929688,104.90267181396484,54.208587646484375,23.610000610351562
2007-12-04,79.4000015258789,103.96501159667969,54.20290756225586,23.790000915527344
2007-12-05,78.62999725341797,105.70535278320312,53.5563850402832,22.530000686645508
2007-12-06,79.37000274658203,107.21830749511719,53.08726501464844,20.959999084472656
2007-12-07,78.5999984741211,107.19702911376953,52.49223327636719,20.850000381469727
2007-12-10,80.0,108.02811431884766,52.177555084228516,20.739999771118164
2007-12-11,78.83999633789062,105.06605529785156,53.2016487121582,23.59000015258789
2007-12-12,80.48999786376953,106.10315704345703,52.652435302734375,22.469999313354492
2007-12-13,78.5,105.8829345703125,52.08028793334961,22.559999465942383
2007-12-14,78.5199966430664,104.5404052734375,51.84001922607422,23.270000457763672
2007-12-17,78.12999725341797,103.04867553710938,52.303462982177734,24.520000457763672
2007-12-18,79.25,103.62406158447266,52.6409797668457,22.639999389648438
2007-12-19,79.23999786376953,103.62406158447266,53.3389778137207,21.68000030517578
2007-12-20,78.66999816894531,104.277587890625,53.224586486816406,20.579999923706055
2007-12-21,80.0999984741211,105.78076934814453,52.446475982666016,18.469999313354492
2007-12-24,80.13999938964844,106.56623840332031,52.20047378540039,18.600000381469727
2007-12-26,81.5199966430664,106.79479217529297,51.742774963378906,18.65999984741211
2007-12-27,81.55999755859375,105.45230865478516,52.30683135986328,20.260000228881836
2007-12-28,83.0,105.18805694580078,53.12251663208008,20.739999771118164
2007-12-31,82.45999908447266,104.40966033935547,53.444190979003906,22.5
2008-01-02,84.86000061035156,103.49562072753906,54.21393585205078,23.170000076293945
2008-01-03,85.56999969482422,103.44561767578125,54.13925552368164,22.489999771118164
2008-01-04,85.12999725341797,100.91056060791016,54.15076446533203,23.940000534057617
2008-01-07,84.7699966430664,100.82483673095703,54.386260986328125,23.790000915527344
2008-01-08,86.77999877929688,99.19664001464844,54.32307052612305,25.43000030517578
2008-01-09,86.55000305175781,100.23927307128906,54.426456451416016,24.1200008392334
2008-01-10,88.25,100.89630126953125,53.69116973876953,23.450000762939453
2008-01-11,88.58000183105469,100.08218383789062,54.11051559448242,23.68000030517578
2008-01-14,89.54000091552734,100.88916778564453,54.311580657958984,22.899999618530273
2008-01-15,87.98999786376953,98.66825103759766,54.920440673828125,23.34000015258789
2008-01-16,86.69999694824219,97.81844329833984,54.52411651611328,24.3799991607666
2008-01-17,86.5,95.2833480834961,55.23060607910156,28.459999084472656
2008-01-18,87.41999816894531,94.30503845214844,54.851524353027344,27.18000030517578
2008-01-22,88.16999816894531,93.34819030761719,55.43744659423828,31.010000228881836
2008-01-23,87.88999938964844,95.5904541015625,55.31106948852539,29.020000457763672
2008-01-24,90.08000183105469,96.39739227294922,54.20244216918945,27.780000686645508
2008-01-25,90.30000305175781,95.0048599243164,55.115779876708984,29.079999923706055
2008-01-28,91.75,96.57592010498047,54.90896987915039,27.780000686645508
2008-01-29,91.1500015258789,97.05440521240234,54.53557586669922,27.31999969482422
2008-01-30,92.05999755859375,96.34027862548828,54.179447174072266,27.6200008392334
2008-01-31,91.4000015258789,98.09695434570312,54.56431198120117,26.200000762939453
2008-02-01,89.3499984741211,99.6751480102539,54.89231491088867,24.020000457763672
2008-02-04,89.0999984741211,98.41830444335938,54.32741928100586,25.989999771118164
2008-02-05,87.68000030517578,95.78324127197266,54.74243927001953,28.239999771118164
2008-02-06,88.94999694824219,95.01203918457031,54.57526779174805,28.969999313354492
2008-02-07,89.8499984741211,95.64044952392578,53.399410247802734,27.65999984741211
2008-02-08,91.0,95.02629089355469,54.01040267944336,28.010000228881836
2008-02-11,91.33000183105469,95.51191711425781,54.23517608642578,27.600000381469727
2008-02-12,89.33000183105469,96.39739227294922,53.91239929199219,26.329999923706055
2008-02-13,89.44000244140625,97.38282012939453,53.341758728027344,24.8799991607666
2008-02-14,89.70999908447266,96.52592468261719,52.55778503417969,25.540000915527344
2008-02-15,89.1500015258789,96.5045166015625,52.96134567260742,25.020000457763672
2008-02-19,91.58000183105469,96.77588653564453,52.42525100708008,25.59000015258789
2008-02-20,93.23999786376953,97.06151580810547,52.78837966918945,24.399999618530273
2008-02-21,93.25,96.25457000732422,53.347511291503906,25.1200008392334
2008-02-22,93.38999938964844,96.84727478027344,53.04201889038086,24.059999465942383
2008-02-25,92.73999786376953,98.06838989257812,52.50020217895508,23.030000686645508
2008-02-26,93.70999908447266,98.80394744873047,52.51748275756836,21.899999618530273
2008-02-27,94.77999877929688,98.7039566040039,52.56358337402344,22.690000534057617
2008-02-28,95.98999786376953,97.73994445800781,53.49738693237305,23.530000686645508
2008-02-29,96.18000030517578,95.5618896484375,54.31587600708008,26.540000915527344
2008-03-03,97.23999786376953,95.3333740234375,54.17585754394531,26.280000686645508
2008-03-04,95.18000030517578,94.9691390991211,53.64938735961914,25.520000457763672
2008-03-05,97.72000122070312,95.56900787353516,53.0071907043457,24.600000381469727
2008-03-06,96.5,93.5909194946289,53.29068374633789,27.549999237060547
2008-03-07,96.08999633789062,92.62688446044922,53.36009216308594,27.489999771118164
2008-03-10,95.87000274658203,91.40579223632812,54.14695358276367,29.3799991607666
2008-03-11,95.98999786376953,94.69068145751953,53.68410873413086,26.360000610351562
2008-03-12,97.01000213623047,93.80516815185547,54.7197151184082,27.219999313354492
2008-03-13,98.33999633789062,94.01226806640625,54.29159164428711,27.290000915527344
2008-03-14,98.70999908447266,92.55551147460938,54.962684631347656,31.15999984741211
2008-03-17,99.16999816894531,91.61998748779297,55.385032653808594,32.2400016784668
2008-03-18,96.5,95.42620086669922,55.170963287353516,25.790000915527344
2008-03-19,93.04000091552734,93.06250762939453,56.08510208129883,29.84000015258789
2008-03-20,89.91000366210938,94.78630828857422,56.22394943237305,26.6200008392334
2008-03-24,90.0999984741211,96.68085479736328,55.13629150390625,25.729999542236328
2008-03-25,92.7300033569336,96.77415466308594,55.367713928222656,25.719999313354492
2008-03-26,93.80000305175781,95.59002685546875,55.13629150390625,26.079999923706055
2008-03-27,93.45999908447266,95.28861999511719,54.74866485595703,25.8799991607666
2008-03-28,91.87999725341797,94.37721252441406,55.28093719482422,25.709999084472656
2008-03-31,90.41000366210938,94.70734405517578,55.47761154174805,25.610000610351562
2008-04-01,86.86000061035156,98.03720092773438,54.57476043701172,22.68000030517578
2008-04-02,89.2699966430664,98.101806640625,54.69095993041992,23.43000030517578
2008-04-03,89.41999816894531,98.34580993652344,54.81291961669922,23.209999084472656
2008-04-04,90.25,98.23814392089844,55.312591552734375,22.450000762939453
2008-04-07,91.16999816894531,98.28837585449219,55.02212142944336,22.420000076293945
2008-04-08,90.3499984741211,98.18789672851562,54.83038330078125,22.360000610351562
2008-04-09,92.29000091552734,97.47745513916016,55.3997688293457,22.809999465942383
2008-04-10,91.7699966430664,97.6137924194336,55.21385192871094,21.979999542236328
2008-04-11,91.30000305175781,95.7192153930664,55.58567428588867,23.459999084472656
2008-04-14,91.11000061035156,95.39629364013672,55.26029968261719,23.81999969482422
2008-04-15,91.66000366210938,95.61872863769531,54.57476043701172,22.780000686645508
2008-04-16,93.2699966430664,98.20946502685547,54.040218353271484,20.530000686645508
2008-04-17,92.55999755859375,98.35297393798828,53.947200775146484,20.3700008392334
2008-04-18,90.62000274658203,99.37920379638672,53.900760650634766,20.1299991607666
2008-04-21,90.25,99.4294662475586,54.115726470947266,20.5
2008-04-22,90.2699966430664,98.99165344238281,54.30162048339844,20.8700008392334
2008-04-23,89.22000122070312,98.83380889892578,54.12153244018555,20.260000228881836
2008-04-24,87.22000122070312,99.26438903808594,53.66257095336914,20.059999465942383
2008-04-25,87.2699966430664,100.18296813964844,53.34878158569336,19.59000015258789
2008-04-28,87.69000244140625,100.2044677734375,53.51150131225586,19.639999389648438
2008-04-29,85.80999755859375,99.80975341796875,53.71485137939453,20.239999771118164
2008-04-30,86.6500015258789,99.22126770019531,54.09828567504883,20.790000915527344
2008-05-01,83.98999786376953,101.27378845214844,54.1018180847168,18.8799991607666
2008-05-02,84.58000183105469,101.55364227294922,53.41954803466797,18.18000030517578
2008-05-05,86.2699966430664,101.06564331054688,53.41954803466797,18.899999618530273
2008-05-06,86.62999725341797,101.94119262695312,53.034698486328125,18.209999084472656
2008-05-07,85.81999969482422,100.12557983398438,53.26212692260742,19.729999542236328
2008-05-08,87.23999786376953,99.86722564697266,53.74025344848633,19.399999618530273
2008-05-09,87.41999816894531,99.68059539794922,53.93852233886719,19.40999984741211
2008-05-12,86.98999786376953,100.80011749267578,53.856895446777344,17.790000915527344
2008-05-13,85.38999938964844,100.81448364257812,53.26791000366211,17.979999542236328
2008-05-14,85.19999694824219,101.02261352539062,53.291221618652344,17.65999984741211
2008-05-15,87.0,102.28569793701172,53.77521514892578,16.299999237060547
2008-05-16,89.0999984741211,102.3789291381836,53.55364227294922,16.469999313354492
2008-05-19,89.38999938964844,102.65879821777344,53.623619079589844,17.010000228881836
2008-05-20,90.9000015258789,101.82635498046875,53.90359115600586,17.579999923706055
2008-05-21,91.95999908447266,100.10401916503906,53.915184020996094,18.59000015258789
2008-05-22,90.9800033569336,100.11834716796875,53.27964782714844,18.049999237060547
2008-05-23,91.2300033569336,98.77639770507812,53.512821197509766,19.549999237060547
2008-05-27,89.36000061035156,99.50838470458984,53.15129089355469,19.639999389648438
2008-05-28,89.13999938964844,99.96766662597656,52.67896270751953,19.06999969482422
2008-05-29,86.51000213623047,100.4699935913086,52.29994583129883,18.139999389648438
2008-05-30,87.44999694824219,100.72120666503906,52.64399337768555,17.829999923706055
2008-06-02,87.95999908447266,99.68059539794922,52.8470573425293,19.829999923706055
2008-06-03,86.87999725341797,99.09933471679688,53.227500915527344,20.239999771118164
2008-06-04,86.6500015258789,99.04910278320312,52.75343704223633,20.799999237060547
2008-06-05,86.44999694824219,101.02976989746094,52.437400817871094,18.6299991607666
2008-06-06,89.05999755859375,97.80754852294922,53.11630630493164,23.559999465942383
2008-06-09,87.98999786376953,98.04438781738281,53.11630630493164,23.1200008392334
2008-06-10,85.55000305175781,97.55638122558594,52.7709846496582,23.18000030517578
2008-06-11,87.0199966430664,96.12108612060547,52.648094177246094,24.1200008392334
2008-06-12,85.5999984741211,96.48712158203125,52.121376037597656,23.329999923706055
2008-06-13,85.83000183105469,97.70706176757812,52.01020431518555,21.219999313354492
2008-06-16,87.01000213623047,97.76449584960938,52.02186584472656,20.950000762939453
2008-06-17,87.25,97.2908706665039,52.1272087097168,21.1299991607666
2008-06-18,88.27999877929688,96.34357452392578,52.56616973876953,22.239999771118164
2008-06-19,88.41999816894531,96.46556854248047,52.255958557128906,21.579999923706055
2008-06-20,88.94999694824219,94.8997802734375,52.56027603149414,22.8700008392334
2008-06-23,87.08999633789062,94.80599975585938,52.67152786254883,22.639999389648438
2008-06-24,87.47000122070312,94.61849212646484,53.022647857666016,22.420000076293945
2008-06-25,87.41999816894531,95.065673828125,53.04608154296875,21.139999389648438
2008-06-26,90.61000061035156,92.48365020751953,53.40304946899414,23.93000030517578
2008-06-27,91.47000122070312,91.97876739501953,54.02925109863281,23.440000534057617
2008-06-30,91.4000015258789,92.3033447265625,54.040977478027344,23.950000762939453
2008-07-01,92.66000366210938,92.59181213378906,53.91295623779297,23.649999618530273
2008-07-02,93.16999816894531,91.005126953125,54.194847106933594,25.920000076293945
2008-07-03,92.05999755859375,91.09888458251953,54.0773811340332,24.780000686645508
2008-07-07,91.2300033569336,90.16846466064453,54.32406234741211,25.780000686645508
2008-07-08,90.86000061035156,91.76961517333984,54.676456451416016,23.149999618530273
2008-07-09,91.5,90.00260925292969,54.91728591918945,25.229999542236328
2008-07-10,93.52999877929688,90.3704605102539,54.911399841308594,25.59000015258789
2008-07-11,95.16000366210938,89.31745910644531,54.13022994995117,27.489999771118164
2008-07-14,95.91000366210938,88.5096664428711,54.60599899291992,28.479999542236328
2008-07-15,96.16999816894531,87.26193237304688,54.58837890625,28.540000915527344
2008-07-16,94.44000244140625,89.40397644042969,53.60157775878906,25.100000381469727
2008-07-17,94.22000122070312,90.2983169555664,53.3255729675293,25.010000228881836
2008-07-18,94.16999816894531,90.86087799072266,53.12591552734375,24.049999237060547
2008-07-21,95.12000274658203,90.9113540649414,53.33147048950195,23.049999237060547
2008-07-22,93.05999755859375,91.9427261352539,53.067169189453125,21.18000030517578
2008-07-23,90.56999969482422,92.44036865234375,52.96141815185547,21.309999465942383
2008-07-24,91.33000183105469,90.52186584472656,53.47827911376953,23.440000534057617
2008-07-25,91.69000244140625,90.50025939941406,52.94376754760742,22.90999984741211
2008-07-28,91.7300033569336,89.17318725585938,53.47827911376953,24.229999542236328
2008-07-29,90.58999633789062,91.07722473144531,53.26093673706055,22.030000686645508
2008-07-30,89.5199966430664,92.70000457763672,53.3138313293457,21.209999084472656
2008-07-31,90.08000183105469,91.47391510009766,53.84242248535156,22.940000534057617
2008-08-01,89.56999969482422,90.99069213867188,53.961517333984375,22.56999969482422
2008-08-04,88.13999938964844,90.1468505859375,53.83772277832031,23.489999771118164
2008-08-05,86.08000183105469,92.57740020751953,53.43688201904297,21.139999389648438
2008-08-06,86.63999938964844,92.98853302001953,53.21876907348633,20.229999542236328
2008-08-07,86.08999633789062,91.60375213623047,54.085289001464844,21.149999618530273
2008-08-08,84.43000030517578,93.30584716796875,54.2326774597168,20.65999984741211
2008-08-11,81.12999725341797,94.27230834960938,53.713924407958984,20.1200008392334
2008-08-12,80.5199966430664,93.29143524169922,54.21499252319336,21.170000076293945
2008-08-13,81.55999755859375,92.72885131835938,54.02637481689453,21.549999237060547
2008-08-14,79.3499984741211,93.4284896850586,54.374149322509766,20.34000015258789
2008-08-15,77.62999725341797,93.88284301757812,54.84573745727539,19.579999923706055
2008-08-18,78.80000305175781,92.59906005859375,55.063838958740234,20.979999542236328
2008-08-19,80.43000030517578,91.58931732177734,54.85163116455078,21.280000686645508
2008-08-20,80.05999755859375,92.01484680175781,55.00489807128906,20.420000076293945
2008-08-21,82.30000305175781,92.17350769042969,54.904747009277344,19.81999969482422
2008-08-22,81.08000183105469,93.5077896118164,54.869319915771484,18.809999465942383
2008-08-25,80.93000030517578,91.61097717285156,55.41749954223633,20.969999313354492
2008-08-26,81.2300033569336,91.87781524658203,55.464691162109375,20.489999771118164
2008-08-27,81.36000061035156,92.7721176147461,55.559024810791016,19.760000228881836
2008-08-28,82.18000030517578,93.89722442626953,55.56494903564453,19.43000030517578
2008-08-29,81.70999908447266,92.88751983642578,55.31732177734375,20.649999618530273
2008-09-02,79.19999694824219,92.310546875,55.83203887939453,21.989999771118164
2008-09-03,78.88999938964844,92.23119354248047,56.0687141418457,21.43000030517578
2008-09-04,78.38999938964844,89.4544448852539,56.51832580566406,24.030000686645508
2008-09-05,78.9800033569336,89.73575592041016,56.48871994018555,23.059999465942383
2008-09-08,78.86000061035156,91.58931732177734,56.72542953491211,22.639999389648438
2008-09-09,76.48999786376953,88.8702392578125,57.2874755859375,25.469999313354492
2008-09-10,74.22000122070312,89.23090362548828,56.93244552612305,24.520000457763672
2008-09-11,73.08000183105469,90.52186584472656,56.902896881103516,24.389999389648438
2008-09-12,75.55000305175781,90.94017791748047,56.16929626464844,25.65999984741211
2008-09-15,77.55999755859375,86.61278533935547,57.99150848388672,31.700000762939453
2008-09-16,76.79000091552734,88.06249237060547,57.97963333129883,30.299999237060547
2008-09-17,85.45999908447266,84.1029281616211,58.269561767578125,36.220001220703125
2008-09-18,82.80000305175781,86.5983657836914,57.4176139831543,33.099998474121094
2008-09-19,85.9800033569336,90.03752136230469,55.59542465209961,32.06999969482422
2008-09-22,89.18000030517578,87.99915313720703,55.5894660949707,33.849998474121094
2008-09-23,88.31999969482422,85.99703216552734,55.376461029052734,35.720001220703125
2008-09-24,86.70999908447266,86.2726821899414,55.619014739990234,35.189998626708984
2008-09-25,86.44999694824219,87.62193298339844,55.50665283203125,32.81999969482422
2008-09-26,86.63999938964844,87.66545104980469,55.90898132324219,34.7400016784668
2008-09-29,89.56999969482422,80.79584503173828,57.53596496582031,46.720001220703125
2008-09-30,85.06999969482422,84.13997650146484,56.13376235961914,39.38999938964844
2008-10-01,85.97000122070312,84.19075775146484,56.83994674682617,39.810001373291016
2008-10-02,82.33000183105469,81.13678741455078,57.29692077636719,45.2599983215332
2008-10-03,82.58999633789062,80.04141235351562,57.80131912231445,45.13999938964844
2008-10-06,84.27999877929688,75.96463775634766,58.85172653198242,52.04999923706055
2008-10-07,87.2699966430664,72.56248474121094,58.67371368408203,53.68000030517578
2008-10-08,89.41999816894531,70.73448181152344,57.83104705810547,57.529998779296875
2008-10-09,89.9000015258789,65.79442596435547,57.34436798095703,63.91999816894531
2008-10-10,83.22000122070312,64.19853973388672,56.94084167480469,69.94999694824219
2008-10-13,81.98999786376953,73.52001190185547,56.210899353027344,54.9900016784668
2008-10-14,82.19999694824219,72.43186950683594,55.84893798828125,55.130001068115234
2008-10-15,83.30999755859375,65.30115509033203,56.38300323486328,69.25
2008-10-16,79.29000091552734,68.02143096923828,56.09223556518555,67.61000061035156
2008-10-17,77.20999908447266,67.6152114868164,55.70644760131836,70.33000183105469
2008-10-20,78.5,71.67748260498047,56.151588439941406,52.970001220703125
2008-10-21,76.02999877929688,69.53752899169922,56.448341369628906,53.11000061035156
2008-10-22,71.70999908447266,65.75092315673828,57.593650817871094,69.6500015258789
2008-10-23,70.6500015258789,66.51258087158203,58.02092361450195,67.80000305175781
2008-10-24,72.20999908447266,63.13944625854492,57.40375900268555,79.12999725341797
2008-10-27,72.18000030517578,60.897918701171875,57.44529342651367,80.05999755859375
2008-10-28,73.79000091552734,68.01417541503906,56.608516693115234,66.95999908447266
2008-10-29,74.0,67.52088928222656,56.32369613647461,69.95999908447266
2008-10-30,72.70999908447266,69.8567123413086,55.81330871582031,62.900001525878906
2008-10-31,71.33999633789062,70.24117279052734,55.08932113647461,59.88999938964844
2008-11-03,71.0999984741211,70.44429779052734,55.2382698059082,53.68000030517578
2008-11-04,75.4800033569336,72.83814239501953,56.27498245239258,47.72999954223633
2008-11-05,72.80000305175781,69.77692413330078,56.94234085083008,54.560001373291016
2008-11-06,72.22000122070312,65.91049194335938,56.53117752075195,63.68000030517578
2008-11-07,72.5,68.0866928100586,56.161800384521484,56.099998474121094
2008-11-10,73.58000183105469,67.19447326660156,56.43585968017578,59.97999954223633
2008-11-11,72.05000305175781,65.11978912353516,56.602699279785156,61.439998626708984
2008-11-12,70.0,62.25446319580078,56.966129302978516,66.45999908447266
2008-11-13,72.1500015258789,66.1353759765625,55.60173034667969,59.83000183105469
2008-11-14,73.30000305175781,62.834774017333984,56.7039680480957,66.30999755859375
2008-11-17,72.6500015258789,62.00057601928711,56.954219818115234,69.1500015258789
2008-11-18,72.51000213623047,63.1684455871582,57.68709182739258,67.63999938964844
2008-11-19,72.26000213623047,59.120670318603516,59.164730072021484,74.26000213623047
2008-11-20,73.44999694824219,54.73196029663086,62.22120666503906,80.86000061035156
2008-11-21,78.8499984741211,57.68437194824219,61.321571350097656,72.66999816894531
2008-11-24,80.91000366210938,61.681373596191406,60.3623046875,64.69999694824219
2008-11-25,80.87000274658203,62.138343811035156,62.137840270996094,60.900001525878906
2008-11-26,80.37999725341797,64.53945922851562,62.22120666503906,54.91999816894531
2008-11-28,80.30999755859375,65.3519515991211,62.98986053466797,55.279998779296875
2008-12-01,75.6500015258789,59.563175201416016,65.40208435058594,68.51000213623047
2008-12-02,76.94999694824219,61.855472564697266,65.65312194824219,62.97999954223633
2008-12-03,76.18000030517578,63.34254837036133,65.83845520019531,60.720001220703125
2008-12-04,75.5,61.87722396850586,67.1357650756836,63.63999938964844
2008-12-05,74.5199966430664,63.78504943847656,66.04772186279297,59.93000030517578
2008-12-08,76.19999694824219,66.01205444335938,65.90428924560547,58.4900016784668
2008-12-09,76.33000183105469,64.92396545410156,67.20751190185547,58.90999984741211
2008-12-10,79.75,65.366455078125,67.04607391357422,55.72999954223633
2008-12-11,80.6500015258789,63.79229736328125,67.17764282226562,55.779998779296875
2008-12-12,80.80999755859375,64.55397033691406,67.17764282226562,54.279998779296875
2008-12-15,82.5999984741211,63.654483795166016,67.94283294677734,56.7599983215332
2008-12-16,84.45999908447266,66.6504135131836,69.62274932861328,52.369998931884766
2008-12-17,85.43000030517578,66.00479888916016,71.51183319091797,49.84000015258789
2008-12-18,83.87000274658203,64.77161407470703,73.01239013671875,47.34000015258789
2008-12-19,82.62999725341797,64.49298095703125,73.09014892578125,44.93000030517578
2008-12-22,83.45999908447266,63.666648864746094,72.52816772460938,44.560001373291016
2008-12-23,82.62999725341797,63.00846862792969,72.43251037597656,45.02000045776367
2008-12-24,83.45999908447266,63.37410354614258,72.27706909179688,44.209999084472656
2008-12-26,85.5999984741211,63.73973846435547,72.51622009277344,43.380001068115234
2008-12-29,86.3499984741211,63.55695343017578,72.42922973632812,43.900001525878906
2008-12-30,85.9000015258789,65.06339263916016,73.11902618408203,41.630001068115234
2008-12-31,86.5199966430664,65.99214172363281,71.58946990966797,40.0
2009-01-02,86.2300033569336,67.98126983642578,69.79003143310547,39.189998626708984
2009-01-05,84.4800033569336,67.90081024169922,67.99052429199219,39.08000183105469
2009-01-06,85.12999725341797,68.3542251586914,67.30669403076172,38.560001373291016
2009-01-07,82.75,66.30658721923828,67.57064819335938,43.38999938964844
2009-01-08,84.45999908447266,66.57717895507812,67.51663208007812,42.560001373291016
2009-01-09,83.91999816894531,65.1511459350586,67.6186294555664,42.81999969482422
2009-01-12,80.76000213623047,63.5861701965332,68.32040405273438,45.84000015258789
2009-01-13,80.87999725341797,63.70318603515625,68.3923568725586,43.27000045776367
2009-01-14,79.79000091552734,61.69942855834961,69.52006530761719,49.13999938964844
2009-01-15,80.38999938964844,61.72135925292969,69.63399505615234,51.0
2009-01-16,82.70999908447266,62.20402145385742,68.56036376953125,46.11000061035156
2009-01-20,84.5199966430664,58.920528411865234,68.54837799072266,56.650001525878906
2009-01-21,84.1500015258789,61.465415954589844,66.38297271728516,46.41999816894531
2009-01-22,84.58000183105469,60.51474380493164,65.10537719726562,47.290000915527344
2009-01-23,88.52999877929688,60.77796936035156,64.5954818725586,47.27000045776367
2009-01-26,88.94999694824219,61.194828033447266,64.0316162109375,45.689998626708984
2009-01-27,88.37999725341797,61.81645965576172,65.53724670410156,42.25
2009-01-28,87.41999816894531,63.9079475402832,63.8996467590332,39.65999984741211
2009-01-29,89.5,61.8310546875,62.43009567260742,42.630001068115234
2009-01-30,91.30999755859375,60.57322311401367,62.23215103149414,44.84000015258789
2009-02-02,88.83999633789062,60.39041519165039,63.38998794555664,45.52000045776367
2009-02-03,88.47000122070312,61.238685607910156,61.88029479980469,43.060001373291016
2009-02-04,89.18000030517578,60.93888854980469,61.66380310058594,43.849998474121094
2009-02-05,90.12000274658203,61.84568786621094,61.717933654785156,43.72999954223633
2009-02-06,89.58999633789062,63.608123779296875,61.525447845458984,43.369998931884766
2009-02-09,88.31999969482422,63.695899963378906,61.72394561767578,43.63999938964844
2009-02-10,90.20999908447266,60.77796936035156,63.06517791748047,46.66999816894531
2009-02-11,92.29000091552734,61.13631820678711,63.88322448730469,44.529998779296875
2009-02-12,93.16999816894531,61.18020248413086,63.281761169433594,41.25
2009-02-13,92.55000305175781,60.52204895019531,61.597591400146484,42.93000030517578
2009-02-17,95.44999694824219,57.933258056640625,63.516361236572266,48.65999984741211
2009-02-18,96.91000366210938,57.79432678222656,62.97499465942383,48.459999084472656
2009-02-19,95.7699966430664,57.17273712158203,61.90432357788086,47.08000183105469
2009-02-20,97.80000305175781,56.61691665649414,62.50581741333008,49.29999923706055
2009-02-23,97.7300033569336,54.59125900268555,63.083221435546875,52.619998931884766
2009-02-24,94.7300033569336,56.660831451416016,63.017093658447266,45.4900016784668
2009-02-25,93.1500015258789,56.2147102355957,62.289302825927734,44.66999816894531
2009-02-26,93.05999755859375,55.30059814453125,61.63365936279297,44.65999984741211
2009-02-27,92.62999725341797,54.064693450927734,61.278804779052734,46.349998474121094
2009-03-02,90.93000030517578,51.629486083984375,62.293331146240234,52.650001525878906
2009-03-03,90.04000091552734,51.24189376831055,61.87710189819336,50.93000030517578
2009-03-04,88.98999786376953,52.455841064453125,61.59364318847656,47.560001373291016
2009-03-05,91.98999786376953,50.31317138671875,63.30657196044922,50.16999816894531
2009-03-06,92.29000091552734,50.40090560913086,62.88437271118164,49.33000183105469
2009-03-09,90.56999969482422,49.8085823059082,62.5164680480957,49.68000030517578
2009-03-10,88.13999938964844,52.77762222290039,61.316226959228516,44.369998931884766
2009-03-11,89.22000122070312,53.121341705322266,61.97966766357422,43.61000061035156
2009-03-12,91.0999984741211,55.21284866333008,62.27522277832031,41.18000030517578
2009-03-13,91.30000305175781,55.64433288574219,61.96157455444336,42.36000061035156
2009-03-16,90.80000305175781,55.47610092163086,60.9844856262207,43.7400016784668
2009-03-17,90.04000091552734,57.17273712158203,60.65271759033203,40.79999923706055
2009-03-18,93.08999633789062,58.45248031616211,62.95076370239258,40.060001373291016
2009-03-19,94.3499984741211,57.72845458984375,63.029144287109375,43.68000030517578
2009-03-20,93.58999633789062,56.499244689941406,62.67930221557617,45.88999938964844
2009-03-23,92.08000183105469,60.5575065612793,62.13648986816406,43.22999954223633
2009-03-24,90.94999694824219,59.364349365234375,62.727596282958984,42.93000030517578
2009-03-25,91.9800033569336,59.99038314819336,61.883174896240234,42.25
2009-03-26,91.93000030517578,61.212989807128906,62.60091018676758,40.36000061035156
2009-03-27,90.69000244140625,60.108211517333984,63.0653076171875,41.040000915527344
2009-03-30,89.9800033569336,58.03117752075195,63.30657196044922,45.540000915527344
2009-03-31,90.27999877929688,58.568904876708984,63.75897216796875,44.13999938964844
2009-04-01,91.02999877929688,59.703147888183594,64.3408203125,42.279998779296875
2009-04-02,88.80000305175781,61.44871520996094,63.55451965332031,42.040000915527344
2009-04-03,87.58999633789062,62.06003189086914,62.2540283203125,39.70000076293945
2009-04-06,85.2699966430664,61.57389831542969,61.98787307739258,40.93000030517578
2009-04-07,86.73999786376953,60.137672424316406,62.1451416015625,40.38999938964844
2009-04-08,86.61000061035156,60.78584671020508,62.69558334350586,38.849998474121094
2009-04-09,86.30999755859375,63.201663970947266,61.90924835205078,36.529998779296875
2009-04-13,87.87999725341797,63.216400146484375,62.47780227661133,37.810001373291016
2009-04-14,87.37000274658203,62.12632751464844,62.80448913574219,37.66999816894531
2009-04-15,87.5,62.78917694091797,62.69558334350586,36.16999816894531
2009-04-16,85.80999755859375,63.709869384765625,62.1995964050293,35.790000915527344
2009-04-17,85.22000122070312,64.13703918457031,61.51604080200195,33.939998626708984
2009-04-20,86.94999694824219,61.44871520996094,62.447574615478516,39.18000030517578
2009-04-21,86.88999938964844,62.649253845214844,61.830604553222656,37.13999938964844
2009-04-22,87.37999725341797,62.26625442504883,61.45559310913086,38.099998474121094
2009-04-23,88.80000305175781,62.877586364746094,61.44954299926758,37.150001525878906
2009-04-24,89.72000122070312,63.827701568603516,60.83254623413086,36.81999969482422
2009-04-27,89.01000213623047,63.223731994628906,61.092655181884766,38.31999969482422
2009-04-28,87.75,63.024898529052734,60.09458541870117,37.95000076293945
2009-04-29,88.33000183105469,64.36536407470703,59.56232452392578,36.08000183105469
2009-04-30,87.2699966430664,64.38746643066406,59.32642364501953,36.5
2009-05-01,86.94999694824219,64.73362731933594,58.918121337890625,35.29999923706055
2009-05-04,88.63999938964844,66.93585205078125,59.11223602294922,34.529998779296875
2009-05-05,88.25,66.70752716064453,59.039466857910156,33.36000061035156
2009-05-06,89.54000091552734,67.86387634277344,58.899925231933594,32.45000076293945
2009-05-07,89.44000244140625,66.92112731933594,57.46196365356445,33.439998626708984
2009-05-08,89.9800033569336,68.48258972167969,57.60150146484375,32.04999923706055
2009-05-11,89.69000244140625,67.20100402832031,58.420597076416016,32.869998931884766
2009-05-12,90.69999694824219,67.00214385986328,58.63291931152344,31.799999237060547
2009-05-13,91.08999633789062,65.31550598144531,59.26998519897461,33.650001525878906
2009-05-14,91.02999877929688,65.87528228759766,59.500545501708984,31.3700008392334
2009-05-15,91.55000305175781,65.33759307861328,59.482322692871094,33.119998931884766
2009-05-18,90.36000061035156,67.19364929199219,58.56011199951172,30.239999771118164
2009-05-19,90.95999908447266,67.11266326904297,58.25068664550781,28.799999237060547
2009-05-20,92.25,66.6633529663086,58.863502502441406,29.030000686645508
2009-05-21,93.8499984741211,65.70585632324219,57.383060455322266,31.350000381469727
2009-05-22,94.1500015258789,65.56591796875,56.74604034423828,32.630001068115234
2009-05-26,93.76000213623047,67.2452163696289,55.89060592651367,30.6200008392334
2009-05-27,93.44999694824219,66.04467010498047,54.90167999267578,32.36000061035156
2009-05-28,94.23999786376953,66.96531677246094,55.69646453857422,31.670000076293945
2009-05-29,96.19999694824219,68.151123046875,57.134361267089844,28.920000076293945
2009-06-01,95.7300033569336,69.80095672607422,55.44520568847656,30.040000915527344
2009-06-02,96.36000061035156,69.85987854003906,55.743499755859375,29.6299991607666
2009-06-03,94.41000366210938,68.97603607177734,56.26697540283203,31.020000457763672
2009-06-04,96.2300033569336,69.62419891357422,55.104400634765625,30.18000030517578
2009-06-05,93.70999908447266,69.63893127441406,54.68437957763672,29.6200008392334
2009-06-08,93.55999755859375,69.35169219970703,54.54438400268555,29.770000457763672
2009-06-09,93.83000183105469,69.70523071289062,54.538307189941406,28.270000457763672
2009-06-10,93.86000061035156,69.52843475341797,53.680049896240234,28.459999084472656
2009-06-11,93.69999694824219,69.83778381347656,54.276573181152344,28.110000610351562
2009-06-12,92.16999816894531,70.02928161621094,54.76353454589844,28.149999618530273
2009-06-15,91.0999984741211,68.42365264892578,55.25656509399414,30.809999465942383
2009-06-16,91.93000030517578,67.49561309814453,56.21830368041992,32.68000030517578
2009-06-17,92.3499984741211,67.42933654785156,55.901763916015625,31.540000915527344
2009-06-18,91.61000061035156,67.92279052734375,55.055633544921875,30.030000686645508
2009-06-19,91.9000015258789,68.17317199707031,55.810447692871094,27.989999771118164
2009-06-22,90.54000091552734,66.12883758544922,56.35220718383789,31.170000076293945
2009-06-23,90.91999816894531,66.18072509765625,57.01565933227539,30.579999923706055
2009-06-24,91.44999694824219,66.75103759765625,56.443504333496094,29.049999237060547
2009-06-25,92.30999755859375,68.20280456542969,57.478275299072266,26.360000610351562
2009-06-26,92.29000091552734,68.02503204345703,57.5756721496582,25.93000030517578
2009-06-29,92.04000091552734,68.66203308105469,57.660831451416016,25.350000381469727
2009-06-30,91.18000030517578,68.10652160644531,57.5634880065918,26.350000381469727
2009-07-01,92.38999938964844,68.38796997070312,57.449256896972656,26.219999313354492
2009-07-02,91.25,66.52140045166016,57.58364486694336,27.950000762939453
2009-07-06,90.76000213623047,66.51403045654297,57.4737434387207,29.0
2009-07-07,90.70999908447266,65.2252426147461,57.858428955078125,30.850000381469727
2009-07-08,89.2699966430664,65.18077850341797,58.92705154418945,31.299999237060547
2009-07-09,89.51000213623047,65.30665588378906,58.224815368652344,29.780000686645508
2009-07-10,89.58000183105469,65.15115356445312,58.76218032836914,29.020000457763672
2009-07-13,90.19000244140625,66.7362060546875,58.432395935058594,26.309999465942383
2009-07-14,90.80999755859375,67.11397552490234,57.46148681640625,25.020000457763672
2009-07-15,92.23999786376953,69.07678985595703,55.98374938964844,25.889999389648438
2009-07-16,91.9800033569336,68.96566772460938,56.58823776245117,25.420000076293945
2009-07-17,91.93000030517578,69.72118377685547,55.71501922607422,24.34000015258789
2009-07-20,93.27999877929688,70.46189880371094,56.00817108154297,24.399999618530273
2009-07-21,93.12999725341797,70.78782653808594,57.12563705444336,23.8700008392334
2009-07-22,93.44000244140625,70.77298736572266,56.612701416015625,23.469999313354492
2009-07-23,93.26000213623047,72.33586120605469,55.57462692260742,23.43000030517578
2009-07-24,93.41000366210938,72.63212585449219,55.84329605102539,23.09000015258789
2009-07-27,93.70999908447266,72.846923828125,55.20216751098633,24.280000686645508
2009-07-28,92.11000061035156,72.50618743896484,55.69060134887695,25.010000228881836
2009-07-29,91.19999694824219,72.32845306396484,55.99591064453125,25.610000610351562
2009-07-30,91.62000274658203,73.08394622802734,56.789825439453125,25.399999618530273
2009-07-31,93.3499984741211,73.1876220703125,57.89506912231445,25.920000076293945
2009-08-03,93.87000274658203,74.39496612548828,57.017677307128906,25.559999465942383
2009-08-04,94.68000030517578,74.58753204345703,56.56430435180664,24.889999389648438
2009-08-05,94.77999877929688,74.37274169921875,55.718772888183594,24.899999618530273
2009-08-06,94.5999984741211,73.98759460449219,55.908721923828125,25.670000076293945
2009-08-07,93.75,74.9578857421875,55.44306564331055,24.760000228881836
2009-08-10,92.93000030517578,74.80231475830078,56.13536071777344,24.989999771118164
2009-08-11,92.79000091552734,73.86906433105469,56.78488540649414,25.989999771118164
2009-08-12,92.94999694824219,74.66159057617188,56.178279876708984,25.450000762939453
2009-08-13,93.72000122070312,75.23196411132812,56.97478485107422,24.709999084472656
2009-08-14,93.0,74.65422821044922,57.19535827636719,24.270000457763672
2009-08-17,91.61000061035156,72.81732177734375,58.040889739990234,27.889999389648438
2009-08-18,92.05999755859375,73.39502716064453,57.703857421875,26.18000030517578
2009-08-19,92.52999877929688,74.03943634033203,58.18180465698242,26.260000228881836
2009-08-20,92.2699966430664,74.80231475830078,58.659690856933594,25.09000015258789
2009-08-21,93.6500015258789,76.26892852783203,57.452659606933594,25.010000228881836
2009-08-24,92.33999633789062,76.26152038574219,58.49428176879883,25.139999389648438
2009-08-25,92.76000213623047,76.40962982177734,58.8250846862793,24.920000076293945
2009-08-26,92.79000091552734,76.41703033447266,59.09473419189453,24.950000762939453
2009-08-27,93.19000244140625,76.58740234375,58.8619270324707,24.68000030517578
2009-08-28,93.87000274658203,76.57257080078125,59.13146209716797,24.760000228881836
2009-08-31,93.4000015258789,75.89115905761719,59.18663787841797,26.010000228881836
2009-09-01,93.9000015258789,74.21720886230469,59.04344177246094,29.149999618530273
2009-09-02,96.19000244140625,73.93573760986328,59.9039192199707,28.899999618530273
2009-09-03,97.45999908447266,74.5505142211914,59.53514862060547,27.100000381469727
2009-09-04,97.52999877929688,75.59489440917969,58.52092742919922,25.260000228881836
2009-09-08,97.43000030517578,76.24668884277344,58.10913848876953,25.6200008392334
2009-09-09,97.08000183105469,76.83182525634766,58.04152297973633,24.31999969482422
2009-09-10,97.69999694824219,77.61698150634766,59.111026763916016,23.549999237060547
2009-09-11,98.77999877929688,77.6021499633789,59.43678283691406,24.149999618530273
2009-09-14,97.95999908447266,77.97990417480469,58.846717834472656,23.860000610351562
2009-09-15,98.9000015258789,78.30583953857422,58.54551315307617,23.420000076293945
2009-09-16,99.91000366210938,79.4909439086914,58.650054931640625,23.690000534057617
2009-09-17,99.33999633789062,79.3724136352539,59.38766098022461,23.649999618530273
2009-09-18,98.66999816894531,79.42301177978516,58.858985900878906,23.920000076293945
2009-09-21,98.36000061035156,79.22208404541016,58.99427795410156,24.059999465942383
2009-09-22,99.66999816894531,79.68347930908203,59.1171760559082,23.079999923706055
2009-09-23,98.83000183105469,79.0211410522461,59.29541778564453,23.489999771118164
2009-09-24,97.55000305175781,78.15038299560547,59.467506408691406,24.950000762939453
2009-09-25,97.0,77.733642578125,60.223548889160156,25.610000610351562
2009-09-28,97.05000305175781,79.12530517578125,60.75217056274414,24.8799991607666
2009-09-29,97.43000030517578,78.88719940185547,60.69682312011719,25.190000534057617
2009-09-30,98.8499984741211,78.58204650878906,60.641475677490234,25.610000610351562
2009-10-01,97.88999938964844,76.6322021484375,61.4720344543457,28.270000457763672
2009-10-02,98.37000274658203,76.27497100830078,61.04656982421875,28.68000030517578
2009-10-05,99.81999969482422,77.41364288330078,61.052772521972656,26.84000015258789
2009-10-06,102.27999877929688,78.52250671386719,60.44845199584961,25.700000762939453
2009-10-07,102.36000061035156,78.73832702636719,61.1576042175293,24.68000030517578
2009-10-08,103.63999938964844,79.34114074707031,60.516292572021484,24.18000030517578
2009-10-09,102.83999633789062,79.82489013671875,59.12907791137695,23.1200008392334
2009-10-12,103.55999755859375,80.137451171875,59.22154235839844,23.010000228881836
2009-10-13,104.26000213623047,79.97370910644531,59.52982711791992,22.989999771118164
2009-10-14,104.18000030517578,81.35051727294922,58.64814758300781,22.860000610351562
2009-10-15,102.86000061035156,81.6482162475586,58.37685775756836,21.719999313354492
2009-10-16,103.18000030517578,81.03797149658203,58.85160446166992,21.43000030517578
2009-10-19,104.2300033569336,81.70777130126953,59.314064025878906,21.489999771118164
2009-10-20,103.41999816894531,81.276123046875,59.63465118408203,20.899999618530273
2009-10-21,103.75,80.5467758178711,59.27701187133789,22.219999313354492
2009-10-22,103.91999816894531,81.36544036865234,58.98723220825195,20.690000534057617
2009-10-23,103.48999786376953,80.43516540527344,58.543296813964844,22.270000457763672
2009-10-26,101.86000061035156,79.56439971923828,57.78495407104492,24.309999465942383
2009-10-27,101.8499984741211,79.19976806640625,58.57415771484375,24.829999923706055
2009-10-28,100.7300033569336,77.703857421875,58.85160446166992,27.90999984741211
2009-10-29,102.69000244140625,79.37091064453125,58.210350036621094,24.760000228881836
2009-10-30,102.52999877929688,77.07128143310547,59.055057525634766,30.690000534057617
2009-11-02,103.94999694824219,77.63688659667969,58.794097900390625,29.780000686645508
2009-11-03,106.45999908447266,77.8824691772461,58.206382751464844,28.809999465942383
2009-11-04,107.0999984741211,78.08345031738281,57.67449188232422,27.719999313354492
2009-11-05,106.9800033569336,79.51974487304688,57.67449188232422,25.43000030517578
2009-11-06,107.43000030517578,79.72813415527344,57.73014450073242,24.190000534057617
2009-11-09,108.19000244140625,81.54402923583984,57.79814910888672,23.149999618530273
2009-11-10,108.38999938964844,81.55891418457031,57.69300079345703,22.84000015258789
2009-11-11,109.5999984741211,81.97566986083984,57.934288024902344,23.040000915527344
2009-11-12,108.20999908447266,81.14215087890625,57.8291130065918,24.239999771118164
2009-11-13,109.73999786376953,81.58125305175781,58.09503936767578,23.360000610351562
2009-11-16,111.62999725341797,82.76457977294922,58.77545928955078,22.889999389648438
2009-11-17,111.97000122070312,82.86127471923828,59.090938568115234,22.40999984741211
2009-11-18,112.25,82.80921936035156,58.74457931518555,21.6299991607666
2009-11-19,112.30000305175781,81.73008728027344,58.8497314453125,22.6299991607666
2009-11-20,112.94000244140625,81.43986511230469,58.837364196777344,22.190000534057617
2009-11-23,114.29000091552734,82.47431945800781,58.76313400268555,21.15999984741211
2009-11-24,114.7300033569336,82.60082244873047,59.134239196777344,20.469999313354492
2009-11-25,116.62000274658203,82.89107513427734,59.406410217285156,20.479999542236328
2009-11-27,115.05999755859375,81.54402923583984,59.62907028198242,24.739999771118164
2009-11-30,115.63999938964844,81.81937408447266,59.7713737487793,24.510000228881836
2009-12-01,117.37999725341797,82.83153533935547,59.10552215576172,21.920000076293945
2009-12-02,119.18000030517578,82.79432678222656,59.15517044067383,21.1200008392334
2009-12-03,118.69999694824219,82.14684295654297,58.5408935546875,22.459999084472656
2009-12-04,113.75,82.6156997680664,57.920326232910156,21.25
2009-12-07,113.11000061035156,82.4892349243164,57.99479675292969,22.100000381469727
2009-12-08,110.94999694824219,81.57379150390625,58.08168029785156,23.690000534057617
2009-12-09,110.83999633789062,81.87893676757812,57.81482696533203,22.65999984741211
2009-12-10,110.81999969482422,82.34037780761719,57.15086364746094,22.31999969482422
2009-12-11,109.31999969482422,82.69013977050781,57.144691467285156,21.59000015258789
2009-12-14,110.23999786376953,83.2557373046875,57.21289825439453,21.149999618530273
2009-12-15,110.20999908447266,82.86873626708984,56.95851135253906,21.489999771118164
2009-12-16,111.58999633789062,82.99522399902344,56.89026641845703,20.540000915527344
2009-12-17,107.33999633789062,81.9980239868164,57.827266693115234,22.510000228881836
2009-12-18,108.94999694824219,82.46188354492188,57.5789909362793,21.68000030517578
2009-12-21,106.94999694824219,83.29991149902344,56.55515670776367,20.489999771118164
2009-12-22,106.16999816894531,83.59923553466797,56.23868179321289,19.540000915527344
2009-12-23,106.55000305175781,83.76380920410156,56.25111389160156,19.709999084472656
2009-12-24,108.36000061035156,84.16036987304688,55.667789459228516,19.469999313354492
2009-12-28,108.55000305175781,84.3399658203125,55.512672424316406,19.93000030517578
2009-12-29,107.47000122070312,84.22025299072266,55.87884521484375,20.010000228881836
2009-12-30,106.93000030517578,84.1903076171875,56.24624252319336,19.959999084472656
2009-12-31,107.30999755859375,83.38220977783203,55.978416442871094,21.68000030517578
2010-01-04,109.80000305175781,84.7963638305664,55.92866897583008,20.040000915527344
2010-01-05,109.69999694824219,85.02085876464844,56.289825439453125,19.350000381469727
2010-01-06,111.51000213623047,85.0807113647461,55.536312103271484,19.15999984741211
2010-01-07,110.81999969482422,85.4398422241211,55.62973403930664,19.059999465942383
2010-01-08,111.37000274658203,85.72416687011719,55.604820251464844,18.1299991607666
2010-01-11,112.8499984741211,85.84388732910156,55.2996826171875,17.549999237060547
2010-01-12,110.48999786376953,85.04328918457031,56.24624252319336,18.25
2010-01-13,111.54000091552734,85.7615737915039,55.592376708984375,17.850000381469727
2010-01-14,112.02999877929688,85.99353790283203,56.37079620361328,17.6299991607666
2010-01-15,110.86000061035156,85.02833557128906,56.71953201293945,17.90999984741211
2010-01-19,111.5199966430664,86.09078216552734,56.5576171875,17.579999923706055
2010-01-20,108.94000244140625,85.21539306640625,57.13054275512695,18.68000030517578
2010-01-21,107.37000274658203,83.57676696777344,57.392112731933594,22.270000457763672
2010-01-22,107.16999816894531,81.71369934082031,57.29246139526367,27.309999465942383
2010-01-25,107.4800033569336,82.13270568847656,57.030914306640625,25.40999984741211
2010-01-26,107.55999755859375,81.7884750366211,57.049598693847656,24.549999237060547
2010-01-27,106.52999877929688,82.17757415771484,57.01847457885742,23.139999389648438
2010-01-28,106.4800033569336,81.23482513427734,56.9872932434082,23.729999542236328
2010-01-29,105.95999908447266,80.35194396972656,57.48552703857422,24.6200008392334
2010-02-01,108.3499984741211,81.6014404296875,56.963680267333984,22.59000015258789
2010-02-02,109.12999725341797,82.58912658691406,57.12617492675781,21.479999542236328
2010-02-03,108.69999694824219,82.17757415771484,56.46371078491211,21.600000381469727
2010-02-04,104.37000274658203,79.64110565185547,57.35739517211914,26.079999923706055
2010-02-05,104.68000030517578,79.80571746826172,57.48234939575195,26.110000610351562
2010-02-08,104.04000091552734,79.22960662841797,57.557334899902344,26.510000228881836
2010-02-09,105.41000366210938,80.22472381591797,56.98245620727539,26.0
2010-02-10,105.12000274658203,80.06755065917969,56.4387321472168,25.399999618530273
2010-02-11,107.12999725341797,80.9056167602539,56.132484436035156,23.959999084472656
2010-02-12,107.04000091552734,80.83824157714844,56.36371994018555,22.729999542236328
2010-02-16,109.62000274658203,82.11024475097656,56.46995544433594,22.25
2010-02-17,109.25,82.49931335449219,55.82625198364258,21.719999313354492
2010-02-18,109.9800033569336,82.98567962646484,55.6013298034668,20.6299991607666
2010-02-19,109.47000122070312,83.15775299072266,55.901275634765625,20.020000457763672
2010-02-22,109.06999969482422,83.17276000976562,55.6700325012207,19.940000534057617
2010-02-23,107.88999938964844,82.16260528564453,56.53873062133789,21.3700008392334
2010-02-24,107.36000061035156,82.9183120727539,56.67619323730469,20.270000457763672
2010-02-25,108.30999755859375,82.80609893798828,56.994964599609375,20.100000381469727
2010-02-26,109.43000030517578,82.85851287841797,57.288658142089844,19.5
2010-03-01,109.43000030517578,83.71894836425781,57.26355743408203,19.260000228881836
2010-03-02,111.0199966430664,83.95085906982422,57.1883659362793,19.059999465942383
2010-03-03,111.62999725341797,84.02568817138672,57.04415512084961,18.829999923706055
2010-03-04,110.83000183105469,84.28009796142578,57.34510040283203,18.719999313354492
2010-03-05,110.80999755859375,85.48477172851562,56.59273147583008,17.420000076293945
2010-03-08,109.87999725341797,85.49970245361328,56.29812240600586,17.790000915527344
2010-03-09,109.72000122070312,85.64188385009766,56.31066131591797,17.920000076293945
2010-03-10,108.47000122070312,86.02348327636719,56.166439056396484,18.56999969482422
2010-03-11,108.5999984741211,86.38262176513672,56.37330627441406,18.059999465942383
2010-03-12,107.94999694824219,86.39010620117188,56.72443389892578,17.579999923706055
2010-03-15,108.36000061035156,86.41256713867188,56.649208068847656,18.0
2010-03-16,110.4000015258789,87.10087585449219,57.100589752197266,17.690000534057617
2010-03-17,109.58999633789062,87.61717987060547,57.34510040283203,16.90999984741211
2010-03-18,110.33999633789062,87.57233428955078,57.157020568847656,16.6200008392334
2010-03-19,108.27999877929688,87.12902069091797,57.213462829589844,16.969999313354492
2010-03-22,107.75,87.59480285644531,57.2761344909668,16.8700008392334
2010-03-23,108.31999969482422,88.2109146118164,57.00654220581055,16.350000381469727
2010-03-24,106.30000305175781,87.78266143798828,55.96585464477539,17.549999237060547
2010-03-25,106.77999877929688,87.63990020751953,55.60849380493164,18.399999618530273
2010-03-26,108.58999633789062,87.58731079101562,55.76520538330078,17.770000457763672
2010-03-29,108.75,88.14326477050781,55.552059173583984,17.59000015258789
2010-03-30,107.97000122070312,88.20338439941406,55.727630615234375,17.1299991607666
2010-03-31,108.94999694824219,87.90284729003906,56.11005401611328,17.59000015258789
2010-04-01,110.26000213623047,88.50392150878906,55.97285079956055,17.469999313354492
2010-04-05,110.88999938964844,89.22516632080078,55.04154586791992,17.020000457763672
2010-04-06,111.02999877929688,89.43553161621094,55.12964630126953,16.229999542236328
2010-04-07,112.48999786376953,88.92463684082031,55.834388732910156,16.6200008392334
2010-04-08,112.6500015258789,89.23268127441406,55.85960006713867,16.479999542236328
2010-04-09,113.63999938964844,89.81871032714844,55.99175262451172,16.139999389648438
2010-04-12,113.01000213623047,89.96143341064453,56.2874755859375,15.579999923706055
2010-04-13,112.69000244140625,90.02906036376953,56.46997833251953,16.200000762939453
2010-04-14,113.02999877929688,91.05084228515625,56.073490142822266,15.59000015258789
2010-04-15,113.6500015258789,91.12598419189453,56.13645553588867,15.890000343322754
2010-04-16,111.23999786376953,89.67591857910156,56.545494079589844,18.360000610351562
2010-04-19,111.1500015258789,90.01403045654297,56.40704345703125,17.34000015258789
2010-04-20,111.45999908447266,90.81790161132812,56.608402252197266,15.729999542236328
2010-04-21,112.30999755859375,90.65266418457031,57.074073791503906,16.31999969482422
2010-04-22,111.83999633789062,90.92312622070312,56.90415573120117,16.469999313354492
2010-04-23,113.19000244140625,91.51667022705078,56.702816009521484,16.6200008392334
2010-04-26,112.75,91.17103576660156,56.76570510864258,17.469999313354492
2010-04-27,114.62999725341797,89.01480102539062,57.56485366821289,22.809999465942383
2010-04-28,114.30999755859375,89.69097900390625,57.074073791503906,21.079999923706055
2010-04-29,114.27999877929688,90.80290985107422,57.313167572021484,18.440000534057617
2010-04-30,115.36000061035156,89.26272583007812,57.97385787963867,22.049999237060547
2010-05-03,115.7300033569336,90.41975402832031,57.89815902709961,20.190000534057617
2010-05-04,114.87000274658203,88.29354095458984,58.940006256103516,23.84000015258789
2010-05-05,115.08999633789062,87.76764678955078,59.28732681274414,24.90999984741211
2010-05-06,118.48999786376953,84.85256958007812,61.118553161621094,32.79999923706055
2010-05-07,118.2699966430664,83.59037780761719,60.354488372802734,40.95000076293945
2010-05-10,117.56999969482422,87.27176666259766,59.10420227050781,28.84000015258789
2010-05-11,120.66000366210938,87.02379608154297,58.95269775390625,28.31999969482422
2010-05-12,121.4000015258789,88.24095153808594,58.50432205200195,25.520000457763672
2010-05-13,120.55999755859375,87.14404296875,58.8895263671875,26.68000030517578
2010-05-14,120.37000274658203,85.56631469726562,59.91248321533203,31.239999771118164
2010-05-17,119.36000061035156,85.61140441894531,59.691471099853516,30.84000015258789
2010-05-18,119.48999786376953,84.44688415527344,60.60707473754883,33.54999923706055
2010-05-19,116.62999725341797,83.96604919433594,60.80911636352539,35.31999969482422
2010-05-20,115.83999633789062,80.79550170898438,62.09095001220703,45.790000915527344
2010-05-21,115.22000122070312,81.97504425048828,62.15414047241211,40.099998474121094
2010-05-24,116.83999633789062,80.92326354980469,61.9394416809082,38.31999969482422
2010-05-25,117.36000061035156,81.00585174560547,62.24256896972656,34.61000061035156
2010-05-26,118.47000122070312,80.51753234863281,62.06573486328125,35.02000045776367
2010-05-27,118.69000244140625,83.21471405029297,60.65758514404297,29.68000030517578
2010-05-28,118.87999725341797,82.1703872680664,60.93545150756836,32.06999969482422
2010-06-01,119.91000366210938,80.78800964355469,61.363739013671875,35.540000915527344
2010-06-02,119.77999877929688,82.89165496826172,60.78083419799805,30.170000076293945
2010-06-03,117.95999908447266,83.1771469116211,60.33730697631836,29.459999084472656
2010-06-04,119.19000244140625,80.25457763671875,61.9593391418457,35.47999954223633
2010-06-07,121.48999786376953,79.25531768798828,62.43452835083008,36.56999969482422
2010-06-08,121.0,80.10428619384766,62.12408447265625,33.70000076293945
2010-06-09,120.55999755859375,79.67606353759766,62.05438995361328,33.72999954223633
2010-06-10,118.97000122070312,82.00511169433594,60.94557189941406,30.56999969482422
2010-06-11,120.01000213623047,82.40328979492188,61.718544006347656,28.790000915527344
2010-06-14,119.5999984741211,82.27556610107422,61.4017219543457,28.579999923706055
2010-06-15,120.98999786376953,84.14632415771484,61.14830017089844,25.8700008392334
2010-06-16,120.33000183105469,84.1163101196289,61.496803283691406,25.920000076293945
2010-06-17,121.9000015258789,84.25150299072266,61.997310638427734,25.049999237060547
2010-06-18,122.83000183105469,84.34288024902344,61.895965576171875,23.950000762939453
2010-06-21,120.38999938964844,84.1012954711914,61.718544006347656,24.8799991607666
2010-06-22,121.44999694824219,82.71231079101562,62.45353698730469,27.049999237060547
2010-06-23,120.94999694824219,82.45568084716797,62.878047943115234,26.90999984741211
2010-06-24,121.30000305175781,81.08931732177734,62.504215240478516,29.739999771118164
2010-06-25,122.76000213623047,81.42904663085938,62.75763702392578,28.530000686645508
2010-06-28,121.08999633789062,81.17237854003906,63.34687042236328,29.0
2010-06-29,121.2699966430664,78.66614532470703,64.03753662109375,34.130001068115234
2010-06-30,121.68000030517578,77.91880798339844,64.46831512451172,34.540000915527344
2010-07-01,117.04000091552734,77.57157897949219,64.5700454711914,32.86000061035156
2010-07-02,118.48999786376953,77.14886474609375,64.05528259277344,30.1200008392334
2010-07-06,116.51000213623047,77.65460205078125,64.58271026611328,29.649999618530273
2010-07-07,117.7300033569336,80.10043334960938,63.82645034790039,26.84000015258789
2010-07-08,117.20999908447266,80.89306640625,63.41974639892578,25.709999084472656
2010-07-09,118.36000061035156,81.49693298339844,63.05746841430664,24.979999542236328
2010-07-12,117.33999633789062,81.54978942871094,63.032073974609375,24.43000030517578
2010-07-13,118.36000061035156,82.78025817871094,62.49180603027344,24.559999465942383
2010-07-14,118.30000305175781,82.77271270751953,63.121070861816406,24.889999389648438
2010-07-15,118.2300033569336,82.79534912109375,63.75019836425781,25.139999389648438
2010-07-16,116.66999816894531,80.51563262939453,64.06159210205078,26.25
2010-07-19,115.7300033569336,80.99120330810547,63.667579650878906,25.969999313354492
2010-07-20,116.6500015258789,81.8895034790039,63.762901306152344,23.93000030517578
2010-07-21,115.8499984741211,80.82511138916016,64.84333801269531,25.639999389648438
2010-07-22,116.86000061035156,82.6292724609375,64.09337615966797,24.6299991607666
2010-07-23,116.08999633789062,83.34639739990234,63.41339874267578,23.469999313354492
2010-07-26,115.5199966430664,84.21451568603516,63.30534362792969,22.729999542236328
2010-07-27,113.51000213623047,84.20697021484375,62.695228576660156,23.190000534057617
2010-07-28,113.77999877929688,83.66349029541016,62.898597717285156,24.25
2010-07-29,114.29000091552734,83.25585174560547,62.87952423095703,24.1299991607666
2010-07-30,115.48999786376953,83.24071502685547,63.8582878112793,23.5
2010-08-02,115.54000091552734,85.12039184570312,62.96175765991211,22.010000228881836
2010-08-03,115.98999786376953,84.71277618408203,63.32522201538086,22.6299991607666
2010-08-04,116.72000122070312,85.27889251708984,62.84065246582031,22.209999084472656
2010-08-05,116.9800033569336,85.18832397460938,63.133934020996094,22.100000381469727
2010-08-06,117.83999633789062,84.84107208251953,63.82252883911133,21.739999771118164
2010-08-09,117.4000015258789,85.29402160644531,63.586647033691406,22.139999389648438
2010-08-10,117.7300033569336,84.83353424072266,63.72053909301758,22.3700008392334
2010-08-11,117.33999633789062,82.50849914550781,64.57493591308594,25.389999389648438
2010-08-12,118.7699966430664,82.00273895263672,64.41553497314453,25.729999542236328
2010-08-13,118.73999786376953,81.76118469238281,65.21884155273438,26.239999771118164
2010-08-16,119.7300033569336,81.72340393066406,66.85108947753906,26.100000381469727
2010-08-17,119.75,82.7273941040039,66.46855926513672,24.329999923706055
2010-08-18,120.22000122070312,82.87838745117188,66.6470718383789,24.59000015258789
2010-08-19,120.38999938964844,81.43656158447266,67.68629455566406,26.440000534057617
2010-08-20,119.97000122070312,81.17237854003906,67.60983276367188,25.489999771118164
2010-08-23,119.77999877929688,80.86286163330078,67.62258911132812,25.65999984741211
2010-08-24,120.36000061035156,79.66260528564453,68.70647430419922,27.459999084472656
2010-08-25,121.36000061035156,79.97209167480469,68.48328399658203,26.700000762939453
2010-08-26,120.95999908447266,79.43614196777344,69.12731170654297,27.3700008392334
2010-08-27,121.01000213623047,80.66658782958984,67.16990661621094,24.450000762939453
2010-08-30,120.91000366210938,79.49652099609375,68.45780181884766,27.209999084472656
2010-08-31,122.08000183105469,79.49652099609375,69.21652221679688,26.049999237060547
2010-09-01,121.69000244140625,81.87440490722656,67.78538513183594,23.889999389648438
2010-09-02,122.29000091552734,82.63681030273438,67.06916046142578,23.190000534057617
2010-09-03,121.86000061035156,83.70877838134766,66.23784637451172,21.309999465942383
2010-09-07,122.69999694824219,82.7651596069336,67.59346008300781,23.799999237060547
2010-09-08,122.70999908447266,83.34639739990234,67.056396484375,23.25
2010-09-09,121.55999755859375,83.7314224243164,65.73265075683594,22.809999465942383
2010-09-10,121.7300033569336,84.15413665771484,65.4321060180664,21.989999771118164
2010-09-13,121.62000274658203,85.0901870727539,65.75181579589844,21.209999084472656
2010-09-14,124.0199966430664,85.037353515625,66.38489532470703,21.559999465942383
2010-09-15,123.94000244140625,85.36193084716797,65.40008544921875,22.100000381469727
2010-09-16,124.62999725341797,85.33929443359375,64.75424194335938,21.719999313354492
2010-09-17,124.54000091552734,85.37116241455078,65.01641082763672,22.010000228881836
2010-09-20,124.87000274658203,86.67655181884766,65.39371490478516,21.5
2010-09-21,126.01000213623047,86.50196075439453,66.30171966552734,22.350000381469727
2010-09-22,126.19999694824219,86.07698059082031,66.89653778076172,22.510000228881836
2010-09-23,126.30000305175781,85.3787612915039,67.08833312988281,23.8700008392334
2010-09-24,126.69000244140625,87.13946533203125,66.18669891357422,21.709999084472656
2010-09-27,126.72000122070312,86.7220687866211,67.33773040771484,22.540000915527344
2010-09-28,127.8499984741211,87.02561950683594,67.79814147949219,22.600000381469727
2010-09-29,127.94999694824219,86.8738784790039,67.51676940917969,23.25
2010-09-30,127.91000366210938,86.61580657958984,67.47209167480469,23.700000762939453
2010-10-01,128.91000366210938,86.9801025390625,67.14595031738281,22.5
2010-10-04,128.4600067138672,86.327392578125,67.31927490234375,23.530000686645508
2010-10-05,130.99000549316406,88.06535339355469,66.91484832763672,21.760000228881836
2010-10-06,131.80999755859375,88.05777740478516,67.75572967529297,21.489999771118164
2010-10-07,130.3699951171875,87.9515151977539,67.19082641601562,21.559999465942383
2010-10-08,131.66000366210938,88.44477844238281,66.8956527709961,20.709999084472656
2010-10-11,132.2899932861328,88.52828979492188,66.90845489501953,18.959999084472656
2010-10-12,131.9600067138672,88.8015365600586,66.24735260009766,18.93000030517578
2010-10-13,134.07000732421875,89.49214172363281,66.14466857910156,19.06999969482422
2010-10-14,134.75,89.14302062988281,65.15617370605469,19.8799991607666
2010-10-15,133.67999267578125,89.32514953613281,64.36023712158203,19.030000686645508
2010-10-18,134.27999877929688,89.76534271240234,64.88017272949219,19.09000015258789
2010-10-19,130.11000061035156,88.5889892578125,65.27172088623047,20.6299991607666
2010-10-20,131.32000732421875,89.45415496826172,65.41291046142578,19.790000915527344
2010-10-21,129.47000122070312,89.65149688720703,64.63629150390625,19.270000457763672
2010-10-22,129.72999572753906,89.81846618652344,65.07270050048828,18.780000686645508
2010-10-25,130.85000610351562,90.08407592773438,65.25884246826172,19.850000381469727
2010-10-26,130.8800048828125,90.0992660522461,64.25111389160156,20.219999313354492
2010-10-27,129.52000427246094,89.8412094116211,63.6862907409668,20.709999084472656
2010-10-28,131.24000549316406,89.85641479492188,63.859596252441406,20.8799991607666
2010-10-29,132.6199951171875,89.9247055053711,64.45655059814453,21.200000762939453
2010-11-01,131.9199981689453,89.9550552368164,64.17901611328125,21.829999923706055
2010-11-02,132.49000549316406,90.66846466064453,65.02253723144531,21.56999969482422
2010-11-03,131.57000732421875,91.03274536132812,63.69606399536133,19.559999465942383
2010-11-04,136.02999877929688,92.785888671875,64.19181823730469,18.520000457763672
2010-11-05,136.3800048828125,93.1349868774414,63.09072494506836,18.260000228881836
2010-11-08,137.77999877929688,92.96039581298828,63.37409973144531,18.290000915527344
2010-11-09,135.58999633789062,92.29254150390625,61.976768493652344,19.079999923706055
2010-11-10,137.24000549316406,92.6644058227539,62.060482025146484,18.469999313354492
2010-11-11,137.66000366210938,92.31531524658203,62.02830123901367,18.639999389648438
2010-11-12,133.69000244140625,91.22245788574219,61.69345474243164,20.610000610351562
2010-11-15,132.4199981689453,91.09346008300781,60.40565490722656,20.200000762939453
2010-11-16,130.97000122070312,89.67427062988281,61.90595626831055,22.579999923706055
2010-11-17,130.3800048828125,89.71976470947266,61.56465530395508,21.760000228881836
2010-11-18,132.08999633789062,91.0403060913086,61.81583786010742,18.75
2010-11-19,132.1999969482422,91.29076385498047,62.195762634277344,18.040000915527344
2010-11-22,133.47999572753906,91.21487426757812,62.4597282409668,18.3700008392334
2010-11-23,134.41000366210938,89.89437866210938,62.76883316040039,20.6299991607666
2010-11-24,134.17999267578125,91.22245788574219,61.64840316772461,19.559999465942383
2010-11-26,133.11000061035156,90.15997314453125,62.50477981567383,22.219999313354492
2010-11-29,133.50999450683594,90.43321990966797,63.03922653198242,21.530000686645508
2010-11-30,135.4199981689453,89.9247055053711,63.36764907836914,23.540000915527344
2010-12-01,135.3800048828125,91.83718872070312,61.95903778076172,21.360000610351562
2010-12-02,135.1999969482422,93.0135498046875,61.79753875732422,19.389999389648438
2010-12-03,138.07000732421875,93.26398468017578,61.31290817260742,18.010000228881836
2010-12-06,139.11000061035156,93.16533660888672,62.17871856689453,18.020000457763672
2010-12-07,136.5,93.21843719482422,60.847686767578125,17.989999771118164
2010-12-08,134.7899932861328,93.5599365234375,60.259681701660156,17.739999771118164
2010-12-09,135.3699951171875,93.92423248291016,60.556907653808594,17.25
2010-12-10,135.41000366210938,94.47065734863281,60.18865966796875,17.610000610351562
2010-12-13,136.0500030517578,94.53133392333984,60.4147834777832,17.549999237060547
2010-12-14,136.17999267578125,94.61483001708984,59.53602981567383,17.610000610351562
2010-12-15,134.6999969482422,94.18225860595703,58.760623931884766,17.940000534057617
2010-12-16,133.80999755859375,94.72869873046875,59.16770553588867,17.389999389648438
2010-12-17,134.1999969482422,94.83019256591797,60.246768951416016,16.110000610351562
2010-12-20,135.11000061035156,95.05904388427734,60.182159423828125,16.40999984741211
2010-12-21,135.32000732421875,95.66173553466797,60.60212707519531,16.489999771118164
2010-12-22,135.0500030517578,95.95928192138672,60.169254302978516,15.449999809265137
2010-12-23,134.66000366210938,95.82196807861328,60.0465087890625,16.469999313354492
2010-12-27,135.02000427246094,95.86009216308594,60.58278274536133,17.670000076293945
2010-12-28,137.22000122070312,95.99742126464844,59.39624786376953,17.520000457763672
2010-12-29,137.7100067138672,96.06605529785156,60.40119552612305,17.280000686645508
2010-12-30,137.02999877929688,95.91352844238281,60.3558349609375,17.520000457763672
2010-12-31,138.72000122070312,95.9364013671875,61.02365493774414,17.75
2011-01-03,138.0,96.92818450927734,60.563323974609375,17.610000610351562
2011-01-04,134.75,96.874755859375,60.634620666503906,17.3799991607666
2011-01-05,134.3699951171875,97.37828826904297,59.299007415771484,17.020000457763672
2011-01-06,133.8300018310547,97.18759155273438,59.558326721191406,17.399999618530273
2011-01-07,133.5800018310547,96.996826171875,59.87605285644531,17.139999389648438
2011-01-10,134.1199951171875,96.874755859375,60.20021438598633,17.540000915527344
2011-01-11,134.91000366210938,97.21807861328125,59.863040924072266,16.889999389648438
2011-01-12,135.4600067138672,98.09542846679688,59.39624786376953,16.239999771118164
2011-01-13,134.0500030517578,97.93519592285156,59.927913665771484,16.389999389648438
2011-01-14,132.69000244140625,98.64472198486328,59.545379638671875,15.460000038146973
2011-01-18,133.42999267578125,98.81255340576172,59.2666015625,15.869999885559082
2011-01-19,133.72000122070312,97.8436508178711,59.69449234008789,17.309999465942383
2011-01-20,131.1999969482422,97.71397399902344,58.87110137939453,17.989999771118164
2011-01-21,131.02999877929688,97.93519592285156,59.337913513183594,18.469999313354492
2011-01-24,130.36000061035156,98.49213409423828,59.363887786865234,17.649999618530273
2011-01-25,130.10000610351562,98.54551696777344,59.927913665771484,17.59000015258789
2011-01-26,131.16000366210938,98.927001953125,59.02022171020508,16.639999389648438
2011-01-27,127.93000030517578,99.1711196899414,59.28602981567383,16.149999618530273
2011-01-28,130.27999877929688,97.4393539428711,59.59729766845703,20.040000915527344
2011-01-31,129.8699951171875,98.1717300415039,59.14341354370117,19.530000686645508
2011-02-01,130.8000030517578,99.74332427978516,58.85065841674805,17.6299991607666
2011-02-02,130.4499969482422,99.5525894165039,58.86363220214844,17.299999237060547
2011-02-03,132.1999969482422,99.7738265991211,58.37561798095703,16.690000534057617
2011-02-04,131.66000366210938,100.05610656738281,57.78352737426758,15.930000305175781
2011-02-07,131.67999267578125,100.68170166015625,58.082881927490234,16.280000686645508
2011-02-08,133.13999938964844,101.13945770263672,57.549320220947266,15.8100004196167
2011-02-09,133.07000732421875,100.91056823730469,58.05032730102539,15.869999885559082
2011-02-10,132.85000610351562,100.94876098632812,57.38016891479492,16.09000015258789
2011-02-11,132.32000732421875,101.55139923095703,58.20647048950195,15.6899995803833
2011-02-14,132.9499969482422,101.79553985595703,58.24551773071289,15.949999809265137
2011-02-15,133.97000122070312,101.47511291503906,58.50578308105469,16.3700008392334
2011-02-16,134.10000610351562,102.11595916748047,58.31708526611328,16.719999313354492
2011-02-17,135.0399932861328,102.42117309570312,58.40816116333008,16.59000015258789
2011-02-18,135.41000366210938,102.634765625,58.225990295410156,16.43000030517578
2011-02-22,136.2899932861328,100.57492065429688,59.09784698486328,20.799999237060547
2011-02-23,137.50999450683594,99.9569320678711,59.3126335144043,22.1299991607666
2011-02-24,136.47999572753906,99.8882827758789,59.689964294433594,21.31999969482422
2011-02-25,137.3800048828125,100.95638275146484,60.04130172729492,19.219999313354492
2011-02-28,137.66000366210938,101.5819320678711,60.119384765625,18.350000381469727
2011-03-01,140.02999877929688,99.8882827758789,60.29365921020508,21.010000228881836
2011-03-02,139.9199981689453,100.10189819335938,59.36677932739258,20.700000762939453
2011-03-03,138.08999633789062,101.82603454589844,58.78584671020508,18.600000381469727
2011-03-04,139.35000610351562,101.06314086914062,59.27534866333008,19.059999465942383
2011-03-07,139.72000122070312,100.26973724365234,58.89680862426758,20.65999984741211
2011-03-08,139.36000061035156,101.1470718383789,58.53774642944336,19.81999969482422
2011-03-09,139.41000366210938,101.00212860107422,59.10567092895508,20.219999313354492
2011-03-10,137.77000427246094,99.13300323486328,60.09783935546875,21.8799991607666
2011-03-11,138.22000122070312,99.81962585449219,59.75839614868164,20.079999923706055
2011-03-14,138.86000061035156,99.21692657470703,59.7322998046875,21.1299991607666
2011-03-15,136.27000427246094,98.08014678955078,60.626564025878906,24.31999969482422
2011-03-16,136.24000549316406,96.26444244384766,61.311927795410156,29.399999618530273
2011-03-17,136.97000122070312,97.53849029541016,60.841915130615234,26.3700008392334
2011-03-18,138.3699951171875,97.89326477050781,61.005149841308594,24.440000534057617
2011-03-21,139.13999938964844,99.4104232788086,60.64612579345703,20.610000610351562
2011-03-22,139.0500030517578,99.06558227539062,60.84847640991211,20.209999084472656
2011-03-23,140.33999633789062,99.34912109375,60.77017593383789,19.170000076293945
2011-03-24,139.22000122070312,100.2992172241211,60.313236236572266,18.0
2011-03-25,139.25999450683594,100.60572052001953,60.163108825683594,17.90999984741211
2011-03-28,138.5399932861328,100.36050415039062,60.24800109863281,19.440000534057617
2011-03-29,138.2100067138672,101.03482055664062,59.78451919555664,18.15999984741211
2011-03-30,138.6699981689453,101.73208618164062,60.261051177978516,17.709999084472656
2011-03-31,139.86000061035156,101.59414672851562,60.13697814941406,17.739999771118164
2011-04-01,139.1999969482422,102.02323150634766,60.42931365966797,17.399999618530273
2011-04-04,139.83999633789062,102.10750579833984,60.494895935058594,17.5
2011-04-05,142.0500030517578,102.09217834472656,60.252357482910156,17.25
2011-04-06,142.3800048828125,102.41401672363281,59.347808837890625,16.899999618530273
2011-04-07,142.50999450683594,102.15350341796875,59.229793548583984,17.110000610351562
2011-04-08,143.66000366210938,101.80103302001953,58.91518020629883,17.8700008392334
2011-04-11,142.63999938964844,101.49455261230469,58.967559814453125,16.59000015258789
2011-04-12,141.61000061035156,100.7359619140625,59.60344696044922,17.09000015258789
2011-04-13,141.89999389648438,100.72832489013672,59.977073669433594,16.920000076293945
2011-04-14,143.80999755859375,100.80491638183594,59.931190490722656,16.270000457763672
2011-04-15,145.0500030517578,101.17268371582031,60.74396514892578,15.319999694824219
2011-04-18,145.92999267578125,100.0386962890625,60.88163757324219,16.959999084472656
2011-04-19,145.92999267578125,100.61336517333984,61.14384460449219,15.829999923706055
2011-04-20,146.5,101.98493194580078,60.75053405761719,15.069999694824219
2011-04-21,146.74000549316406,102.50595092773438,60.698062896728516,14.6899995803833
2011-04-25,146.8699951171875,102.3986587524414,60.92749786376953,15.770000457763672
2011-04-26,146.3800048828125,103.27986145019531,61.517425537109375,15.619999885559082
2011-04-27,149.1999969482422,103.95414733886719,60.88817596435547,15.350000381469727
2011-04-28,149.82000732421875,104.29126739501953,61.35357666015625,14.619999885559082
2011-04-29,152.3699951171875,104.53648376464844,61.54365921020508,14.75
2011-05-02,150.41000366210938,104.3755111694336,61.642417907714844,15.989999771118164
2011-05-03,149.8800048828125,104.00010681152344,61.99126434326172,16.700000762939453
2011-05-04,147.72999572753906,103.31047821044922,62.26778030395508,17.079999923706055
2011-05-05,143.47000122070312,102.37567901611328,62.86027145385742,18.200000762939453
2011-05-06,145.3000030517578,102.8277816772461,62.58381271362305,18.399999618530273
2011-05-09,147.3800048828125,103.22620391845703,62.51797866821289,17.15999984741211
2011-05-10,147.89999389648438,104.10734558105469,62.0703010559082,15.90999984741211
2011-05-11,146.5399932861328,103.01167297363281,62.42580795288086,16.950000762939453
2011-05-12,146.58999633789062,103.50202941894531,62.03078842163086,16.030000686645508
2011-05-13,145.6300048828125,102.7051773071289,62.59034729003906,17.06999969482422
2011-05-16,145.3699951171875,102.05387878417969,62.939239501953125,18.239999771118164
2011-05-17,144.74000549316406,102.03854370117188,63.584354400634766,17.549999237060547
2011-05-18,145.60000610351562,102.95035552978516,62.74174118041992,16.229999542236328
2011-05-19,145.64999389648438,103.19551849365234,62.715423583984375,15.520000457763672
2011-05-20,147.49000549316406,102.37567901611328,62.748329162597656,17.43000030517578
2011-05-23,147.8300018310547,101.18804931640625,63.05116653442383,18.270000457763672
2011-05-24,148.58999633789062,101.10376739501953,63.288108825683594,17.81999969482422
2011-05-25,148.5800018310547,101.44091033935547,62.991905212402344,17.06999969482422
2011-05-26,148.22000122070312,101.9083480834961,63.531707763671875,16.09000015258789
2011-05-27,149.6999969482422,102.2990951538086,63.50537109375,15.979999542236328
2011-05-31,149.63999938964844,103.36414337158203,63.650245666503906,15.449999809265137
2011-06-01,149.91000366210938,101.04246520996094,64.51045989990234,18.299999237060547
2011-06-02,149.5,100.93519592285156,63.281532287597656,18.09000015258789
2011-06-03,150.22000122070312,99.93140411376953,63.64490509033203,17.950000762939453
2011-06-06,150.47999572753906,98.87403106689453,63.162593841552734,18.489999771118164
2011-06-07,150.4199981689453,98.8127670288086,63.45330047607422,18.06999969482422
2011-06-08,149.80999755859375,98.39897918701172,63.948829650878906,18.790000915527344
2011-06-09,150.55999755859375,99.14986419677734,63.69118118286133,17.770000457763672
2011-06-10,149.24000549316406,97.77064514160156,64.18006896972656,18.860000610351562
2011-06-13,147.77000427246094,97.84728240966797,63.85634994506836,19.610000610351562
2011-06-14,148.6699981689453,99.08860778808594,62.891719818115234,18.260000228881836
2011-06-15,149.1199951171875,97.32624816894531,64.03468322753906,21.31999969482422
2011-06-16,148.97000122070312,97.54078674316406,64.32539367675781,22.729999542236328
2011-06-17,149.94000244140625,97.83187103271484,64.02153778076172,21.850000381469727
2011-06-20,150.02999877929688,98.3323974609375,64.10074615478516,19.989999771118164
2011-06-21,150.75999450683594,99.6799545288086,63.816715240478516,18.860000610351562
2011-06-22,150.99000549316406,99.07931518554688,63.85634994506836,18.520000457763672
2011-06-23,148.33999633789062,98.7944107055664,64.34526824951172,19.290000915527344
2011-06-24,146.25999450683594,97.64705657958984,64.07441711425781,21.100000381469727
2011-06-27,145.72999572753906,98.51718139648438,63.195709228515625,20.559999465942383
2011-06-28,146.24000549316406,99.80316925048828,62.68693161010742,19.170000076293945
2011-06-29,147.17999267578125,100.65787506103516,62.27067565917969,17.270000457763672
2011-06-30,146.0,101.6203842163086,62.171566009521484,16.520000457763672
2011-07-01,144.92999267578125,103.12196350097656,62.0721435546875,15.869999885559082
2011-07-05,147.6300048828125,103.03726196289062,62.21131896972656,16.059999465942383
2011-07-06,148.91000366210938,103.16043853759766,62.52956771850586,16.34000015258789
2011-07-07,149.14999389648438,104.23076629638672,62.34391784667969,15.949999809265137
2011-07-08,150.25,103.49156951904297,63.22565460205078,15.949999809265137
2011-07-11,151.58999633789062,101.6203842163086,64.17362976074219,18.389999389648438
2011-07-12,152.77000427246094,101.18148040771484,64.39244842529297,19.8700008392334
2011-07-13,154.13999938964844,101.5202865600586,64.5714111328125,19.90999984741211
2011-07-14,154.5399932861328,100.81956481933594,63.64997100830078,20.799999237060547
2011-07-15,155.1999969482422,101.40481567382812,63.75602722167969,19.530000686645508
2011-07-18,156.57000732421875,100.57318115234375,63.13947677612305,20.950000762939453
2011-07-19,154.66000366210938,102.20562744140625,64.45211029052734,19.209999084472656
2011-07-20,156.02000427246094,102.14398193359375,63.68967056274414,19.09000015258789
2011-07-21,154.8300018310547,103.56086730957031,63.19915008544922,17.559999465942383
2011-07-22,156.1199951171875,103.63018798828125,63.676448822021484,17.520000457763672
2011-07-25,157.33999633789062,103.05265045166016,62.98035430908203,19.350000381469727
2011-07-26,157.77000427246094,102.66763305664062,63.411277770996094,20.229999542236328
2011-07-27,157.19000244140625,100.56551361083984,63.41791534423828,22.979999542236328
2011-07-28,157.32000732421875,100.27286529541016,63.65656280517578,23.739999771118164
2011-07-29,158.2899932861328,99.58753204345703,64.91616821289062,25.25
2011-08-01,157.72000122070312,99.16400146484375,65.57134246826172,23.65999984741211
2011-08-02,161.52000427246094,96.63063049316406,67.54021453857422,24.790000915527344
2011-08-03,161.49000549316406,97.15422821044922,67.67327880859375,23.3799991607666
2011-08-04,160.63999938964844,92.6033935546875,70.08114624023438,31.65999984741211
2011-08-05,161.75,92.46481323242188,68.05907440185547,32.0
2011-08-08,167.1199951171875,86.44317626953125,70.20755004882812,48.0
2011-08-09,168.61000061035156,90.46273803710938,70.42037963867188,35.060001373291016
2011-08-10,174.5800018310547,86.46632385253906,72.51558685302734,42.9900016784668
2011-08-11,170.75,90.34718322753906,68.85723114013672,39.0
2011-08-12,169.97000122070312,90.95553588867188,70.22081756591797,36.36000061035156
2011-08-15,171.8000030517578,92.880615234375,69.50910949707031,31.8700008392334
2011-08-16,173.9199981689453,92.08745574951172,70.65983581542969,32.849998474121094
2011-08-17,174.4199981689453,92.14906311035156,71.89702606201172,31.579999923706055
2011-08-18,177.72000122070312,88.17572021484375,73.37367248535156,42.66999816894531
2011-08-19,179.9499969482422,86.73579406738281,73.96562957763672,43.04999923706055
2011-08-22,184.58999633789062,86.80509948730469,73.77940368652344,42.439998626708984
2011-08-23,177.6699981689453,89.66188049316406,72.76168060302734,36.27000045776367
2011-08-24,171.64999389648438,90.92475128173828,70.69307708740234,35.900001525878906
2011-08-25,172.36000061035156,89.53868865966797,71.4580078125,39.7599983215332
2011-08-26,177.47000122070312,90.84002685546875,72.16313171386719,35.59000015258789
2011-08-29,173.88999938964844,93.45040893554688,71.1653823852539,32.279998779296875
2011-08-30,179.10000610351562,93.69680786132812,72.30941009521484,32.88999938964844
2011-08-31,177.72000122070312,94.11264038085938,71.19195556640625,31.6200008392334
2011-09-01,177.8699951171875,93.12702178955078,72.70108032226562,31.81999969482422
2011-09-02,183.24000549316406,90.74762725830078,75.06287384033203,33.91999816894531
2011-09-06,182.89999389648438,90.08538055419922,75.84343719482422,37.0
2011-09-07,177.0800018310547,92.62647247314453,74.39567565917969,33.380001068115234
2011-09-08,181.80999755859375,91.6639633178711,75.06287384033203,34.31999969482422
2011-09-09,180.6999969482422,89.2614974975586,75.86344909667969,38.52000045776367
2011-09-12,176.6699981689453,89.83897399902344,75.94352722167969,38.59000015258789
2011-09-13,178.5399932861328,90.66291809082031,74.86270904541016,36.90999984741211
2011-09-14,177.2100067138672,91.9180679321289,75.49649810791016,34.599998474121094
2011-09-15,174.39999389648438,93.50432586669922,74.34226989746094,31.969999313354492
2011-09-16,176.02999877929688,94.05775451660156,74.88270568847656,30.979999542236328
2011-09-19,173.30999755859375,93.12116241455078,76.31040954589844,32.72999954223633
2011-09-20,175.77999877929688,93.0128173828125,76.63070678710938,32.86000061035156
2011-09-21,173.58999633789062,90.2728042602539,79.16593170166016,37.31999969482422
2011-09-22,169.0500030517578,87.35478210449219,82.14146423339844,41.349998474121094
2011-09-23,159.8000030517578,87.88113403320312,80.61365509033203,41.25
2011-09-26,157.5800018310547,89.97096252441406,79.3193588256836,39.02000045776367
2011-09-27,160.6300048828125,90.97721099853516,78.10511779785156,37.709999084472656
2011-09-28,156.22000122070312,89.11956024169922,78.07843017578125,41.08000183105469
2011-09-29,157.6999969482422,89.82390594482422,78.61885070800781,38.84000015258789
2011-09-30,158.05999755859375,87.57927703857422,80.5936508178711,42.959999084472656
2011-10-03,160.9600067138672,85.08695983886719,82.8116226196289,45.45000076293945
2011-10-04,157.63999938964844,86.95230865478516,81.76151275634766,40.81999969482422
2011-10-05,159.4600067138672,88.56224822998047,81.17291259765625,37.810001373291016
2011-10-06,160.49000549316406,90.16445922851562,79.67465209960938,36.27000045776367
2011-10-07,159.17999267578125,89.56072998046875,79.08602905273438,36.20000076293945
2011-10-10,163.27000427246094,92.55614471435547,77.96904754638672,33.02000045776367
2011-10-11,162.10000610351562,92.6490249633789,77.70818328857422,32.86000061035156
2011-10-12,163.25999450683594,93.46174621582031,76.57782745361328,31.260000228881836
2011-10-13,162.3000030517578,93.27597045898438,77.34032440185547,30.700000762939453
2011-10-14,163.39999389648438,94.87042236328125,76.21661376953125,28.239999771118164
2011-10-17,162.6199951171875,93.05927276611328,77.53429412841797,33.38999938964844
2011-10-18,161.83999633789062,94.87820434570312,77.05276489257812,31.559999465942383
2011-10-19,159.8699951171875,93.75590515136719,77.0259017944336,34.439998626708984
2011-10-20,157.77000427246094,94.16609191894531,76.47750854492188,34.779998779296875
2011-10-21,159.52000427246094,95.9540786743164,75.6681900024414,31.31999969482422
2011-10-24,161.02000427246094,97.13056182861328,75.79527282714844,29.260000228881836
2011-10-25,165.58999633789062,95.24197387695312,77.72156524658203,32.220001220703125
2011-10-26,167.39999389648438,96.20947265625,76.3637466430664,29.860000610351562
2011-10-27,169.5500030517578,99.56096649169922,73.77532196044922,25.459999084472656
2011-10-28,169.6199951171875,99.53772735595703,74.55115509033203,24.530000686645508
2011-10-31,167.33999633789062,97.13829040527344,77.50760650634766,29.959999084472656
2011-11-01,167.3800048828125,94.42924499511719,80.10205078125,34.77000045776367
2011-11-02,169.05999755859375,95.96953582763672,79.10282135009766,32.7400016784668
2011-11-03,171.72000122070312,97.71881103515625,78.01651000976562,30.5
2011-11-04,170.85000610351562,97.12278747558594,78.11043548583984,30.15999984741211
2011-11-07,174.97999572753906,97.72655487060547,78.60665130615234,29.850000381469727
2011-11-08,173.52999877929688,98.98046112060547,77.60073852539062,27.479999542236328
2011-11-09,172.07000732421875,95.32713317871094,79.21019744873047,36.15999984741211
2011-11-10,171.13999938964844,96.22496795654297,78.0299301147461,32.810001373291016
2011-11-11,173.9600067138672,98.0361328125,77.55377960205078,30.040000915527344
2011-11-14,173.1999969482422,97.1073226928711,78.80113983154297,31.1299991607666
2011-11-15,173.36000061035156,97.58722686767578,78.69385528564453,31.219999313354492
2011-11-16,171.50999450683594,96.03919982910156,79.41133117675781,33.5099983215332
2011-11-17,167.10000610351562,94.51441192626953,80.0484390258789,34.5099983215332
2011-11-18,167.6199951171875,94.41377258300781,80.0282974243164,32.0
2011-11-21,163.5,92.61809539794922,80.5044174194336,32.90999984741211
2011-11-22,165.30999755859375,92.25428771972656,81.40301513671875,31.969999313354492
2011-11-23,164.8300018310547,90.2186508178711,82.20104217529297,33.97999954223633
2011-11-25,163.39999389648438,90.0483627319336,81.00736236572266,34.470001220703125
2011-11-28,166.6300048828125,92.65679168701172,80.96709442138672,32.130001068115234
2011-11-29,166.8800048828125,92.91992950439453,80.30320739746094,30.639999389648438
2011-11-30,170.1300048828125,96.74358367919922,79.04920959472656,27.799999237060547
2011-12-01,169.6300048828125,96.72807312011719,78.65264129638672,27.40999984741211
2011-12-02,169.82000732421875,96.6429443359375,79.75507354736328,27.520000457763672
2011-12-05,167.32000732421875,97.6955795288086,79.59373474121094,27.84000015258789
2011-12-06,168.17999267578125,97.72655487060547,78.83407592773438,28.1299991607666
2011-12-07,169.39999389648438,98.09032440185547,79.11646270751953,28.670000076293945
2011-12-08,165.97999572753906,95.93856811523438,80.10470581054688,30.59000015258789
2011-12-09,166.39999389648438,97.56398010253906,78.45762634277344,26.3799991607666
2011-12-12,161.99000549316406,96.13980865478516,79.33157348632812,25.670000076293945
2011-12-13,158.4499969482422,95.24197387695312,80.07102966308594,25.40999984741211
2011-12-14,152.88999938964844,94.22801208496094,81.58360290527344,26.040000915527344
2011-12-15,152.3300018310547,94.56857299804688,81.28106689453125,25.110000610351562
2011-12-16,155.22999572753906,94.70881652832031,82.22894287109375,24.290000915527344
2011-12-19,154.8699951171875,93.69615936279297,83.27095031738281,24.920000076293945
2011-12-20,156.97999572753906,96.53148651123047,81.19364166259766,23.219999313354492
2011-12-21,157.16000366210938,96.7183837890625,80.06431579589844,21.43000030517578
2011-12-22,156.0399932861328,97.57520294189453,80.40042114257812,21.15999984741211
2011-12-23,156.30999755859375,98.44760131835938,79.50638580322266,20.729999542236328
2011-12-27,154.91000366210938,98.5254898071289,79.88401794433594,21.90999984741211
2011-12-28,151.02999877929688,97.23247528076172,81.3609390258789,23.520000457763672
2011-12-29,150.33999633789062,98.23729705810547,81.50936889648438,22.649999618530273
2011-12-30,151.99000549316406,97.75436401367188,81.7723617553711,23.399999618530273
2012-01-03,155.9199981689453,99.31218719482422,80.54495239257812,22.969999313354492
2012-01-04,156.7100067138672,99.4679946899414,79.5872802734375,22.219999313354492
2012-01-05,157.77999877929688,99.73279571533203,79.44562530517578,21.479999542236328
2012-01-06,157.1999969482422,99.47576904296875,80.07281494140625,20.6299991607666
2012-01-09,156.5,99.71728515625,79.93122863769531,21.06999969482422
2012-01-10,158.63999938964844,100.58184814453125,79.79637908935547,20.690000534057617
2012-01-11,159.6699981689453,100.6363525390625,80.8349609375,21.049999237060547
2012-01-12,160.3800048828125,100.8778076171875,80.72027587890625,20.469999313354492
2012-01-13,159.25999450683594,100.35594940185547,81.52278137207031,20.90999984741211
2012-01-17,160.5,100.74542236328125,81.90052032470703,22.200000762939453
2012-01-18,161.60000610351562,101.85929870605469,80.90914154052734,20.889999389648438
2012-01-19,161.22000122070312,102.39674377441406,79.79637908935547,19.8700008392334
2012-01-20,162.07000732421875,102.77838897705078,78.89262390136719,18.280000686645508
2012-01-23,163.16000366210938,102.51355743408203,78.39360809326172,18.670000076293945
2012-01-24,162.00999450683594,102.39674377441406,78.53519439697266,18.90999984741211
2012-01-25,166.4199981689453,103.25352478027344,78.34635162353516,18.309999465942383
2012-01-26,167.27000427246094,102.72389221191406,79.38493347167969,18.56999969482422
2012-01-27,168.97000122070312,102.67713165283203,79.63449096679688,18.530000686645508
2012-01-30,168.02999877929688,102.32662200927734,80.57191467285156,19.399999618530273
2012-01-31,169.30999755859375,102.28770446777344,81.50263214111328,19.440000534057617
2012-02-01,169.55999755859375,103.18342590332031,80.56901550292969,18.549999237060547
2012-02-02,171.0500030517578,103.34701538085938,80.53517150878906,17.979999542236328
2012-02-03,167.63999938964844,104.7957763671875,78.8045883178711,17.100000381469727
2012-02-06,167.17999267578125,104.7256851196289,79.58876037597656,17.760000228881836
2012-02-07,169.6999969482422,104.99054718017578,78.60179901123047,17.649999618530273
2012-02-08,168.5,105.30210876464844,78.66263580322266,18.15999984741211
2012-02-09,168.02000427246094,105.43447875976562,78.07447814941406,18.6299991607666
2012-02-10,167.13999938964844,104.65559387207031,79.08851623535156,20.790000915527344
2012-02-13,167.50999450683594,105.43447875976562,79.1899185180664,19.040000915527344
2012-02-14,167.1199951171875,105.30210876464844,79.60909271240234,19.540000915527344
2012-02-15,168.11000061035156,104.81138610839844,79.46707916259766,21.139999389648438
2012-02-16,168.0,105.9719467163086,78.83160400390625,19.219999313354492
2012-02-17,167.35000610351562,106.25239562988281,78.81132507324219,17.780000686645508
2012-02-21,171.02000427246094,106.29914093017578,77.93924713134766,18.190000534057617
2012-02-22,172.94000244140625,105.95638275146484,78.91946411132812,18.190000534057617
2012-02-23,173.02000427246094,106.42374420166016,78.91946411132812,16.799999237060547
2012-02-24,172.22999572753906,106.65740966796875,79.43328857421875,17.309999465942383
2012-02-27,171.6999969482422,106.83655548095703,80.1363525390625,18.190000534057617
2012-02-28,173.49000549316406,107.14816284179688,79.8726806640625,17.959999084472656
2012-02-29,164.2899932861328,106.7275161743164,79.3860092163086,18.43000030517578
2012-03-01,166.61000061035156,107.28055572509766,78.63858795166016,17.260000228881836
2012-03-02,166.33999633789062,106.95343017578125,79.37709045410156,17.290000915527344
2012-03-05,165.64999389648438,106.51721954345703,78.74703216552734,18.049999237060547
2012-03-06,162.6999969482422,104.95938110351562,79.70237731933594,20.8700008392334
2012-03-07,163.6300048828125,105.69154357910156,79.21455383300781,19.06999969482422
2012-03-08,165.27999877929688,106.7430648803711,78.42174530029297,17.950000762939453
2012-03-09,166.3800048828125,107.15592193603516,78.57760620117188,17.110000610351562
2012-03-12,165.07000732421875,107.16370391845703,78.56404876708984,15.640000343322754
2012-03-13,162.3000030517578,109.09542083740234,77.1818618774414,14.800000190734863
2012-03-14,159.57000732421875,108.97859954833984,75.23724365234375,15.3100004196167
2012-03-15,161.0800018310547,109.6095199584961,75.35237884521484,15.420000076293945
2012-03-16,161.3000030517578,109.76127624511719,75.50150299072266,14.470000267028809
2012-03-19,161.58999633789062,110.19160461425781,74.60030364990234,15.039999961853027
2012-03-20,160.1300048828125,109.87081909179688,74.8984146118164,15.579999923706055
2012-03-21,160.2100067138672,109.69086456298828,75.745361328125,15.130000114440918
2012-03-22,159.57000732421875,108.90071868896484,75.98932647705078,15.569999694824219
2012-03-23,161.52999877929688,109.25276947021484,76.7075424194336,14.819999694824219
2012-03-26,164.39999389648438,110.7861099243164,76.31454467773438,14.260000228881836
2012-03-27,163.24000549316406,110.44193267822266,76.86335754394531,15.59000015258789
2012-03-28,161.50999450683594,109.8943099975586,76.75497436523438,15.470000267028809
2012-03-29,161.27999877929688,109.70651245117188,77.33088684082031,15.479999542236328
2012-03-30,162.1199951171875,110.1602554321289,76.02317810058594,15.5
2012-04-02,162.94000244140625,110.96607971191406,76.44442749023438,15.640000343322754
2012-04-03,159.88999938964844,110.5123062133789,75.11966705322266,15.65999984741211
2012-04-04,157.2100067138672,109.41707611083984,76.15229034423828,16.440000534057617
2012-04-05,158.30999755859375,109.36231994628906,76.70249938964844,16.700000762939453
2012-04-09,159.3699951171875,108.13406372070312,78.49592590332031,18.809999465942383
2012-04-10,161.10000610351562,106.3189926147461,79.38589477539062,20.389999389648438
2012-04-11,161.07000732421875,107.17955780029297,78.434814453125,20.020000457763672
2012-04-12,162.6999969482422,108.57994079589844,78.10874938964844,17.200000762939453
2012-04-13,160.85000610351562,107.28913879394531,79.37224578857422,19.549999237060547
2012-04-16,160.4600067138672,107.21871948242188,79.25675201416016,19.549999237060547
2012-04-17,160.25,108.80683898925781,79.20924377441406,18.459999084472656
2012-04-18,159.30999755859375,108.43915557861328,79.4402084350586,18.639999389648438
2012-04-19,159.42999267578125,107.74287414550781,79.5149154663086,18.360000610351562
2012-04-20,159.5399932861328,107.92279815673828,79.52848815917969,17.440000534057617
2012-04-23,159.07000732421875,107.01526641845703,80.10591888427734,18.969999313354492
2012-04-24,159.3000030517578,107.4221420288086,79.54209899902344,18.100000381469727
2012-04-25,159.6199951171875,108.89289855957031,79.13451385498047,16.81999969482422
2012-04-26,161.02999877929688,109.65176391601562,79.61005401611328,16.239999771118164
2012-04-27,161.3800048828125,109.83172607421875,79.6779556274414,16.31999969482422
2012-04-30,161.8800048828125,109.42483520507812,79.69833374023438,17.149999618530273
2012-05-01,161.32000732421875,110.10550689697266,79.28501892089844,16.600000381469727
2012-05-02,160.58999633789062,109.77693939208984,79.8434066772461,16.8799991607666
2012-05-03,158.97000122070312,108.93986511230469,79.82295989990234,17.559999465942383
2012-05-04,159.47000122070312,107.17955780029297,80.44941711425781,19.15999984741211
2012-05-07,159.0800018310547,107.25784301757812,80.46305847167969,18.940000534057617
2012-05-08,156.0,106.82752990722656,80.89205169677734,19.049999237060547
2012-05-09,154.47000122070312,106.19386291503906,80.94654846191406,20.079999923706055
2012-05-10,154.77000427246094,106.41288757324219,80.7082290649414,18.829999923706055
2012-05-11,153.55999755859375,106.09214782714844,81.37553405761719,19.889999389648438
2012-05-14,151.3300018310547,104.9186782836914,82.5128173828125,21.8700008392334
2012-05-15,149.74000549316406,104.31623840332031,82.8464584350586,21.969999313354492
2012-05-16,149.4600067138672,103.9172592163086,83.08477020263672,22.270000457763672
2012-05-17,152.8000030517578,102.3760986328125,84.55562591552734,24.489999771118164
2012-05-18,154.5500030517578,101.49987030029297,84.57611846923828,25.100000381469727
2012-05-21,154.64999389648438,103.24442291259766,84.3990478515625,22.010000228881836
2012-05-22,152.0800018310547,103.42439270019531,83.45932006835938,22.479999542236328
2012-05-23,151.6199951171875,103.47916412353516,84.03813934326172,22.329999923706055
2012-05-24,151.41000366210938,103.68256378173828,83.71808624267578,21.540000915527344
2012-05-25,152.67999267578125,103.34616088867188,84.0312728881836,21.760000228881836
2012-05-29,151.02000427246094,104.59789276123047,83.77257537841797,21.030000686645508
2012-05-30,151.91000366210938,103.0801773071289,85.89714813232422,24.139999389648438
2012-05-31,151.6199951171875,102.85330200195312,86.8913803100586,24.059999465942383
2012-06-01,157.5,100.26378631591797,88.95423889160156,26.65999984741211
2012-06-04,157.32000732421875,100.21684265136719,88.25135803222656,26.1200008392334
2012-06-05,157.13999938964844,100.97571563720703,87.07084655761719,24.68000030517578
2012-06-06,157.2100067138672,103.24442291259766,85.33079528808594,22.15999984741211
2012-06-07,154.5,103.30703735351562,85.46044921875,21.719999313354492
2012-06-08,154.72999572753906,104.12850952148438,85.43997192382812,21.229999542236328
2012-06-11,155.36000061035156,102.80632781982422,85.82893371582031,23.559999465942383
2012-06-12,156.4600067138672,103.98766326904297,85.044189453125,22.09000015258789
2012-06-13,157.1199951171875,103.32268524169922,85.88347625732422,24.270000457763672
2012-06-14,157.75,104.41792297363281,85.77436828613281,21.68000030517578
2012-06-15,157.83999633789062,105.48585510253906,86.25202941894531,21.110000610351562
2012-06-18,157.92999267578125,105.69035339355469,86.71603393554688,18.31999969482422
2012-06-19,157.16000366210938,106.71267700195312,85.58330535888672,18.3799991607666
2012-06-20,155.97000122070312,106.53964233398438,86.0063247680664,17.239999771118164
2012-06-21,152.02000427246094,104.14898681640625,86.46350860595703,20.079999923706055
2012-06-22,152.63999938964844,104.95111083984375,85.31039428710938,18.110000610351562
2012-06-25,153.75999450683594,103.26828002929688,86.55223083496094,20.3799991607666
2012-06-26,152.6199951171875,103.78724670410156,86.21102905273438,19.719999313354492
2012-06-27,152.8300018310547,104.72307586669922,86.34754180908203,19.450000762939453
2012-06-28,151.0500030517578,104.42424774169922,86.55907440185547,19.709999084472656
2012-06-29,155.19000244140625,107.02720642089844,85.43318176269531,17.079999923706055
2012-07-02,155.08999633789062,107.34960174560547,86.31458282470703,16.799999237060547
2012-07-03,157.4600067138672,108.057373046875,85.65129089355469,16.65999984741211
2012-07-05,155.67999267578125,107.56976318359375,86.08895111083984,17.5
2012-07-06,153.7100067138672,106.54752349853516,86.88904571533203,17.100000381469727
2012-07-09,154.0399932861328,106.41384887695312,87.65494537353516,17.979999542236328
2012-07-10,152.14999389648438,105.48585510253906,87.83275604248047,18.719999313354492
2012-07-11,152.99000549316406,105.50160217285156,87.94217681884766,17.950000762939453
2012-07-12,152.58999633789062,104.99044799804688,88.5644760131836,18.329999923706055
2012-07-13,154.13999938964844,106.75194549560547,88.33196258544922,16.739999771118164
2012-07-16,154.2100067138672,106.50032043457031,88.74227142333984,17.110000610351562
2012-07-17,153.47000122070312,107.2316665649414,88.04476165771484,16.479999542236328
2012-07-18,153.0500030517578,108.0259017944336,88.0926284790039,16.15999984741211
2012-07-19,153.3800048828125,108.30899810791016,87.86695098876953,15.449999809265137
2012-07-20,153.6699981689453,107.31819152832031,88.9405746459961,16.270000457763672
2012-07-23,153.02999877929688,106.23291015625,89.43978881835938,18.6200008392334
2012-07-24,153.52000427246094,105.32073211669922,90.14411163330078,20.469999313354492
2012-07-25,155.6699981689453,105.34432220458984,90.37662506103516,19.34000015258789
2012-07-26,156.77000427246094,107.08224487304688,89.5491943359375,17.530000686645508
2012-07-27,157.5399932861328,109.05603790283203,87.860107421875,16.700000762939453
2012-07-30,157.42999267578125,109.05603790283203,88.51657104492188,18.030000686645508
2012-07-31,156.49000549316406,108.29327392578125,88.6943588256836,18.93000030517578
2012-08-01,155.13999938964844,108.1988754272461,88.25101470947266,18.959999084472656
2012-08-02,154.1300048828125,107.45182800292969,88.75125122070312,17.56999969482422
2012-08-03,155.5500030517578,109.58295440673828,87.31903839111328,15.640000343322754
2012-08-06,156.3000030517578,109.79525756835938,87.35332489013672,15.949999809265137
2012-08-07,156.27999877929688,110.3457260131836,86.22946166992188,15.989999771118164
2012-08-08,156.47999572753906,110.47944641113281,85.77029418945312,15.319999694824219
2012-08-09,156.99000549316406,110.57379913330078,85.70856475830078,15.279999732971191
2012-08-10,157.17999267578125,110.75466918945312,86.14033508300781,14.739999771118164
2012-08-13,155.99000549316406,110.69961547851562,85.99646759033203,13.699999809265137
2012-08-14,155.1300048828125,110.71533966064453,84.8314208984375,14.850000381469727
2012-08-15,155.6300048828125,110.8411636352539,83.63903045654297,14.630000114440918
2012-08-16,156.55999755859375,111.65902709960938,82.92639923095703,14.289999961853027
2012-08-17,156.72000122070312,111.80841827392578,83.33068084716797,13.449999809265137
2012-08-20,157.25999450683594,111.81631469726562,83.50199890136719,14.020000457763672
2012-08-21,158.8300018310547,111.47808837890625,83.8720932006836,15.020000457763672
2012-08-22,160.5399932861328,111.52530670166016,85.25635528564453,15.109999656677246
2012-08-23,161.88999938964844,110.61309814453125,85.61268615722656,15.960000038146973
2012-08-24,161.97000122070312,111.28150939941406,85.53046417236328,15.180000305175781
2012-08-27,161.36000061035156,111.30511474609375,86.03068542480469,16.350000381469727
2012-08-28,161.63999938964844,111.19499969482422,86.23631286621094,16.489999771118164
2012-08-29,160.58999633789062,111.28150939941406,85.859375,17.059999465942383
2012-08-30,160.52000427246094,110.47944641113281,86.3048324584961,17.829999923706055
2012-08-31,164.22000122070312,111.00630950927734,87.52460479736328,17.469999313354492
2012-09-04,164.47999572753906,110.90402221679688,87.43673706054688,17.979999542236328
2012-09-05,164.30999755859375,110.80967712402344,87.02470397949219,17.739999771118164
2012-09-06,164.88999938964844,113.05876922607422,85.57562255859375,15.600000381469727
2012-09-07,168.44000244140625,113.49915313720703,85.17733764648438,14.380000114440918
2012-09-10,167.2899932861328,112.85430908203125,85.38339233398438,16.280000686645508
2012-09-11,167.89999389648438,113.16886901855469,84.84764862060547,16.40999984741211
2012-09-12,167.9199981689453,113.54635620117188,83.79008483886719,15.800000190734863
2012-09-13,171.30999755859375,115.27637481689453,83.46046447753906,14.050000190734863
2012-09-14,171.8000030517578,115.78755950927734,81.24224853515625,14.510000228881836
2012-09-17,170.39999389648438,115.39435577392578,82.21741485595703,14.59000015258789
2012-09-18,171.72000122070312,115.29998016357422,82.6294937133789,14.180000305175781
2012-09-19,171.74000549316406,115.36286926269531,83.17202758789062,13.880000114440918
2012-09-20,171.47000122070312,115.37075805664062,83.37805938720703,14.069999694824219
2012-09-21,171.9600067138672,115.3225326538086,83.4741439819336,13.979999542236328
2012-09-24,171.0500030517578,115.1485595703125,84.12664794921875,14.149999618530273
2012-09-25,170.77000427246094,113.92321014404297,84.9575424194336,15.430000305175781
2012-09-26,169.80999755859375,113.28279876708984,85.87091827392578,16.809999465942383
2012-09-27,172.33999633789062,114.35010528564453,85.25971984863281,14.84000015258789
2012-09-28,171.88999938964844,113.82039642333984,85.30779266357422,15.729999542236328
2012-10-01,172.2899932861328,114.12080383300781,85.62432861328125,16.31999969482422
2012-10-02,172.10000610351562,114.23944854736328,85.5073471069336,15.710000038146973
2012-10-03,172.41000366210938,114.70587158203125,85.53486633300781,15.430000305175781
2012-10-04,173.61000061035156,115.52806854248047,84.46820068359375,14.550000190734863
2012-10-05,172.6199951171875,115.53596496582031,83.37400817871094,14.329999923706055
2012-10-08,172.0500030517578,115.14070129394531,84.07593536376953,15.109999656677246
2012-10-09,170.99000549316406,114.00224304199219,83.92452239990234,16.3700008392334
2012-10-10,170.83999633789062,113.27490997314453,84.51638793945312,16.290000915527344
2012-10-11,171.32000732421875,113.33821868896484,85.10132598876953,15.59000015258789
2012-10-12,170.05999755859375,112.96658325195312,85.31468963623047,16.139999389648438
2012-10-15,168.35000610351562,113.90737915039062,85.12200164794922,15.270000457763672
2012-10-16,169.4199981689453,115.06159973144531,83.94518280029297,15.220000267028809
2012-10-17,169.5399932861328,115.58342742919922,83.1675033569336,15.069999694824219
2012-10-18,168.7899932861328,115.28300476074219,82.65824890136719,15.029999732971191
2012-10-19,166.97000122070312,113.3619155883789,83.780029296875,17.059999465942383
2012-10-22,167.5800018310547,113.3776626586914,83.24324798583984,16.6200008392334
2012-10-23,165.42999267578125,111.80447387695312,84.433837890625,18.829999923706055
2012-10-24,164.86000061035156,111.48820495605469,83.60108184814453,18.329999923706055
2012-10-25,166.02000427246094,111.81232452392578,83.17445373535156,18.1200008392334
2012-10-26,165.92999267578125,111.74913024902344,84.39939880371094,17.809999465942383
2012-10-31,166.8300018310547,111.74913024902344,84.8948745727539,18.600000381469727
2012-11-01,166.07000732421875,112.91912841796875,84.1998519897461,16.690000534057617
2012-11-02,162.60000610351562,111.91511535644531,84.13790130615234,17.59000015258789
2012-11-05,163.22999572753906,112.14436340332031,84.61270904541016,18.420000076293945
2012-11-06,166.3000030517578,113.02193450927734,83.814453125,17.579999923706055
2012-11-07,166.49000549316406,110.46044158935547,85.3353500366211,19.079999923706055
2012-11-08,167.99000549316406,109.13227844238281,86.60162353515625,18.489999771118164
2012-11-09,167.82000732421875,109.22711944580078,86.69794464111328,18.610000610351562
2012-11-12,167.4499969482422,109.31409454345703,86.84245300292969,16.68000030517578
2012-11-13,167.10000610351562,108.9345932006836,87.13154602050781,16.649999618530273
2012-11-14,167.13999938964844,107.46410369873047,87.21406555175781,17.920000076293945
2012-11-15,166.08999633789062,107.28231811523438,87.04204559326172,17.989999771118164
2012-11-16,165.8800048828125,107.81193542480469,86.96636962890625,16.40999984741211
2012-11-19,167.8699951171875,109.99401092529297,86.47774505615234,15.239999771118164
2012-11-20,167.38999938964844,110.0414047241211,85.61061096191406,15.079999923706055
2012-11-21,167.55999755859375,110.2469253540039,85.56243133544922,15.3100004196167
2012-11-23,169.61000061035156,111.74913024902344,85.47984313964844,15.140000343322754
2012-11-26,169.42999267578125,111.51187133789062,85.88587188720703,15.5
2012-11-27,168.7100067138672,110.9427261352539,86.22303771972656,15.920000076293945
2012-11-28,166.5500030517578,111.8360366821289,86.09919738769531,15.510000228881836
2012-11-29,167.17999267578125,112.35785675048828,86.11300659179688,15.0600004196167
2012-11-30,166.0500030517578,112.38155364990234,85.87903594970703,15.869999885559082
2012-12-03,166.1300048828125,111.828125,85.95831298828125,16.639999389648438
2012-12-04,164.4199981689453,111.67000579833984,86.45475769042969,17.1200008392334
2012-12-05,164.1199951171875,111.86763763427734,86.41337585449219,16.459999084472656
2012-12-06,164.5,112.2471694946289,86.59954833984375,16.579999923706055
2012-12-07,165.16000366210938,112.58707427978516,85.79969024658203,15.899999618530273
2012-12-10,165.8000030517578,112.63455200195312,86.17898559570312,16.049999237060547
2012-12-11,165.64999389648438,113.40142822265625,85.52391815185547,15.569999694824219
2012-12-12,165.77000427246094,113.45675659179688,84.5309829711914,15.949999809265137
2012-12-13,164.3699951171875,112.76101684570312,84.5929946899414,16.559999465942383
2012-12-14,164.1300048828125,112.34202575683594,85.22737121582031,17.0
2012-12-17,164.44000244140625,113.66231536865234,83.95172119140625,16.34000015258789
2012-12-18,162.0800018310547,114.92720794677734,83.09671020507812,15.569999694824219
2012-12-19,161.69000244140625,114.07344055175781,83.37254333496094,17.360000610351562
2012-12-20,159.72999572753906,114.7295913696289,83.38631439208984,17.670000076293945
2012-12-21,160.3300018310547,113.68819427490234,84.29651641845703,17.84000015258789
2012-12-24,160.6199951171875,113.3378677368164,84.1447982788086,17.84000015258789
2012-12-26,160.77999877929688,112.86012268066406,84.44745635986328,19.479999542236328
2012-12-27,161.16000366210938,112.70883178710938,84.7308349609375,19.469999313354492
2012-12-28,160.5399932861328,111.49069213867188,85.2145767211914,22.719999313354492
2012-12-31,162.02000427246094,113.38558959960938,83.74264526367188,18.020000457763672
2013-01-02,163.1699981689453,116.29169464111328,82.62306213378906,14.680000305175781
2013-01-03,161.1999969482422,116.02899932861328,81.50359344482422,14.5600004196167
2013-01-04,160.44000244140625,116.53853607177734,81.82147979736328,13.829999923706055
2013-01-07,159.42999267578125,116.22004699707031,81.85601806640625,13.789999961853027
2013-01-08,160.55999755859375,115.88566589355469,82.39505004882812,13.619999885559082
2013-01-09,160.49000549316406,116.18022918701172,82.31903076171875,13.8100004196167
2013-01-10,161.97999572753906,117.10380554199219,82.09101104736328,13.489999771118164
2013-01-11,161.05999755859375,117.09587097167969,82.82350158691406,13.359999656677246
2013-01-14,161.5399932861328,117.01628875732422,82.59549713134766,13.520000457763672
2013-01-15,162.55999755859375,117.09587097167969,82.97551727294922,13.550000190734863
2013-01-16,162.64999389648438,117.07992553710938,83.14832305908203,13.420000076293945
2013-01-17,163.35000610351562,117.83634948730469,82.31903076171875,13.569999694824219
2013-01-18,163.08999633789062,118.09906768798828,82.95484924316406,12.460000038146973
2013-01-22,163.6699981689453,118.73599243164062,83.1137924194336,12.430000305175781
2013-01-23,163.2100067138672,118.92708587646484,82.98934936523438,12.460000038146973
2013-01-24,161.4199981689453,118.95899200439453,82.6991195678711,12.6899995803833
2013-01-25,160.64999389648438,119.62777709960938,81.56582641601562,12.890000343322754
2013-01-28,160.2899932861328,119.48448944091797,81.26860809326172,13.569999694824219
2013-01-29,160.99000549316406,119.95420837402344,80.81938171386719,13.3100004196167
2013-01-30,162.19000244140625,119.48448944091797,80.68124389648438,14.319999694824219
2013-01-31,161.1999969482422,119.18985748291016,81.07514190673828,14.279999732971191
2013-02-01,161.4499969482422,120.4159927368164,80.02235412597656,12.899999618530273
2013-02-04,162.0,119.06245422363281,81.0473861694336,14.670000076293945
2013-02-05,161.9600067138672,120.26471710205078,80.3271255493164,13.720000267028809
2013-02-06,162.38999938964844,120.35228729248047,80.98506927490234,13.40999984741211
2013-02-07,161.83999633789062,120.19303131103516,80.80503845214844,13.5
2013-02-08,161.57000732421875,120.86185455322266,81.11669158935547,13.020000457763672
2013-02-11,159.6999969482422,120.8380126953125,81.05438995361328,12.9399995803833
2013-02-12,159.88999938964844,121.03706359863281,80.85350799560547,12.640000343322754
2013-02-13,159.0500030517578,121.1405029296875,80.19552612304688,12.979999542236328
2013-02-14,158.35000610351562,121.25199127197266,80.92276000976562,12.65999984741211
2013-02-15,155.75999450683594,121.10863494873047,80.68727111816406,12.460000038146973
2013-02-19,155.3300018310547,122.01637268066406,80.28553009033203,12.3100004196167
2013-02-20,151.44000244140625,120.49567413330078,80.52800750732422,14.680000305175781
2013-02-21,152.6199951171875,119.76310729980469,80.99893951416016,15.220000267028809
2013-02-22,152.97000122070312,120.93351745605469,81.05438995361328,14.170000076293945
2013-02-25,154.33999633789062,118.63258361816406,82.6473159790039,18.989999771118164
2013-02-26,156.22000122070312,119.44464874267578,82.16944885253906,16.8700008392334
2013-02-27,154.57000732421875,120.94944763183594,81.927001953125,14.729999542236328
2013-02-28,153.0,120.7105484008789,82.07939147949219,15.510000228881836
2013-03-01,152.44000244140625,121.10863494873047,82.52635192871094,15.359999656677246
2013-03-04,152.3000030517578,121.75357818603516,82.089111328125,14.010000228881836
2013-03-05,152.3800048828125,122.8443603515625,81.85307312011719,13.479999542236328
2013-03-06,153.22999572753906,123.01154327392578,81.11046600341797,13.529999732971191
2013-03-07,152.69000244140625,123.23451232910156,80.48574829101562,13.0600004196167
2013-03-08,152.7100067138672,123.75992584228516,79.64591979980469,12.59000015258789
2013-03-11,152.99000549316406,124.22978973388672,79.7222671508789,11.5600004196167
2013-03-12,154.19000244140625,123.95112609863281,80.29837799072266,12.270000457763672
2013-03-13,153.66000366210938,124.12620544433594,80.2150650024414,11.829999923706055
2013-03-14,153.67999267578125,124.78707122802734,79.97212219238281,11.300000190734863
2013-03-15,154.0,124.62232208251953,80.34696197509766,11.300000190734863
2013-03-18,155.3800048828125,123.93455505371094,80.95774841308594,13.359999656677246
2013-03-19,156.0800018310547,123.64663696289062,81.50605773925781,14.390000343322754
2013-03-20,155.3699951171875,124.51036071777344,80.59683227539062,12.670000076293945
2013-03-21,156.25,123.44671630859375,81.37420654296875,13.989999771118164
2013-03-22,155.5500030517578,124.43840789794922,81.43663024902344,13.569999694824219
2013-03-25,155.24000549316406,123.9185562133789,81.36033630371094,13.739999771118164
2013-03-26,154.72000122070312,124.91028594970703,81.45748138427734,12.770000457763672
2013-03-27,155.36000061035156,124.91028594970703,82.15157318115234,13.149999618530273
2013-03-28,154.4499969482422,125.2940902709961,81.73513793945312,12.699999809265137
2013-04-01,154.6699981689453,124.79830932617188,82.35072326660156,13.579999923706055
2013-04-02,152.42999267578125,125.4140625,82.01686096191406,12.779999732971191
2013-04-03,150.72999572753906,124.14248657226562,82.7541732788086,14.210000038146973
2013-04-04,150.2899932861328,124.64630126953125,83.74188995361328,13.890000343322754
2013-04-05,152.80999755859375,124.08654022216797,85.43216705322266,13.920000076293945
2013-04-08,152.16000366210938,124.92623901367188,84.77832794189453,13.1899995803833
2013-04-09,153.33999633789062,125.35807037353516,84.56962585449219,12.84000015258789
2013-04-10,150.75,126.89356994628906,83.40801239013672,12.359999656677246
2013-04-11,151.0500030517578,127.30941772460938,83.56800079345703,12.239999771118164
2013-04-12,143.9499969482422,126.99756622314453,84.81307983398438,12.0600004196167
2013-04-15,131.30999755859375,124.05449676513672,85.5504150390625,17.270000457763672
2013-04-16,132.8000030517578,125.88594818115234,84.84788513183594,13.960000038146973
2013-04-17,132.8699951171875,124.04656219482422,85.41133117675781,16.510000228881836
2013-04-18,134.3000030517578,123.27079772949219,85.62001037597656,17.559999465942383
2013-04-19,135.47000122070312,124.34239959716797,85.43907165527344,14.970000267028809
2013-04-22,137.89999389648438,124.89423370361328,85.501708984375,14.390000343322754
2013-04-23,136.8800048828125,126.18181610107422,85.2026596069336,13.479999542236328
2013-04-24,138.3699951171875,126.26177215576172,85.41822814941406,13.609999656677246
2013-04-25,141.6300048828125,126.77354431152344,85.04960632324219,13.619999885559082
2013-04-26,140.91000366210938,126.54972839355469,85.82862854003906,13.609999656677246
2013-04-29,142.3000030517578,127.39739990234375,85.5156478881836,13.710000038146973
2013-04-30,142.77000427246094,127.70130920410156,85.56430053710938,13.520000457763672
2013-05-01,141.11000061035156,126.58171081542969,86.44339752197266,14.489999771118164
2013-05-02,141.9199981689453,127.75724792480469,86.33183288574219,13.59000015258789
2013-05-03,142.08999633789062,129.0528106689453,84.29634857177734,12.850000381469727
2013-05-06,142.14999389648438,129.38072204589844,84.08724212646484,12.65999984741211
2013-05-07,140.3800048828125,130.03648376464844,83.75961303710938,12.829999923706055
2013-05-08,142.4600067138672,130.62832641601562,83.89208221435547,12.65999984741211
2013-05-09,140.80999755859375,130.2604522705078,83.67597961425781,13.130000114440918
2013-05-10,139.60000610351562,130.68434143066406,82.77676391601562,12.59000015258789
2013-05-13,138.42999267578125,130.78823852539062,82.1424789428711,12.550000190734863
2013-05-14,137.80999755859375,132.13980102539062,81.25018310546875,12.770000457763672
2013-05-15,134.6300048828125,132.8516082763672,81.79387664794922,12.8100004196167
2013-05-16,134.08999633789062,132.227783203125,82.64430236816406,13.069999694824219
2013-05-17,131.07000732421875,133.50732421875,81.59870147705078,12.449999809265137
2013-05-20,135.1199951171875,133.49940490722656,81.5011215209961,13.020000457763672
2013-05-21,132.8800048828125,133.69126892089844,82.1424789428711,13.369999885559082
2013-05-22,131.94000244140625,132.69960021972656,80.92255401611328,13.819999694824219
2013-05-23,134.61000061035156,132.31578063964844,81.30593872070312,14.069999694824219
2013-05-24,133.75999450683594,132.20379638671875,81.4175033569336,13.989999771118164
2013-05-28,133.49000549316406,132.99554443359375,79.35416412353516,14.479999542236328
2013-05-29,134.8300018310547,132.13182067871094,80.24637603759766,14.829999923706055
2013-05-30,136.6999969482422,132.6197052001953,80.05121612548828,14.529999732971191
2013-05-31,133.9199981689453,130.71630859375,79.77938079833984,16.299999237060547
2013-06-03,136.50999450683594,131.43603515625,80.20207214355469,16.280000686645508
2013-06-04,135.22999572753906,130.8042449951172,79.46146392822266,16.270000457763672
2013-06-05,135.52000427246094,128.9728546142578,80.55844116210938,17.5
2013-06-06,136.52999877929688,130.14048767089844,80.50955200195312,16.6299991607666
2013-06-07,133.27999877929688,131.7959442138672,79.07014465332031,15.140000343322754
2013-06-10,133.94000244140625,131.7959442138672,78.69279479980469,15.4399995803833
2013-06-11,133.25,130.4364776611328,79.629150390625,17.06999969482422
2013-06-12,134.25,129.3567352294922,78.49021911621094,18.59000015258789
2013-06-13,133.74000549316406,131.32411193847656,79.71998596191406,16.40999984741211
2013-06-14,134.42999267578125,130.50038146972656,79.53132629394531,17.149999618530273
2013-06-17,133.77000427246094,131.50802612304688,79.11209106445312,16.799999237060547
2013-06-18,132.1300048828125,132.54766845703125,79.1540298461914,16.610000610351562
2013-06-19,130.58999633789062,130.71630859375,78.33645629882812,16.639999389648438
2013-06-20,123.5999984741211,127.47734069824219,77.05074310302734,20.489999771118164
2013-06-21,125.05000305175781,127.88660430908203,75.74413299560547,18.899999618530273
2013-06-24,123.93000030517578,126.27063751220703,76.05855560302734,20.110000610351562
2013-06-25,123.47000122070312,127.48464965820312,75.38070678710938,18.469999313354492
2013-06-26,118.27999877929688,128.74679565429688,75.86984252929688,17.209999084472656
2013-06-27,115.94000244140625,129.50254821777344,76.6454849243164,16.860000610351562
2013-06-28,119.11000061035156,128.97195434570312,77.16950988769531,16.860000610351562
2013-07-01,121.12999725341797,129.7276611328125,77.32501983642578,16.3700008392334
2013-07-02,120.05000305175781,129.60708618164062,77.2760009765625,16.440000534057617
2013-07-03,120.73999786376953,129.66336059570312,77.04486846923828,16.200000762939453
2013-07-05,118.08999633789062,131.06219482421875,74.4185791015625,14.890000343322754
2013-07-08,119.51000213623047,131.8099365234375,75.13995361328125,14.779999732971191
2013-07-09,120.62000274658203,132.75856018066406,75.21701049804688,14.350000381469727
2013-07-10,120.94999694824219,132.80685424804688,74.62872314453125,14.210000038146973
2013-07-11,124.23999786376953,134.61582946777344,75.50411224365234,14.010000228881836
2013-07-12,124.12999725341797,134.6720733642578,75.44109344482422,13.84000015258789
2013-07-15,124.18000030517578,135.1865997314453,75.84031677246094,13.789999961853027
2013-07-16,124.88999938964844,134.68011474609375,76.09939575195312,14.420000076293945
2013-07-17,123.31999969482422,135.02577209472656,76.23953247070312,13.779999732971191
2013-07-18,124.01000213623047,135.7654266357422,75.28701782226562,13.770000457763672
2013-07-19,125.11000061035156,136.00662231445312,76.47758483886719,12.539999961853027
2013-07-22,128.83999633789062,136.2719268798828,76.58964538574219,12.289999961853027
2013-07-23,129.7100067138672,135.9824981689453,76.26751708984375,12.65999984741211
2013-07-24,127.4800033569336,135.48411560058594,75.301025390625,13.180000305175781
2013-07-25,128.6699981689453,135.813720703125,75.27298736572266,12.970000267028809
2013-07-26,128.77999877929688,135.9583740234375,75.73523712158203,12.720000267028809
2013-07-29,128.47000122070312,135.5403289794922,75.18193817138672,13.390000343322754
2013-07-30,128.1199951171875,135.5403289794922,75.15394592285156,13.390000343322754
2013-07-31,127.95999908447266,135.63682556152344,75.42707824707031,13.449999809265137
2013-08-01,126.61000061035156,137.2045135498047,73.97370147705078,12.9399995803833
2013-08-02,126.36000061035156,137.4376983642578,74.78819274902344,11.979999542236328
2013-08-05,125.69999694824219,137.2367401123047,74.21243286132812,11.84000015258789
2013-08-06,123.97000122070312,136.4568328857422,74.43010711669922,12.720000267028809
2013-08-07,124.1500015258789,136.0147247314453,74.98473358154297,12.979999542236328
2013-08-08,126.86000061035156,136.51307678222656,75.18838500976562,12.729999542236328
2013-08-09,126.86000061035156,136.11917114257812,75.30775451660156,13.40999984741211
2013-08-12,129.1300048828125,135.9583740234375,74.79517364501953,12.8100004196167
2013-08-13,127.73999786376953,136.3603973388672,73.71391296386719,12.3100004196167
2013-08-14,129.0,135.66099548339844,73.82630920410156,13.039999961853027
2013-08-15,131.69000244140625,133.76361083984375,72.82933044433594,14.729999542236328
2013-08-16,132.5800018310547,133.32144165039062,72.57654571533203,14.369999885559082
2013-08-19,132.00999450683594,132.4691925048828,71.94465637207031,15.100000381469727
2013-08-20,132.4499969482422,133.12042236328125,72.49931335449219,14.90999984741211
2013-08-21,132.07000732421875,132.30035400390625,71.70594787597656,15.9399995803833
2013-08-22,132.80999755859375,133.50628662109375,72.4361343383789,14.760000228881836
2013-08-23,134.89999389648438,133.95651245117188,73.22250366210938,13.979999542236328
2013-08-26,135.4499969482422,133.45803833007812,73.58757781982422,14.989999771118164
2013-08-27,136.75,131.31146240234375,74.51432037353516,16.770000457763672
2013-08-28,136.7100067138672,131.7777557373047,73.91055297851562,16.489999771118164
2013-08-29,135.8699951171875,131.98683166503906,74.50029754638672,16.809999465942383
2013-08-30,134.6199951171875,131.56875610351562,74.41604614257812,17.010000228881836
2013-09-03,136.4199981689453,132.16371154785156,73.3664321899414,16.610000610351562
2013-09-04,134.66000366210938,133.25701904296875,73.2045669555664,15.880000114440918
2013-09-05,132.1999969482422,133.42593383789062,72.18383026123047,15.770000457763672
2013-09-06,134.14999389648438,133.4901885986328,72.54283905029297,15.850000381469727
2013-09-09,133.91000366210938,134.76849365234375,72.57801818847656,15.630000114440918
2013-09-10,131.74000549316406,135.7654266357422,72.07115936279297,14.529999732971191
2013-09-11,131.6999969482422,136.1915740966797,72.71178436279297,13.819999694824219
2013-09-12,127.66999816894531,135.8297576904297,72.61318969726562,14.289999961853027
2013-09-13,127.81999969482422,136.13531494140625,72.89480590820312,14.15999984741211
2013-09-16,126.44999694824219,136.92315673828125,72.4090805053711,14.380000114440918
2013-09-17,126.5,137.5341033935547,73.00743865966797,14.529999732971191
2013-09-18,132.00999450683594,139.1260528564453,73.90849304199219,13.59000015258789
2013-09-19,131.75,138.89288330078125,73.47205352783203,13.15999984741211
2013-09-20,127.95999908447266,137.9218292236328,73.8592758178711,13.119999885559082
2013-09-23,127.55000305175781,137.2835693359375,74.40130615234375,14.3100004196167
2013-09-24,127.66000366210938,136.96043395996094,75.20381927490234,14.079999923706055
2013-09-25,128.7899932861328,136.56463623046875,75.3586654663086,14.010000228881836
2013-09-26,127.79000091552734,137.0897216796875,74.83069610595703,14.0600004196167
2013-09-27,128.97000122070312,136.45956420898438,75.0137710571289,15.460000038146973
2013-09-30,128.17999267578125,135.73248291015625,74.90108489990234,16.600000381469727
2013-10-01,124.58999633789062,136.80690002441406,74.67383575439453,15.539999961853027
2013-10-02,127.05999755859375,136.67767333984375,74.78678131103516,16.600000381469727
2013-10-03,127.18000030517578,135.41738891601562,74.6667709350586,17.670000076293945
2013-10-04,126.52999877929688,136.44337463378906,74.61030578613281,16.739999771118164
2013-10-07,127.63999938964844,135.26388549804688,74.91384887695312,19.40999984741211
2013-10-08,127.4000015258789,133.68846130371094,74.93498229980469,20.34000015258789
2013-10-09,126.11000061035156,133.7854461669922,74.33504486083984,19.600000381469727
2013-10-10,124.2699966430664,136.6695556640625,74.45500946044922,16.479999542236328
2013-10-11,122.5999984741211,137.55014038085938,74.43385314941406,15.720000267028809
2013-10-14,122.83000183105469,138.0995330810547,73.83395385742188,16.06999969482422
2013-10-15,123.7300033569336,137.09774780273438,73.7845230102539,18.65999984741211
2013-10-16,123.54000091552734,139.0124969482422,74.70913696289062,14.710000038146973
2013-10-17,127.41999816894531,139.94154357910156,75.38668823242188,13.479999542236328
2013-10-18,126.8499984741211,140.88670349121094,75.54901123046875,13.039999961853027
2013-10-21,126.9800033569336,140.894775390625,75.30902862548828,13.15999984741211
2013-10-22,129.33999633789062,141.7107696533203,76.14896392822266,13.329999923706055
2013-10-23,128.69000244140625,141.0321502685547,76.44540405273438,13.420000076293945
2013-10-24,129.89999389648438,141.500732421875,76.14896392822266,13.199999809265137
2013-10-25,130.4600067138672,142.14703369140625,76.43128204345703,13.09000015258789
2013-10-28,130.55999755859375,142.37322998046875,76.17015838623047,13.3100004196167
2013-10-29,129.77000427246094,143.13270568847656,76.26893615722656,13.40999984741211
2013-10-30,129.60000610351562,142.4217071533203,75.81015014648438,13.649999618530273
2013-10-31,127.73999786376953,142.0177764892578,75.97251892089844,13.75
2013-11-01,126.94999694824219,142.35704040527344,75.15016174316406,13.279999732971191
2013-11-04,126.80999755859375,142.85800170898438,75.22093200683594,12.930000305175781
2013-11-05,126.55999755859375,142.4055633544922,74.3221435546875,13.270000457763672
2013-11-06,127.19999694824219,143.13270568847656,74.35752868652344,12.670000076293945
2013-11-07,126.16000366210938,141.32293701171875,74.98739624023438,13.90999984741211
2013-11-08,124.27999877929688,143.22958374023438,73.1827621459961,12.899999618530273
2013-11-11,123.87000274658203,143.2538604736328,72.90675354003906,12.529999732971191
2013-11-12,122.44999694824219,142.96298217773438,73.24647521972656,12.819999694824219
2013-11-13,122.8499984741211,144.1101837158203,73.51536560058594,12.520000457763672
2013-11-14,124.2699966430664,144.82919311523438,73.96826171875,12.369999885559082
2013-11-15,124.31999969482422,145.45932006835938,74.11695098876953,12.1899995803833
2013-11-18,122.9000015258789,144.95033264160156,74.56278991699219,13.100000381469727
2013-11-19,122.94999694824219,144.63531494140625,73.99662017822266,13.390000343322754
2013-11-20,120.12000274658203,144.18284606933594,72.7369384765625,13.399999618530273
2013-11-21,119.94000244140625,145.3462677001953,72.85720825195312,12.65999984741211
2013-11-22,119.91999816894531,146.0733184814453,73.5365982055664,12.260000228881836
2013-11-25,120.45999908447266,145.92787170410156,73.74894714355469,12.789999961853027
2013-11-26,119.81999969482422,145.96832275390625,74.02491760253906,12.8100004196167
2013-11-27,119.45999908447266,146.32374572753906,73.89752197265625,12.979999542236328
2013-11-29,120.69999694824219,146.2268829345703,73.91875457763672,13.699999809265137
2013-12-02,117.58000183105469,145.84715270996094,73.34381103515625,14.229999542236328
2013-12-03,117.95999908447266,145.21694946289062,73.61354064941406,14.550000190734863
2013-12-04,119.95999908447266,145.2008514404297,72.91085815429688,14.699999809265137
2013-12-05,118.30000305175781,144.56256103515625,72.70503234863281,15.079999923706055
2013-12-06,118.55000305175781,146.1783905029297,73.05278015136719,13.789999961853027
2013-12-09,119.72000122070312,146.54998779296875,73.22317504882812,13.489999771118164
2013-12-10,121.81999969482422,146.02487182617188,73.74842071533203,13.90999984741211
2013-12-11,120.86000061035156,144.3848114013672,73.18055725097656,15.420000076293945
2013-12-12,118.29000091552734,143.90821838378906,72.90375518798828,15.539999961853027
2013-12-13,119.37999725341797,143.89205932617188,73.25862884521484,15.760000228881836
2013-12-16,119.69000244140625,144.78880310058594,72.98894500732422,16.030000686645508
2013-12-17,118.6500015258789,144.3283233642578,73.31544494628906,16.209999084472656
2013-12-18,117.61000061035156,146.79234313964844,72.94631958007812,13.800000190734863
2013-12-19,114.81999969482422,146.62271118164062,72.8753662109375,14.149999618530273
2013-12-20,115.94000244140625,147.4755859375,73.99687957763672,13.789999961853027
2013-12-23,115.56999969482422,148.2634735107422,73.57805633544922,13.039999961853027
2013-12-24,116.0999984741211,148.5884246826172,72.98894500732422,12.479999542236328
2013-12-26,116.73999786376953,149.34378051757812,72.70767974853516,12.329999923706055
2013-12-27,117.12000274658203,149.33567810058594,72.50113677978516,12.460000038146973
2013-12-30,115.38999938964844,149.3113250732422,72.99961853027344,13.5600004196167
2013-12-31,116.12000274658203,150.0179443359375,72.53675842285156,13.720000267028809
2014-01-02,118.0,148.58029174804688,72.75747680664062,14.229999542236328
2014-01-03,119.29000091552734,148.55587768554688,72.75747680664062,13.760000228881836
2014-01-06,119.5,148.12542724609375,73.06364440917969,13.550000190734863
2014-01-07,118.81999969482422,149.03509521484375,73.24885559082031,12.920000076293945
2014-01-08,118.12000274658203,149.06764221191406,73.04943084716797,12.869999885559082
2014-01-09,118.45999908447266,149.16514587402344,73.47676086425781,12.890000343322754
2014-01-10,120.26000213623047,149.57130432128906,74.3526382446289,12.140000343322754
2014-01-13,121.0199966430664,147.5811767578125,74.72294616699219,13.279999732971191
2014-01-14,119.88999938964844,149.1894989013672,74.38113403320312,12.279999732971191
2014-01-15,119.66000366210938,149.99363708496094,74.30279541015625,12.279999732971191
2014-01-16,119.79000091552734,149.7986602783203,74.80126953125,12.529999732971191
2014-01-17,120.93000030517578,149.16514587402344,75.11459350585938,12.4399995803833
2014-01-21,119.69999694824219,149.60372924804688,75.17156982421875,12.869999885559082
2014-01-22,119.19000244140625,149.7012176513672,74.98644256591797,12.84000015258789
2014-01-23,121.79000091552734,148.4746856689453,76.04749298095703,13.770000457763672
2014-01-24,122.29000091552734,145.3068084716797,76.53887939453125,18.139999389648438
2014-01-27,120.95999908447266,144.59201049804688,76.0047836303711,17.420000076293945
2014-01-28,120.94999694824219,145.4530487060547,76.18993377685547,15.800000190734863
2014-01-29,122.47000122070312,144.05592346191406,76.81661987304688,17.350000381469727
2014-01-30,119.7699966430664,145.58299255371094,76.5958023071289,17.290000915527344
2014-01-31,120.08999633789062,144.7301025390625,77.1085433959961,18.40999984741211
2014-02-03,121.31999969482422,141.47293090820312,78.04810333251953,21.440000534057617
2014-02-04,120.98999786376953,142.46389770507812,77.21993255615234,19.110000610351562
2014-02-05,121.29000091552734,142.28518676757812,76.50598907470703,19.950000762939453
2014-02-06,121.23999786376953,144.16151428222656,76.17757415771484,17.229999542236328
2014-02-07,122.16999816894531,145.94845581054688,76.24183654785156,15.289999961853027
2014-02-10,122.91999816894531,146.21653747558594,76.45599365234375,15.260000228881836
2014-02-11,124.36000061035156,147.81678771972656,76.01337432861328,14.510000228881836
2014-02-12,124.43000030517578,147.88986206054688,75.62068939208984,14.300000190734863
2014-02-13,125.48999786376953,148.6533660888672,76.04901123046875,14.140000343322754
2014-02-14,127.1500015258789,149.4738006591797,76.09188842773438,13.569999694824219
2014-02-18,127.4000015258789,149.65245056152344,76.26321411132812,13.869999885559082
2014-02-19,126.2699966430664,148.66151428222656,75.9419937133789,15.5
2014-02-20,127.5999984741211,149.53880310058594,75.7563705444336,14.789999961853027
2014-02-21,127.58000183105469,149.3681640625,76.15616607666016,14.680000305175781
2014-02-24,128.99000549316406,150.1967010498047,75.96337890625,14.229999542236328
2014-02-25,129.2100067138672,150.1398468017578,76.64164733886719,13.670000076293945
2014-02-26,128.11000061035156,150.14794921875,77.04856872558594,14.350000381469727
2014-02-27,128.1999969482422,150.9358673095703,77.46981811523438,14.039999961853027
2014-02-28,127.62000274658203,151.3175506591797,77.51264190673828,14.0
2014-03-03,130.2899932861328,150.25352478027344,78.03007507324219,16.0
2014-03-04,128.67999267578125,152.36544799804688,76.85638427734375,14.100000381469727
2014-03-05,128.88999938964844,152.50352478027344,77.02098846435547,13.890000343322754
2014-03-06,130.1699981689453,152.85279846191406,76.2623519897461,14.210000038146973
2014-03-07,129.08999633789062,152.91781616210938,75.78285217285156,14.109999656677246
2014-03-10,129.1300048828125,152.8365478515625,75.89024353027344,14.199999809265137
2014-03-11,129.86000061035156,152.08111572265625,76.0905990600586,14.800000190734863
2014-03-12,131.75999450683594,152.12173461914062,76.62022399902344,14.470000267028809
2014-03-13,132.2100067138672,150.4159698486328,77.65076446533203,16.219999313354492
2014-03-14,133.10000610351562,149.99363708496094,77.66509246826172,17.81999969482422
2014-03-17,131.63999938964844,151.35006713867188,77.08541107177734,15.640000343322754
2014-03-18,130.6199951171875,152.43038940429688,77.36450958251953,14.520000457763672
2014-03-19,128.08999633789062,151.61813354492188,76.76335906982422,15.119999885559082
2014-03-20,127.86000061035156,152.50352478027344,76.62735748291016,14.520000457763672
2014-03-21,128.47000122070312,151.91200256347656,77.4574966430664,15.0
2014-03-24,126.18000030517578,151.28382873535156,78.00861358642578,15.09000015258789
2014-03-25,126.41000366210938,152.00173950195312,77.71515655517578,14.020000457763672
2014-03-26,125.41000366210938,150.9085693359375,78.32351684570312,14.930000305175781
2014-03-27,124.58999633789062,150.59034729003906,78.71715545654297,14.619999885559082
2014-03-28,124.55999755859375,151.33273315429688,78.27342224121094,14.40999984741211
2014-03-31,123.61000061035156,152.5728759765625,78.0801773071289,13.880000114440918
2014-04-01,123.38999938964844,153.58453369140625,77.4128646850586,13.100000381469727
2014-04-02,124.31999969482422,154.09848022460938,76.9679946899414,13.09000015258789
2014-04-03,123.91999816894531,153.89454650878906,77.30525207519531,13.369999885559082
2014-04-04,125.56999969482422,152.07521057128906,77.82186126708984,13.960000038146973
2014-04-07,124.91000366210938,150.39453125,78.288330078125,15.569999694824219
2014-04-08,126.08999633789062,151.01455688476562,78.47482299804688,14.890000343322754
2014-04-09,126.31999969482422,152.63815307617188,78.08734893798828,13.819999694824219
2014-04-10,127.01000213623047,149.4318084716797,78.8120346069336,15.890000343322754
2014-04-11,126.93000030517578,148.0856475830078,79.45064544677734,17.030000686645508
2014-04-14,127.8499984741211,149.25233459472656,79.24250030517578,16.110000610351562
2014-04-15,125.48999786376953,150.28028869628906,79.7376480102539,15.609999656677246
2014-04-16,125.54000091552734,151.85491943359375,79.83809661865234,14.180000305175781
2014-04-17,124.75,152.06704711914062,78.96271514892578,13.359999656677246
2014-04-21,124.23999786376953,152.59732055664062,78.89813995361328,13.25
2014-04-22,123.77999877929688,153.2908172607422,79.16364288330078,13.1899995803833
2014-04-23,123.76000213623047,152.93182373046875,79.61568450927734,13.270000457763672
2014-04-24,124.55999755859375,153.2418670654297,79.76637268066406,13.319999694824219
2014-04-25,125.43000030517578,151.9853973388672,79.88114929199219,14.0600004196167
2014-04-28,124.87999725341797,152.466796875,79.4936294555664,13.970000267028809
2014-04-29,124.86000061035156,153.17660522460938,79.38607025146484,13.710000038146973
2014-04-30,124.22000122070312,153.63348388671875,79.71610260009766,13.40999984741211
2014-05-01,123.80000305175781,153.64988708496094,80.57135009765625,13.25
2014-05-02,125.05999755859375,153.42950439453125,81.06761932373047,12.90999984741211
2014-05-05,126.22000122070312,153.72317504882812,80.5784912109375,13.289999961853027
2014-05-06,125.9800033569336,152.38523864746094,80.9021224975586,13.800000190734863
2014-05-07,124.16999816894531,153.2826385498047,80.6144790649414,13.399999618530273
2014-05-08,124.16999816894531,153.11947631835938,80.26924896240234,13.430000305175781
2014-05-09,124.0999984741211,153.34791564941406,80.01029205322266,12.920000076293945
2014-05-12,124.94000244140625,154.84095764160156,79.68669128417969,12.229999542236328
2014-05-13,124.5999984741211,154.97964477539062,80.37705993652344,12.130000114440918
2014-05-14,125.80999755859375,154.24537658691406,81.2474594116211,12.170000076293945
2014-05-15,124.7699966430664,152.8910675048828,81.89476013183594,13.170000076293945
2014-05-16,124.5,153.4213409423828,81.66454315185547,12.4399995803833
2014-05-19,124.58000183105469,153.9842987060547,81.06037139892578,12.420000076293945
2014-05-20,124.69000244140625,153.01344299316406,81.24022674560547,12.960000038146973
2014-05-21,124.38999938964844,154.30250549316406,80.74394989013672,11.90999984741211
2014-05-22,124.66999816894531,154.67779541015625,80.62886810302734,12.029999732971191
2014-05-23,124.51000213623047,155.29786682128906,81.06037139892578,11.359999656677246
2014-05-27,121.8499984741211,156.25233459472656,81.53515625,11.510000228881836
2014-05-28,121.19999694824219,156.13818359375,82.54206085205078,11.680000305175781
2014-05-29,120.94000244140625,156.94581604003906,82.1033706665039,11.569999694824219
2014-05-30,120.43000030517578,157.19873046875,82.0673828125,11.399999618530273
2014-06-02,119.69999694824219,157.37820434570312,81.45735168457031,11.579999923706055
2014-06-03,120.01000213623047,157.29669189453125,80.45497131347656,11.869999885559082
2014-06-04,119.76000213623047,157.61488342285156,80.43331909179688,12.079999923706055
2014-06-05,120.66000366210938,158.64280700683594,80.46939086914062,11.680000305175781
2014-06-06,120.61000061035156,159.4015350341797,80.46939086914062,10.729999542236328
2014-06-09,120.6500015258789,159.56472778320312,80.35401153564453,11.149999618530273
2014-06-10,121.38999938964844,159.58103942871094,80.058349609375,10.989999771118164
2014-06-11,121.41000366210938,159.02627563476562,80.20256042480469,11.600000381469727
2014-06-12,122.63999938964844,157.900390625,80.91645050048828,12.5600004196167
2014-06-13,122.95999908447266,158.38172912597656,80.87321472167969,12.180000305175781
2014-06-16,122.41999816894531,158.51226806640625,81.0750961303711,12.649999618530273
2014-06-17,122.27999877929688,158.95281982421875,80.43331909179688,12.0600004196167
2014-06-18,122.66999816894531,160.11949157714844,81.0534896850586,10.609999656677246
2014-06-19,126.94000244140625,160.2989959716797,80.01505279541016,10.619999885559082
2014-06-20,126.5,160.62448120117188,80.62084197998047,10.850000381469727
2014-06-23,126.8499984741211,160.57530212402344,80.36840057373047,10.979999542236328
2014-06-24,126.9800033569336,159.6079559326172,81.18328094482422,12.130000114440918
2014-06-25,126.98999786376953,160.32936096191406,81.39241790771484,11.59000015258789
2014-06-26,126.7300033569336,160.21456909179688,81.78179168701172,11.630000114440918
2014-06-27,126.66000366210938,160.52609252929688,81.65924072265625,11.260000228881836
2014-06-30,128.0399932861328,160.444091796875,81.86114501953125,11.569999694824219
2014-07-01,127.69999694824219,161.5179901123047,81.17576599121094,11.149999618530273
2014-07-02,127.69999694824219,161.68194580078125,80.30817413330078,10.819999694824219
2014-07-03,127.16000366210938,162.47705078125,80.01897430419922,10.319999694824219
2014-07-07,127.0199966430664,161.91148376464844,80.60459899902344,11.329999923706055
2014-07-08,127.06999969482422,160.8704071044922,81.5083236694336,11.979999542236328
2014-07-09,127.83999633789062,161.59176635742188,81.57335662841797,11.649999618530273
2014-07-10,128.5399932861328,160.9523162841797,81.59506225585938,12.59000015258789
2014-07-11,128.77999877929688,161.17372131347656,82.11565399169922,12.079999923706055
2014-07-14,125.72000122070312,161.98526000976562,81.76138305664062,11.819999694824219
2014-07-15,124.52999877929688,161.68194580078125,81.59506225585938,11.960000038146973
2014-07-16,124.97000122070312,162.2803192138672,82.02891540527344,11.0
2014-07-17,127.08999633789062,160.4359130859375,83.06271362304688,14.539999961853027
2014-07-18,126.12999725341797,162.07540893554688,82.79521179199219,12.0600004196167
2014-07-21,126.33999633789062,161.7720947265625,83.20729064941406,12.8100004196167
2014-07-22,125.73999786376953,162.47705078125,83.3808364868164,12.239999771118164
2014-07-23,125.62000274658203,162.83779907226562,83.2724380493164,11.520000457763672
2014-07-24,124.3499984741211,162.8459930419922,82.6506576538086,11.84000015258789
2014-07-25,125.79000091552734,162.08363342285156,83.62662506103516,12.6899995803833
2014-07-28,125.58000183105469,162.14923095703125,83.51097869873047,12.5600004196167
2014-07-29,125.19999694824219,161.45237731933594,83.8145980834961,13.279999732971191
2014-07-30,124.83000183105469,161.47695922851562,82.6506576538086,13.329999923706055
2014-07-31,123.38999938964844,158.2881317138672,82.40483093261719,16.950000762939453
2014-08-01,124.37999725341797,157.8044891357422,83.04271697998047,17.030000686645508
2014-08-04,123.98999786376953,158.94390869140625,82.82524108886719,15.119999885559082
2014-08-05,123.87000274658203,157.40281677246094,83.09342193603516,16.8700008392334
2014-08-06,125.66999816894531,157.45196533203125,83.14417266845703,16.3700008392334
2014-08-07,126.18000030517578,156.59942626953125,83.91983032226562,16.65999984741211
2014-08-08,126.19000244140625,158.41114807128906,83.73858642578125,15.770000457763672
2014-08-11,125.95999908447266,158.87017822265625,83.73135375976562,14.229999542236328
2014-08-12,125.98999786376953,158.6488037109375,83.18769073486328,14.130000114440918
2014-08-13,126.19999694824219,159.7227020263672,83.73135375976562,12.899999618530273
2014-08-14,126.30999755859375,160.47686767578125,84.40552520751953,12.420000076293945
2014-08-15,125.4800033569336,160.444091796875,85.3260726928711,13.149999618530273
2014-08-18,124.95999908447266,161.78854370117188,84.4780044555664,12.319999694824219
2014-08-19,124.68000030517578,162.63282775878906,84.21702575683594,12.210000038146973
2014-08-20,124.22000122070312,163.06736755371094,84.07927703857422,11.779999732971191
2014-08-21,122.87999725341797,163.5427703857422,84.55045318603516,11.760000228881836
2014-08-22,123.19000244140625,163.28866577148438,85.02164459228516,11.470000267028809
2014-08-25,122.73999786376953,164.11666870117188,85.3405990600586,11.699999809265137
2014-08-26,123.3499984741211,164.22317504882812,85.06510162353516,11.630000114440918
2014-08-27,123.31999969482422,164.1576690673828,85.79002380371094,11.779999732971191
2014-08-28,124.0,164.06748962402344,86.23941040039062,12.050000190734863
2014-08-29,123.86000061035156,164.5347137451172,86.29743957519531,12.09000015258789
2014-09-02,121.6500015258789,164.45274353027344,84.80877685546875,12.25
2014-09-03,122.1500015258789,164.362548828125,85.28099822998047,12.359999656677246
2014-09-04,121.4800033569336,164.12484741210938,84.24208068847656,12.640000343322754
2014-09-05,122.05999755859375,164.86265563964844,84.08223724365234,12.09000015258789
2014-09-08,120.7300033569336,164.43641662597656,84.11852264404297,12.65999984741211
2014-09-09,120.87000274658203,163.3953094482422,84.05313110351562,13.5
2014-09-10,120.26000213623047,164.01011657714844,83.52277374267578,12.880000114440918
2014-09-11,119.47000122070312,164.1985626220703,83.24669647216797,12.800000190734863
2014-09-12,118.37999725341797,163.23947143554688,82.37484741210938,13.3100004196167
2014-09-15,118.63999938964844,163.1165008544922,82.49834442138672,14.119999885559082
2014-09-16,118.83000183105469,164.34617614746094,82.16415405273438,12.729999542236328
2014-09-17,117.54000091552734,164.5675048828125,81.95349884033203,12.649999618530273
2014-09-18,117.77999877929688,165.44467163085938,82.21500396728516,12.029999732971191
2014-09-19,117.08999633789062,165.2955780029297,83.26121520996094,12.109999656677246
2014-09-22,116.8499984741211,164.01901245117188,83.36294555664062,13.6899995803833
2014-09-23,117.5999984741211,163.08013916015625,83.8788070678711,14.930000305175781
2014-09-24,117.05000305175781,164.35665893554688,83.41377258300781,13.270000457763672
2014-09-25,117.38999938964844,161.70472717285156,84.40186309814453,15.640000343322754
2014-09-26,117.05999755859375,162.98947143554688,84.27839660644531,14.850000381469727
2014-09-29,117.02999877929688,162.69300842285156,84.95404815673828,15.979999542236328
2014-09-30,116.20999908447266,162.2647247314453,84.47455596923828,16.309999465942383
2014-10-01,116.7699966430664,160.06581115722656,86.11263275146484,16.709999084472656
2014-10-02,116.73999786376953,160.09046936035156,85.36239624023438,16.15999984741211
2014-10-03,114.61000061035156,161.85289001464844,85.7265625,14.550000190734863
2014-10-06,116.02999877929688,161.66348266601562,85.77758026123047,15.460000038146973
2014-10-07,116.36000061035156,159.16802978515625,86.93562316894531,17.200000762939453
2014-10-08,117.47000122070312,161.9518585205078,86.95746612548828,15.109999656677246
2014-10-09,117.63999938964844,158.7397918701172,86.5787582397461,18.760000228881836
2014-10-10,117.58999633789062,156.92787170410156,87.43818664550781,21.239999771118164
2014-10-13,118.5199966430664,154.34999084472656,87.96988677978516,24.639999389648438
2014-10-14,118.58999633789062,154.58883666992188,88.54527282714844,22.790000915527344
2014-10-15,118.98999786376953,153.5428924560547,89.2445068359375,25.270000457763672
2014-10-16,119.22000122070312,153.41111755371094,88.6763916015625,25.200000762939453
2014-10-17,118.98999786376953,155.22299194335938,88.18111419677734,21.989999771118164
2014-10-20,119.80000305175781,156.73019409179688,88.5015869140625,18.56999969482422
2014-10-21,120.0199966430664,159.83517456054688,87.79512023925781,16.079999923706055
2014-10-22,119.33999633789062,158.69862365722656,87.8897476196289,17.8700008392334
2014-10-23,118.5199966430664,160.54342651367188,87.11045837402344,16.530000686645508
2014-10-24,118.3499984741211,161.7788543701172,87.1978759765625,16.110000610351562
2014-10-27,118.05999755859375,161.55642700195312,87.35808563232422,16.040000915527344
2014-10-28,118.0999984741211,163.40957641601562,86.81182098388672,14.390000343322754
2014-10-29,116.41000366210938,163.1624755859375,87.00846862792969,15.149999618530273
2014-10-30,115.19000244140625,164.20846557617188,87.08131408691406,14.520000457763672
2014-10-31,112.66000366210938,166.0862579345703,86.85556030273438,14.029999732971191
2014-11-03,112.1500015258789,166.17689514160156,86.85554504394531,14.729999542236328
2014-11-04,112.22000122070312,165.60031127929688,87.12567138671875,14.890000343322754
2014-11-05,109.79000091552734,166.64630126953125,87.00155639648438,14.170000076293945
2014-11-06,109.87999725341797,167.31338500976562,86.4393539428711,13.670000076293945
2014-11-07,112.97000122070312,167.4698944091797,87.43229675292969,13.119999885559082
2014-11-10,110.45999908447266,167.99696350097656,86.62921142578125,12.670000076293945
2014-11-11,112.04000091552734,168.1616973876953,86.68757629394531,12.920000076293945
2014-11-12,111.5,167.9805145263672,86.61461639404297,13.020000457763672
2014-11-13,111.66999816894531,168.17001342773438,86.81900024414062,13.789999961853027
2014-11-14,114.47000122070312,168.2111053466797,87.24248504638672,13.3100004196167
2014-11-17,114.05000305175781,168.31825256347656,87.0234375,13.989999771118164
2014-11-18,115.05000305175781,169.29002380371094,87.2643814086914,13.859999656677246
2014-11-19,113.68000030517578,169.01824951171875,86.70952606201172,13.960000038146973
2014-11-20,114.86000061035156,169.31475830078125,87.16216278076172,13.579999923706055
2014-11-21,115.38999938964844,170.22064208984375,87.68785858154297,12.899999618530273
2014-11-24,115.11000061035156,170.69837951660156,87.76087951660156,12.619999885559082
2014-11-25,115.37999725341797,170.57484436035156,88.49103546142578,12.25
2014-11-26,115.16000366210938,171.01133728027344,88.73194122314453,12.069999694824219
2014-11-28,112.11000061035156,170.6489715576172,89.4328842163086,13.329999923706055
2014-12-01,116.58000183105469,169.4630126953125,88.91110229492188,14.15999984741211
2014-12-02,115.13999938964844,170.55831909179688,88.04756927490234,12.850000381469727
2014-12-03,116.33000183105469,171.21725463867188,88.39149475097656,12.5
2014-12-04,115.87999725341797,171.02783203125,89.13066864013672,12.380000114440918
2014-12-05,114.43000030517578,171.30783081054688,88.61103057861328,11.890000343322754
2014-12-08,115.77999877929688,170.16307067871094,89.69412994384766,14.210000038146973
2014-12-09,118.19000244140625,170.04774475097656,90.1551284790039,15.350000381469727
2014-12-10,117.95999908447266,167.32159423828125,90.81369018554688,18.530000686645508
2014-12-11,117.69000244140625,168.17001342773438,91.18692016601562,20.079999923706055
2014-12-12,117.41000366210938,165.45213317871094,92.42366790771484,21.079999923706055
2014-12-15,114.38999938964844,164.3154754638672,92.2333755493164,20.420000076293945
2014-12-16,114.94999694824219,162.997802734375,93.37496948242188,23.56999969482422
2014-12-17,114.2699966430664,166.1933135986328,92.53337097167969,19.440000534057617
2014-12-18,115.1500015258789,170.30308532714844,90.88693237304688,16.809999465942383
2014-12-19,114.7699966430664,171.0277099609375,92.10897064208984,16.489999771118164
2014-12-22,112.55000305175781,171.81439208984375,92.2333755493164,15.25
2014-12-23,112.73999786376953,172.04629516601562,90.4039306640625,14.800000190734863
2014-12-24,112.7699966430664,172.0628662109375,90.8959732055664,14.369999885559082
2014-12-26,114.83000183105469,172.61769104003906,91.23333740234375,14.5
2014-12-29,113.66999816894531,172.84954833984375,91.91532135009766,15.0600004196167
2014-12-30,115.19999694824219,171.9220428466797,92.16466522216797,15.920000076293945
2014-12-31,113.58000183105469,170.2161102294922,92.34062957763672,19.200000762939453
2015-01-02,114.08000183105469,170.1249542236328,93.36729431152344,17.790000915527344
2015-01-05,115.80000305175781,167.05267333984375,94.83399200439453,19.920000076293945
2015-01-06,117.12000274658203,165.4791259765625,96.5426254272461,21.1200008392334
2015-01-07,116.43000030517578,167.54116821289062,96.35191345214844,19.309999465942383
2015-01-08,115.94000244140625,170.5142059326172,95.07596588134766,17.010000228881836
2015-01-09,117.26000213623047,169.14784240722656,96.11727905273438,17.549999237060547
2015-01-12,118.55999755859375,167.82278442382812,96.66728210449219,19.600000381469727
2015-01-13,118.16000366210938,167.3507080078125,96.66728210449219,20.559999465942383
2015-01-14,117.97000122070312,166.34036254882812,97.40061950683594,21.479999542236328
2015-01-15,120.94000244140625,164.81661987304688,98.93328094482422,22.389999389648438
2015-01-16,122.5199966430664,166.97813415527344,97.67198181152344,20.950000762939453
2015-01-20,124.19999694824219,167.3341827392578,98.96995544433594,19.889999389648438
2015-01-21,124.2300033569336,168.17889404296875,97.82596588134766,18.850000381469727
2015-01-22,125.2300033569336,170.6798858642578,97.47393035888672,16.399999618530273
2015-01-23,124.2300033569336,169.74403381347656,98.8305892944336,16.65999984741211
2015-01-26,122.98999786376953,170.1415557861328,98.52993774414062,15.520000457763672
2015-01-27,124.4000015258789,167.89732360839844,98.6839370727539,17.219999313354492
2015-01-28,123.41999816894531,165.74411010742188,100.29723358154297,20.440000534057617
2015-01-29,120.76000213623047,167.27626037597656,99.63725280761719,18.760000228881836
2015-01-30,123.44999694824219,165.17271423339844,101.4045639038086,20.969999313354492
2015-02-02,122.41999816894531,167.2181854248047,101.02174377441406,19.43000030517578
2015-02-03,121.05000305175781,169.63638305664062,98.8834457397461,17.329999923706055
2015-02-04,121.58000183105469,168.9904327392578,99.05248260498047,18.329999923706055
2015-02-05,121.79000091552734,170.69644165039062,97.96492767333984,16.850000381469727
2015-02-06,118.63999938964844,170.22439575195312,96.23074340820312,17.290000915527344
2015-02-09,119.16999816894531,169.46253967285156,96.07647705078125,18.549999237060547
2015-02-10,118.47000122070312,171.26785278320312,95.3122787475586,17.229999542236328
2015-02-11,117.06999969482422,171.36721801757812,95.48865509033203,16.959999084472656
2015-02-12,117.33999633789062,173.01519775390625,95.17263793945312,15.34000015258789
2015-02-13,117.9800033569336,173.72743225097656,94.19536590576172,14.6899995803833
2015-02-17,116.01000213623047,174.00074768066406,92.77717590332031,15.800000190734863
2015-02-18,116.33999633789062,174.01730346679688,93.32825469970703,15.449999809265137
2015-02-19,115.94000244140625,173.8930206298828,92.71098327636719,15.289999961853027
2015-02-20,115.27999877929688,174.9365234375,92.9828872680664,14.300000190734863
2015-02-23,115.43000030517578,174.9116668701172,94.04837799072266,14.5600004196167
2015-02-24,115.26000213623047,175.40855407714844,95.28287506103516,13.6899995803833
2015-02-25,115.69999694824219,175.25950622558594,95.69436645507812,13.84000015258789
2015-02-26,116.06999969482422,175.0524139404297,94.38639831542969,13.90999984741211
2015-02-27,116.16000366210938,174.45614624023438,95.18000793457031,13.34000015258789
2015-03-02,115.68000030517578,175.55767822265625,93.40713500976562,13.039999961853027
2015-03-03,115.47000122070312,174.83709716796875,93.06844329833984,13.859999656677246
2015-03-04,115.11000061035156,174.1000518798828,93.09789276123047,14.229999542236328
2015-03-05,115.0,174.29052734375,92.98011016845703,14.039999961853027
2015-03-06,111.86000061035156,171.83926391601562,90.92601013183594,15.199999809265137
2015-03-09,111.97000122070312,172.55148315429688,91.76527404785156,15.0600004196167
2015-03-10,111.41999816894531,169.75230407714844,92.9727554321289,16.690000534057617
2015-03-11,110.75,169.35484313964844,93.65010833740234,16.8700008392334
2015-03-12,110.72000122070312,171.50796508789062,93.58385467529297,15.420000076293945
2015-03-13,110.87999725341797,170.45628356933594,93.29669189453125,16.0
2015-03-16,110.80999755859375,172.73365783691406,94.19493103027344,15.609999656677246
2015-03-17,110.20999908447266,172.22019958496094,94.97535705566406,15.65999984741211
2015-03-18,112.37000274658203,174.29052734375,96.8085708618164,13.970000267028809
2015-03-19,112.29000091552734,173.49554443359375,96.31526184082031,14.069999694824219
2015-03-20,113.56999969482422,175.02696228027344,96.82329559326172,13.020000457763672
2015-03-23,114.29000091552734,174.68589782714844,96.70553588867188,13.40999984741211
2015-03-24,114.56999969482422,173.70437622070312,97.64051055908203,13.619999885559082
2015-03-25,114.7300033569336,171.1588897705078,96.81593322753906,15.4399995803833
2015-03-26,115.4800033569336,170.75131225585938,95.30663299560547,15.800000190734863
2015-03-27,115.05999755859375,171.14231872558594,96.49197387695312,15.069999694824219
2015-03-30,113.75,173.2301788330078,96.01344299316406,14.510000228881836
2015-03-31,113.66000366210938,171.71624755859375,96.2195816040039,15.289999961853027
2015-04-01,115.5999984741211,171.1090087890625,97.48338317871094,15.109999656677246
2015-04-02,115.27999877929688,171.72451782226562,96.4505386352539,14.670000076293945
2015-04-06,116.69000244140625,172.880859375,95.91188049316406,14.739999771118164
2015-04-07,116.11000061035156,172.4232940673828,96.71607971191406,14.779999732971191
2015-04-08,115.47000122070312,173.00559997558594,96.74559020996094,13.979999542236328
2015-04-09,114.66999816894531,173.77085876464844,95.49136352539062,13.09000015258789
2015-04-10,115.97000122070312,174.7191925048828,95.63154602050781,12.579999923706055
2015-04-13,115.13999938964844,173.9289093017578,95.76435852050781,13.9399995803833
2015-04-14,114.44000244140625,174.26165771484375,96.44314575195312,13.670000076293945
2015-04-15,115.43000030517578,175.0435791015625,96.36197662353516,12.84000015258789
2015-04-16,115.02999877929688,174.99365234375,95.88243103027344,12.600000381469727
2015-04-17,115.5999984741211,172.98065185546875,96.98169708251953,13.890000343322754
2015-04-20,114.72000122070312,174.5611572265625,96.12586212158203,13.300000190734863
2015-04-21,115.37999725341797,174.3531494140625,95.69055938720703,13.25
2015-04-22,113.83000183105469,175.20999145507812,94.22978210449219,12.710000038146973
2015-04-23,114.66000366210938,175.6508026123047,94.63555908203125,12.479999542236328
2015-04-24,113.05000305175781,176.05844116210938,95.22579193115234,12.289999961853027
2015-04-27,115.33000183105469,175.32643127441406,95.22579193115234,13.119999885559082
2015-04-28,116.33000183105469,175.88375854492188,93.91254425048828,12.40999984741211
2015-04-29,115.51000213623047,175.16004943847656,92.76160430908203,13.390000343322754
2015-04-30,113.47000122070312,173.40487670898438,92.92385864257812,14.550000190734863
2015-05-01,113.08000183105469,175.28482055664062,91.6729736328125,12.699999809265137
2015-05-04,114.0999984741211,175.783935546875,90.80801391601562,12.850000381469727
2015-05-05,114.41999816894531,173.77085876464844,90.68234252929688,14.3100004196167
2015-05-06,114.36000061035156,173.05551147460938,89.12979125976562,15.149999618530273
2015-05-07,113.41999816894531,173.7459259033203,90.32748413085938,15.130000114440918
2015-05-08,113.97000122070312,176.0335235595703,90.57147216796875,12.859999656677246
2015-05-11,113.52999877929688,175.19337463378906,88.36833190917969,13.850000381469727
2015-05-12,114.5,174.6692352294922,88.59752655029297,13.859999656677246
2015-05-13,116.55000305175781,174.70252990722656,87.88778686523438,13.760000228881836
2015-05-14,117.18000030517578,176.52427673339844,88.12437438964844,12.739999771118164
2015-05-15,117.52999877929688,176.71559143066406,89.89126586914062,12.380000114440918
2015-05-18,117.5199966430664,177.26463317871094,88.3831558227539,12.729999542236328
2015-05-19,115.88999938964844,177.2063751220703,87.59945678710938,12.850000381469727
2015-05-20,116.08000183105469,177.0816192626953,87.74730682373047,12.880000114440918
2015-05-21,115.69000244140625,177.5973663330078,88.97453308105469,12.109999656677246
2015-05-22,115.5999984741211,177.17311096191406,89.01155853271484,12.130000114440918
2015-05-26,113.91000366210938,175.26820373535156,90.53450012207031,14.0600004196167
2015-05-27,113.88999938964844,176.93186950683594,90.74148559570312,13.270000457763672
2015-05-28,114.0199966430664,176.73220825195312,90.5196762084961,13.3100004196167
2015-05-29,114.0999984741211,175.6342315673828,90.71929168701172,13.84000015258789
2015-06-01,114.0,175.991943359375,89.74429321289062,13.970000267028809
2015-06-02,114.45999908447266,175.81719970703125,88.4921646118164,14.239999771118164
2015-06-03,113.63999938964844,176.28302001953125,87.06964874267578,13.65999984741211
2015-06-04,112.83999633789062,174.79408264160156,88.20326232910156,14.710000038146973
2015-06-05,112.23999786376953,174.49453735351562,87.1289291381836,14.210000038146973
2015-06-08,112.56999969482422,173.42152404785156,87.03260040283203,15.289999961853027
2015-06-09,112.81999969482422,173.39654541015625,86.34357452392578,14.470000267028809
2015-06-10,113.77999877929688,175.47613525390625,85.587890625,13.220000267028809
2015-06-11,113.26000213623047,176.0418243408203,87.3882064819336,12.850000381469727
2015-06-12,113.2300033569336,174.6942138671875,87.3882064819336,13.779999732971191
2015-06-15,113.7300033569336,173.94558715820312,87.52904510498047,15.390000343322754
2015-06-16,113.31999969482422,174.8938751220703,88.21802520751953,14.8100004196167
2015-06-17,113.8499984741211,175.1766815185547,87.5363998413086,14.5
2015-06-18,115.31999969482422,176.99838256835938,87.10670471191406,13.1899995803833
2015-06-19,115.12000274658203,176.21266174316406,88.22547149658203,13.960000038146973
2015-06-22,113.63999938964844,177.11541748046875,86.4251480102539,12.739999771118164
2015-06-23,112.88999938964844,177.24081420898438,85.90650177001953,12.109999656677246
2015-06-24,112.58999633789062,175.9535675048828,86.6473388671875,13.260000228881836
2015-06-25,112.44000244140625,175.41860961914062,86.34357452392578,14.010000228881836
2015-06-26,112.55999755859375,175.38519287109375,85.37300109863281,14.020000457763672
2015-06-29,113.06999969482422,171.707275390625,87.63270568847656,18.850000381469727
2015-06-30,112.37000274658203,172.06666564941406,87.02519226074219,18.229999542236328
2015-07-01,111.9800033569336,173.4459228515625,85.85054016113281,16.09000015258789
2015-07-02,111.76000213623047,173.28709411621094,86.1326904296875,16.790000915527344
2015-07-06,112.05999755859375,172.7938690185547,87.72913360595703,17.010000228881836
2015-07-07,110.76000213623047,173.88055419921875,88.55328369140625,16.09000015258789
2015-07-08,111.08999633789062,170.96334838867188,89.31815338134766,19.65999984741211
2015-07-09,111.36000061035156,171.2726287841797,87.558349609375,19.969999313354492
2015-07-10,111.48999786376953,173.42916870117188,86.16985321044922,16.829999923706055
2015-07-13,110.98999786376953,175.3433074951172,85.90253448486328,13.899999618530273
2015-07-14,110.73999786376953,176.10397338867188,86.18467712402344,13.369999885559082
2015-07-15,110.16000366210938,176.04554748535156,87.09796142578125,13.229999542236328
2015-07-16,109.76000213623047,177.45816040039062,87.69941711425781,12.109999656677246
2015-07-17,108.6500015258789,177.6085968017578,88.15238189697266,11.949999809265137
2015-07-20,105.69999694824219,177.70059204101562,87.78108215332031,12.25
2015-07-21,105.37000274658203,176.99838256835938,88.2563247680664,12.220000267028809
2015-07-22,104.80000305175781,176.68077087402344,88.80577087402344,12.119999885559082
2015-07-23,104.33000183105469,175.68606567382812,89.91217041015625,12.640000343322754
2015-07-24,105.3499984741211,173.86383056640625,90.13490295410156,13.739999771118164
2015-07-27,104.86000061035156,172.85235595703125,90.61753845214844,15.600000381469727
2015-07-28,105.0199966430664,174.97557067871094,89.95671081542969,13.4399995803833
2015-07-29,105.16999816894531,176.1792449951172,89.62256622314453,12.5
2015-07-30,104.2699966430664,176.22100830078125,90.31310272216797,12.130000114440918
2015-07-31,104.93000030517578,175.9535675048828,90.98136901855469,12.119999885559082
2015-08-03,104.0999984741211,175.3600616455078,91.93907928466797,12.5600004196167
2015-08-04,104.30999755859375,175.01736450195312,91.20987701416016,13.0
2015-08-05,103.93000030517578,175.59414672851562,90.52522277832031,12.510000228881836
2015-08-06,104.38999938964844,174.1564178466797,91.32892608642578,13.770000457763672
2015-08-07,104.6500015258789,173.8220672607422,92.52693939208984,13.390000343322754
2015-08-10,105.72000122070312,176.01206970214844,91.38096618652344,12.229999542236328
2015-08-11,106.26000213623047,174.4239044189453,92.83210754394531,13.710000038146973
2015-08-12,107.75,174.6328582763672,92.32604217529297,13.609999656677246
2015-08-13,106.86000061035156,174.41555786132812,92.02842712402344,13.489999771118164
2015-08-14,106.8499984741211,175.05081176757812,92.24417877197266,12.829999923706055
2015-08-17,107.12999725341797,176.02879333496094,92.66089630126953,13.020000457763672
2015-08-18,107.11000061035156,175.51885986328125,91.93167877197266,13.789999961853027
2015-08-19,108.55000305175781,174.13134765625,92.83949279785156,15.25
2015-08-20,110.44000244140625,170.49525451660156,93.77713775634766,19.139999389648438
2015-08-21,111.12999725341797,165.3628692626953,94.0599136352539,28.030000686645508
2015-08-24,110.52999877929688,158.39996337890625,94.03014373779297,40.7400016784668
2015-08-25,109.16000366210938,156.5359344482422,92.51953125,36.02000045776367
2015-08-26,107.66999816894531,162.5459747314453,90.73358917236328,30.31999969482422
2015-08-27,107.7300033569336,166.56654357910156,90.7856674194336,26.100000381469727
2015-08-28,108.69999694824219,166.57493591308594,91.0535888671875,26.049999237060547
2015-08-31,108.81999969482422,165.22914123535156,90.35404968261719,28.43000030517578
2015-09-01,109.19999694824219,160.29745483398438,91.00509643554688,31.399999618530273
2015-09-02,108.62000274658203,163.340087890625,90.22208404541016,26.09000015258789
2015-09-03,107.83999633789062,163.45706176757812,90.66204833984375,25.610000610351562
2015-09-04,107.48999786376953,160.9828643798828,91.48986053466797,27.799999237060547
2015-09-08,107.5199966430664,165.02854919433594,90.14006805419922,24.899999618530273
2015-09-09,106.12999725341797,162.82183837890625,90.57259368896484,26.229999542236328
2015-09-10,106.37999725341797,163.70782470703125,89.9610595703125,24.3700008392334
2015-09-11,106.16000366210938,164.45184326171875,90.52782440185547,23.200000762939453
2015-09-14,106.22000122070312,163.84165954589844,90.66950988769531,24.25
2015-09-15,105.9000015258789,165.8895263671875,88.93193817138672,22.540000915527344
2015-09-16,107.30999755859375,167.32720947265625,88.5963134765625,21.350000381469727
2015-09-17,108.41000366210938,166.95111083984375,89.67766571044922,21.139999389648438
2015-09-18,109.20999908447266,164.2228240966797,91.05729675292969,22.280000686645508
2015-09-21,108.52999877929688,165.07151794433594,89.57324981689453,20.139999389648438
2015-09-22,107.79000091552734,162.928955078125,90.81867218017578,22.440000534057617
2015-09-23,108.22000122070312,162.66842651367188,90.81123352050781,22.1299991607666
2015-09-24,110.48999786376953,162.08026123046875,91.43018341064453,23.469999313354492
2015-09-25,109.80999755859375,162.03823852539062,90.63970184326172,23.6200008392334
2015-09-28,108.41999816894531,157.97152709960938,92.19087982177734,27.6299991607666
2015-09-29,107.9800033569336,158.06399536132812,92.45188903808594,26.829999923706055
2015-09-30,106.86000061035156,161.01319885253906,92.1312026977539,24.5
2015-10-01,106.7300033569336,161.4332733154297,92.52429962158203,22.549999237060547
2015-10-02,108.98999786376953,163.84481811523438,93.08479309082031,20.940000534057617
2015-10-05,108.7699966430664,166.76036071777344,91.82182312011719,19.540000915527344
2015-10-06,109.86000061035156,166.18902587890625,92.21791076660156,19.399999618530273
2015-10-07,109.69999694824219,167.55010986328125,91.91150665283203,18.399999618530273
2015-10-08,109.13999938964844,169.0625762939453,91.14179229736328,17.420000076293945
2015-10-09,110.87000274658203,169.1633758544922,91.38092041015625,17.079999923706055
2015-10-12,111.30999755859375,169.32308959960938,92.07586669921875,16.170000076293945
2015-10-13,111.86000061035156,168.2559356689453,92.23284149169922,17.670000076293945
2015-10-14,113.80999755859375,167.44931030273438,93.0399398803711,18.030000686645508
2015-10-15,113.29000091552734,170.0204620361328,92.5840835571289,16.049999237060547
2015-10-16,112.48999786376953,170.79336547851562,92.61398315429688,15.050000190734863
2015-10-19,112.0199966430664,170.87745666503906,92.35987854003906,14.979999542236328
2015-10-20,112.7300033569336,170.65899658203125,91.79197692871094,15.75
2015-10-21,111.7300033569336,169.60035705566406,92.70365905761719,16.700000762939453
2015-10-22,111.69000244140625,172.46551513671875,92.86058044433594,14.449999809265137
2015-10-23,111.5,174.3560333251953,92.06847381591797,14.460000038146973
2015-10-26,111.43000030517578,173.9275360107422,92.68120574951172,15.289999961853027
2015-10-27,111.68000030517578,173.59140014648438,92.91290283203125,15.430000305175781
2015-10-28,110.77999877929688,175.56597900390625,92.53923797607422,14.329999923706055
2015-10-29,109.72000122070312,175.46510314941406,91.0670166015625,14.609999656677246
2015-10-30,109.30000305175781,174.70889282226562,91.75457763671875,15.069999694824219
2015-11-02,108.58999633789062,176.77590942382812,91.33290100097656,14.149999618530273
2015-11-03,106.9800033569336,177.2884521484375,90.583984375,14.539999961853027
2015-11-04,105.97000122070312,176.75071716308594,90.68879699707031,15.510000228881836
2015-11-05,105.63999938964844,176.57423400878906,90.44917297363281,15.050000190734863
2015-11-06,104.0999984741211,176.4818115234375,89.12356567382812,14.329999923706055
2015-11-09,104.4000015258789,174.83497619628906,88.62176513671875,16.520000457763672
2015-11-10,104.18000030517578,175.23825073242188,88.8839111328125,15.289999961853027
2015-11-11,103.83000183105469,174.54931640625,88.6966781616211,16.059999465942383
2015-11-12,103.8499984741211,172.1125946044922,89.12356567382812,18.3700008392334
2015-11-13,103.55999755859375,170.18008422851562,89.6328125,20.079999923706055
2015-11-16,103.70999908447266,172.7679443359375,89.55047607421875,18.15999984741211
2015-11-17,102.33999633789062,172.6419677734375,89.70025634765625,18.84000015258789
2015-11-18,102.43000030517578,175.38111877441406,89.8874740600586,16.850000381469727
2015-11-19,103.55999755859375,175.22984313964844,90.48662567138672,16.989999771118164
2015-11-20,103.08999633789062,175.86843872070312,90.20950317382812,15.470000267028809
2015-11-23,102.26000213623047,175.6667938232422,90.48662567138672,15.619999885559082
2015-11-24,102.94000244140625,175.90203857421875,90.47917175292969,15.930000305175781
2015-11-25,102.45999908447266,175.87680053710938,90.68879699707031,15.1899995803833
2015-11-27,101.25,176.07846069335938,90.59896087646484,15.119999885559082
2015-11-30,101.91999816894531,175.34751892089844,90.95845031738281,16.1299991607666
2015-12-01,102.27999877929688,177.01956176757812,92.18705749511719,14.670000076293945
2015-12-02,100.69000244140625,175.2130889892578,92.21707153320312,15.90999984741211
2015-12-03,101.76000213623047,172.75958251953125,89.71035766601562,18.110000610351562
2015-12-04,104.0199966430664,176.12892150878906,90.49836730957031,14.8100004196167
2015-12-07,102.66999816894531,175.0618438720703,91.37649536132812,15.84000015258789
2015-12-08,102.83999633789062,173.88551330566406,91.42151641845703,17.600000381469727
2015-12-09,102.63999938964844,172.53271484375,91.32393646240234,19.610000610351562
2015-12-10,102.55000305175781,172.97804260253906,91.44405364990234,19.34000015258789
2015-12-11,103.11000061035156,169.62548828125,92.88507843017578,24.389999389648438
2015-12-14,101.79000091552734,170.48255920410156,91.6842041015625,22.729999542236328
2015-12-15,101.5199966430664,172.27227783203125,91.14380645751953,20.950000762939453
2015-12-16,102.75,174.79290771484375,90.94871520996094,17.860000610351562
2015-12-17,100.5,172.12940979003906,91.97689819335938,18.940000534057617
2015-12-18,102.04000091552734,169.0629119873047,92.48731231689453,20.700000762939453
2015-12-21,103.1500015258789,170.4575653076172,92.46473693847656,18.700000762939453
2015-12-22,102.61000061035156,172.0043182373047,91.79678344726562,16.600000381469727
2015-12-23,102.30999755859375,174.13433837890625,91.1063232421875,15.569999694824219
2015-12-24,103.05000305175781,173.84689331054688,91.6283187866211,15.739999771118164
2015-12-28,102.2699966430664,173.44972229003906,91.89900970458984,16.90999984741211
2015-12-29,102.19999694824219,175.30072021484375,90.37224578857422,16.079999923706055
2015-12-30,101.41999816894531,174.05816650390625,90.2820053100586,17.290000915527344
2015-12-31,101.45999908447266,172.31710815429688,90.68811798095703,18.209999084472656
2016-01-04,102.88999938964844,169.9081573486328,91.34245300292969,20.700000762939453
2016-01-05,103.18000030517578,170.19552612304688,90.97394561767578,19.34000015258789
2016-01-06,104.66999816894531,168.04861450195312,92.19983673095703,20.59000015258789
2016-01-07,106.1500015258789,164.01690673828125,92.3653335571289,24.989999771118164
2016-01-08,105.68000030517578,162.21653747558594,92.77899169921875,27.010000228881836
2016-01-11,104.73999786376953,162.37713623046875,91.763671875,24.299999237060547
2016-01-12,104.20999908447266,163.68722534179688,93.08738708496094,22.469999313354492
2016-01-13,104.72000122070312,159.60482788085938,94.0048828125,25.219999313354492
2016-01-14,103.0199966430664,162.22503662109375,93.12494659423828,23.950000762939453
2016-01-15,104.08000183105469,158.74266052246094,94.57650756835938,27.020000457763672
2016-01-19,103.9800033569336,158.95396423339844,94.28315734863281,26.049999237060547
2016-01-20,105.37000274658203,156.91693115234375,95.27595520019531,27.59000015258789
2016-01-21,105.48999786376953,157.7960205078125,94.6291275024414,26.690000534057617
2016-01-22,105.0,161.0332489013672,94.26811981201172,22.34000015258789
2016-01-25,106.08000183105469,158.5989990234375,94.77954864501953,24.149999618530273
2016-01-26,107.29000091552734,160.7627410888672,94.8246841430664,22.5
2016-01-27,107.69000244140625,159.01319885253906,94.80213928222656,23.110000610351562
2016-01-28,106.54000091552734,159.8414306640625,94.9375,22.420000076293945
2016-01-29,106.94999694824219,163.7379608154297,95.74224853515625,20.200000762939453
2016-02-01,108.05000305175781,163.6787872314453,95.44914245605469,19.979999542236328
2016-02-02,108.08999633789062,160.72897338867188,97.21989440917969,21.979999542236328
2016-02-03,109.25,161.6925048828125,96.41361999511719,21.649999618530273
2016-02-04,110.56999969482422,161.9460906982422,96.88084411621094,21.84000015258789
2016-02-05,112.31999969482422,158.86099243164062,96.99382781982422,23.3799991607666
2016-02-08,113.83000183105469,156.72256469726562,99.08114624023438,26.0
2016-02-09,113.58000183105469,156.7310028076172,99.18661499023438,26.540000915527344
2016-02-10,114.45999908447266,156.5957794189453,100.06069946289062,26.290000915527344
2016-02-11,119.05999755859375,154.55874633789062,100.76148986816406,28.139999389648438
2016-02-12,118.36000061035156,157.74530029296875,99.0886459350586,25.399999618530273
2016-02-16,114.7699966430664,160.40774536132812,98.04124450683594,24.110000610351562
2016-02-17,115.4800033569336,163.02798461914062,97.43843841552734,22.309999465942383
2016-02-18,118.29000091552734,162.3602294921875,98.63656616210938,21.639999389648438
2016-02-19,117.58000183105469,162.28421020507812,98.71940612792969,20.530000686645508
2016-02-22,115.48999786376953,164.6339111328125,98.66669464111328,19.3799991607666
2016-02-23,117.22000122070312,162.55467224121094,99.06603240966797,20.979999542236328
2016-02-24,117.61000061035156,163.29843139648438,98.87010955810547,20.719999313354492
2016-02-25,117.91999816894531,165.2762908935547,99.22422790527344,19.110000610351562
2016-02-26,117.11000061035156,164.89593505859375,98.26729583740234,19.809999465942383
2016-02-29,118.63999938964844,163.6027374267578,98.69680786132812,20.549999237060547
2016-03-01,117.7699966430664,167.44851684570312,96.95892333984375,17.700000762939453
2016-03-02,118.68000030517578,168.2008056640625,97.35905456542969,17.09000015258789
2016-03-03,120.7300033569336,168.86000061035156,97.71383666992188,16.700000762939453
2016-03-04,120.54000091552734,169.40948486328125,97.08726501464844,16.860000610351562
2016-03-07,121.13999938964844,169.54470825195312,97.05706024169922,17.350000381469727
2016-03-08,120.58000183105469,167.6936798095703,98.12908935546875,18.670000076293945
2016-03-09,119.58000183105469,168.52197265625,97.53266906738281,18.34000015258789
2016-03-10,121.5,168.65721130371094,97.13255310058594,18.049999237060547
2016-03-11,119.41000366210938,171.37881469726562,96.15109252929688,16.5
2016-03-14,117.87000274658203,171.15908813476562,96.453125,16.920000076293945
2016-03-15,117.95999908447266,170.880126953125,96.5436782836914,16.84000015258789
2016-03-16,120.58999633789062,171.8690643310547,96.83055114746094,14.989999771118164
2016-03-17,120.12999725341797,172.95944213867188,97.23072814941406,14.4399995803833
2016-03-18,119.80000305175781,173.63909912109375,97.43453216552734,14.020000457763672
2016-03-21,118.95999908447266,173.88543701171875,96.68717956542969,13.789999961853027
2016-03-22,119.30999755859375,173.79200744628906,96.66447448730469,14.170000076293945
2016-03-23,116.61000061035156,172.64508056640625,97.75916290283203,14.9399995803833
2016-03-24,116.33000183105469,172.56861877441406,97.79690551757812,14.739999771118164
2016-03-28,116.5999984741211,172.6706085205078,97.92523956298828,15.239999771118164
2016-03-29,118.76000213623047,174.2677764892578,98.95198822021484,13.819999694824219
2016-03-30,117.0999984741211,175.03245544433594,97.91014099121094,13.5600004196167
2016-03-31,117.63999938964844,174.6076202392578,98.60472106933594,13.949999809265137
2016-04-01,116.93000030517578,175.7970428466797,98.86189270019531,13.100000381469727
2016-04-04,116.1500015258789,175.22787475585938,98.92240905761719,14.119999885559082
2016-04-05,117.66000366210938,173.4777069091797,100.00430297851562,15.420000076293945
2016-04-06,116.94000244140625,175.37220764160156,99.27799987792969,14.09000015258789
2016-04-07,118.61000061035156,173.27378845214844,100.50357055664062,16.15999984741211
2016-04-08,118.43000030517578,173.74102783203125,99.86811065673828,15.359999656677246
2016-04-11,120.02999877929688,173.33323669433594,99.7394790649414,16.260000228881836
2016-04-12,120.05000305175781,174.94749450683594,99.051025390625,14.850000381469727
2016-04-13,118.7699966430664,176.71461486816406,99.39905548095703,13.84000015258789
2016-04-14,117.11000061035156,176.72312927246094,98.92240905761719,13.720000267028809
2016-04-15,117.91999816894531,176.5276641845703,99.76971435546875,13.619999885559082
2016-04-18,117.73999786376953,177.76809692382812,99.3385238647461,13.350000381469727
2016-04-19,119.58000183105469,178.3287811279297,99.02837371826172,13.239999771118164
2016-04-20,118.97000122070312,178.498779296875,97.93899536132812,13.279999732971191
2016-04-21,119.41999816894531,177.53866577148438,97.35643768310547,13.949999809265137
2016-04-22,117.88999938964844,177.53866577148438,97.10681915283203,13.220000267028809
2016-04-25,118.2300033569336,177.2328643798828,96.70584869384766,14.079999923706055
2016-04-26,118.69999694824219,177.49624633789062,96.26710510253906,13.960000038146973
2016-04-27,119.04000091552734,177.86154174804688,97.22785949707031,13.770000457763672
2016-04-28,121.29000091552734,176.24732971191406,97.62884521484375,15.220000267028809
2016-04-29,123.6500015258789,175.2958221435547,97.8784408569336,15.699999809265137
2016-05-02,123.23999786376953,176.6891326904297,96.89301300048828,14.680000305175781
2016-05-03,122.95999908447266,175.1513214111328,98.11344146728516,15.600000381469727
2016-05-04,122.20999908447266,174.17434692382812,98.65168762207031,16.049999237060547
2016-05-05,122.06999969482422,174.14031982421875,99.31111907958984,15.90999984741211
2016-05-06,123.18000030517578,174.7775115966797,98.88664245605469,14.720000267028809
2016-05-09,120.6500015258789,174.92196655273438,99.19742584228516,14.569999694824219
2016-05-10,120.9800033569336,177.09695434570312,99.20503234863281,13.630000114440918
2016-05-11,122.12000274658203,175.440185546875,99.76593780517578,14.6899995803833
2016-05-12,121.16000366210938,175.49124145507812,99.31111907958984,14.40999984741211
2016-05-13,121.70999908447266,173.9619598388672,100.2738265991211,15.039999961853027
2016-05-16,121.80000305175781,175.67807006835938,99.40969848632812,14.680000305175781
2016-05-17,122.22000122070312,174.03839111328125,99.57649993896484,15.569999694824219
2016-05-18,120.0999984741211,174.08937072753906,98.15892028808594,15.949999809265137
2016-05-19,119.87000274658203,173.4861602783203,98.58341979980469,16.329999923706055
2016-05-20,119.70999908447266,174.58212280273438,98.65924072265625,15.199999809265137
2016-05-23,119.37000274658203,174.3443145751953,98.87908935546875,15.819999694824219
2016-05-24,117.30000305175781,176.6041717529297,98.43940734863281,14.420000076293945
2016-05-25,116.9800033569336,177.8020477294922,98.06795501708984,13.899999618530273
2016-05-26,116.58000183105469,177.8530731201172,98.57585906982422,13.430000305175781
2016-05-27,115.62000274658203,178.61770629882812,98.43184661865234,13.119999885559082
2016-05-31,116.05999755859375,178.2778778076172,98.66678619384766,14.1899995803833
2016-06-01,115.94000244140625,178.64320373535156,99.0671157836914,14.199999809265137
2016-06-02,115.66999816894531,179.1869354248047,99.78113555908203,13.630000114440918
2016-06-03,118.87999725341797,178.65167236328125,101.20161437988281,13.470000267028809
2016-06-06,118.91999816894531,179.56077575683594,100.44962310791016,13.649999618530273
2016-06-07,118.81999969482422,179.84109497070312,100.6926498413086,14.050000190734863
2016-06-08,120.58000183105469,180.42730712890625,101.23197937011719,14.079999923706055
2016-06-09,121.25,180.180908203125,101.88523864746094,14.640000343322754
2016-06-10,121.73999786376953,178.4733123779297,102.37903594970703,17.030000686645508
2016-06-13,122.63999938964844,177.09695434570312,102.83474731445312,20.969999313354492
2016-06-14,122.7699966430664,176.7485809326172,102.7587890625,20.5
2016-06-15,123.68000030517578,176.50221252441406,103.15380096435547,20.139999389648438
2016-06-16,122.37999725341797,177.0289764404297,103.6551284790039,19.3700008392334
2016-06-17,123.94999694824219,176.3696746826172,103.00946807861328,19.40999984741211
2016-06-20,123.20999908447266,177.50547790527344,101.90805053710938,18.3700008392334
2016-06-21,120.83999633789062,178.00933837890625,101.43706512451172,18.479999542236328
2016-06-22,120.9000015258789,177.718994140625,101.60417175292969,21.170000076293945
2016-06-23,120.11000061035156,180.0333709716797,100.44200134277344,17.25
2016-06-24,126.0,173.56851196289062,103.13859558105469,25.760000228881836
2016-06-27,126.68000030517578,170.45993041992188,105.71360778808594,23.850000381469727
2016-06-28,125.31999969482422,173.53436279296875,105.93392181396484,18.75
2016-06-29,125.83999633789062,176.48924255371094,105.12116241455078,16.639999389648438
2016-06-30,126.47000122070312,178.89752197265625,105.50849914550781,15.630000114440918
2016-07-01,128.41000366210938,179.27328491210938,106.97348022460938,14.770000457763672
2016-07-05,129.47000122070312,177.9837646484375,108.3128433227539,15.579999923706055
2016-07-06,130.22999572753906,179.0512237548828,108.48786163330078,14.960000038146973
2016-07-07,129.74000549316406,178.9402313232422,108.48016357421875,14.760000228881836
2016-07-08,130.52000427246094,181.60472106933594,109.27922821044922,13.199999809265137
2016-07-11,129.2899932861328,182.24525451660156,108.3204116821289,13.539999961853027
2016-07-12,127.1500015258789,183.56893920898438,106.53972625732422,13.550000190734863
2016-07-13,128.32000732421875,183.5432586669922,107.79534149169922,13.039999961853027
2016-07-14,127.33000183105469,184.56809997558594,106.22769927978516,12.819999694824219
2016-07-15,126.83999633789062,184.32049560546875,105.31449890136719,12.670000076293945
2016-07-18,127.04000091552734,184.8157958984375,105.215576171875,12.4399995803833
2016-07-19,127.20999908447266,184.62794494628906,105.80911254882812,11.970000267028809
2016-07-20,125.38999938964844,185.3965606689453,105.23077392578125,11.770000457763672
2016-07-21,127.30000305175781,184.6962127685547,105.44386291503906,12.739999771118164
2016-07-22,126.3499984741211,185.52467346191406,105.62651824951172,12.020000457763672
2016-07-25,125.47000122070312,185.020751953125,105.55038452148438,12.869999885559082
2016-07-26,126.0,185.1061553955078,105.7177963256836,13.050000190734863
2016-07-27,128.02999877929688,184.90975952148438,107.0343017578125,12.829999923706055
2016-07-28,127.66000366210938,185.12319946289062,106.83648681640625,12.720000267028809
2016-07-29,128.97999572753906,185.42213439941406,107.72683715820312,11.869999885559082
2016-08-01,129.22000122070312,185.2684326171875,106.5588607788086,12.4399995803833
2016-08-02,130.27000427246094,184.0813446044922,105.46102905273438,13.369999885559082
2016-08-03,129.64999389648438,184.61940002441406,105.52201080322266,12.859999656677246
2016-08-04,129.8699951171875,184.8157958984375,106.31491088867188,12.420000076293945
2016-08-05,127.55000305175781,186.3273468017578,105.20944213867188,11.390000343322754
2016-08-08,127.44000244140625,186.21640014648438,105.40767669677734,11.5
2016-08-09,127.95999908447266,186.3273468017578,106.44452667236328,11.65999984741211
2016-08-10,128.55999755859375,185.8662567138672,106.85624694824219,12.050000190734863
2016-08-11,127.66999816894531,186.72877502441406,105.90325164794922,11.680000305175781
2016-08-12,127.4000015258789,186.5665283203125,106.79520416259766,11.550000190734863
2016-08-15,127.83999633789062,187.1045684814453,105.78884887695312,11.8100004196167
2016-08-16,128.47000122070312,186.1395263671875,105.50679016113281,12.640000343322754
2016-08-17,128.5,186.48963928222656,106.13961791992188,12.1899995803833
2016-08-18,129.11000061035156,186.90814208984375,106.30730438232422,11.430000305175781
2016-08-19,127.97000122070312,186.6348114013672,105.75072479248047,11.34000015258789
2016-08-22,127.77999877929688,186.62635803222656,106.6427230834961,12.270000457763672
2016-08-23,127.76000213623047,187.0020751953125,106.75712585449219,12.380000114440918
2016-08-24,126.33999633789062,186.04559326171875,106.50548553466797,13.449999809265137
2016-08-25,126.2300033569336,185.91748046875,106.10143280029297,13.630000114440918
2016-08-26,126.05000305175781,185.56736755371094,105.48390197753906,13.649999618530273
2016-08-29,126.30000305175781,186.4811248779297,106.8943099975586,12.9399995803833
2016-08-30,125.02999877929688,186.17372131347656,106.48268127441406,13.119999885559082
2016-08-31,124.77999877929688,185.64418029785156,106.63512420654297,13.420000076293945
2016-09-01,125.29000091552734,185.6527557373047,106.75273895263672,13.479999542236328
2016-09-02,126.56999969482422,186.48963928222656,105.88197326660156,11.979999542236328
2016-09-06,128.7100067138672,187.05332946777344,106.65347290039062,12.020000457763672
2016-09-07,128.27000427246094,187.03623962402344,106.57705688476562,11.9399995803833
2016-09-08,127.58999633789062,186.60926818847656,105.24044036865234,12.510000228881836
2016-09-09,126.75,182.14271545410156,103.50665283203125,17.5
2016-09-12,126.58999633789062,184.7559814453125,103.56016540527344,15.15999984741211
2016-09-13,125.75,182.10000610351562,102.3839111328125,17.850000381469727
2016-09-14,126.18000030517578,182.03172302246094,102.53669738769531,18.139999389648438
2016-09-15,125.37000274658203,183.85081481933594,102.09367370605469,16.299999237060547
2016-09-16,125.05999755859375,183.1400604248047,102.91856384277344,15.369999885559082
2016-09-19,125.31999969482422,183.17440795898438,102.58251953125,15.529999732971191
2016-09-20,125.44000244140625,183.18301391601562,102.94152069091797,15.920000076293945
2016-09-21,127.2699966430664,185.24295043945312,103.77399444580078,13.300000190734863
2016-09-22,127.56999969482422,186.41030883789062,104.598876953125,12.020000457763672
2016-09-23,127.6500015258789,185.388916015625,104.49959564208984,12.289999961853027
2016-09-26,127.55000305175781,183.88687133789062,105.16407012939453,14.5
2016-09-27,126.62000274658203,185.02838134765625,105.93548583984375,13.100000381469727
2016-09-28,126.22000122070312,185.94676208496094,105.70635223388672,12.390000343322754
2016-09-29,126.06999969482422,184.26449584960938,105.97367858886719,14.020000457763672
2016-09-30,125.63999938964844,185.65499877929688,105.02657318115234,13.289999961853027
2016-10-03,125.31999969482422,185.2086639404297,104.68001556396484,13.569999694824219
2016-10-04,120.97000122070312,184.26449584960938,103.45574951171875,13.630000114440918
2016-10-05,120.77999877929688,185.07989501953125,102.9737319946289,12.989999771118164
2016-10-06,119.66000366210938,185.2086639404297,102.39981842041016,12.84000015258789
2016-10-07,119.73999786376953,184.5734405517578,102.46868896484375,13.479999542236328
2016-10-10,120.16000366210938,185.5347900390625,101.8642578125,13.380000114440918
2016-10-11,119.55000305175781,183.19155883789062,101.63468170166016,15.359999656677246
2016-10-12,119.73999786376953,183.43194580078125,101.73416137695312,15.90999984741211
2016-10-13,120.02999877929688,182.83108520507812,102.11671447753906,16.690000534057617
2016-10-14,119.36000061035156,182.9254913330078,100.68588256835938,16.1200008392334
2016-10-17,119.68000030517578,182.2903289794922,101.32862854003906,16.209999084472656
2016-10-18,120.41999816894531,183.43194580078125,101.65764617919922,15.279999732971191
2016-10-19,121.11000061035156,183.92111206054688,101.7418212890625,14.40999984741211
2016-10-20,120.73999786376953,183.57778930664062,101.84894561767578,13.75
2016-10-21,120.83000183105469,183.6636505126953,102.001953125,13.34000015258789
2016-10-24,120.55999755859375,184.4447479248047,101.55818939208984,13.020000457763672
2016-10-25,121.47000122070312,183.82676696777344,101.82596588134766,13.460000038146973
2016-10-26,120.79000091552734,183.4576873779297,101.13733673095703,14.239999771118164
2016-10-27,121.01000213623047,182.96835327148438,100.03551483154297,15.359999656677246
2016-10-28,121.58000183105469,182.42767333984375,99.81364440917969,16.190000534057617
2016-10-31,121.94000244140625,182.436279296875,100.4257583618164,17.059999465942383
2016-11-01,122.7300033569336,181.11441040039062,100.43344116210938,18.559999465942383
2016-11-02,123.63999938964844,180.02435302734375,100.87040710449219,19.31999969482422
2016-11-03,124.30000305175781,179.2003631591797,100.0961685180664,22.079999923706055
2016-11-04,124.38999938964844,179.00291442871094,100.99305725097656,22.510000228881836
2016-11-07,122.1500015258789,182.95127868652344,100.13445281982422,18.709999084472656
2016-11-08,121.63999938964844,183.77523803710938,99.72811889648438,18.739999771118164
2016-11-09,121.55999755859375,185.72364807128906,95.49646759033203,14.380000114440918
2016-11-10,119.75,186.18710327148438,94.08589172363281,14.739999771118164
2016-11-11,117.0999984741211,185.75796508789062,93.55694580078125,14.170000076293945
2016-11-14,116.11000061035156,185.9038848876953,92.997314453125,14.479999542236328
2016-11-15,117.12000274658203,187.35443115234375,93.45730590820312,13.369999885559082
2016-11-16,116.7699966430664,187.00254821777344,94.30055236816406,13.720000267028809
2016-11-17,116.16999816894531,187.96385192871094,92.9129867553711,13.350000381469727
2016-11-18,115.1500015258789,187.5432891845703,92.64469909667969,12.850000381469727
2016-11-21,115.58000183105469,188.95953369140625,92.87466430664062,12.420000076293945
2016-11-22,115.54000091552734,189.3285675048828,92.84400939941406,12.40999984741211
2016-11-23,113.25,189.43154907226562,92.48370361328125,12.430000305175781
2016-11-25,112.61000061035156,190.13539123535156,92.62169647216797,12.34000015258789
2016-11-28,113.80000305175781,189.24276733398438,93.30396270751953,13.149999618530273
2016-11-29,113.2699966430664,189.61181640625,93.69493865966797,12.899999618530273
2016-11-30,111.75,189.15687561035156,92.17706298828125,13.329999923706055
2016-12-01,111.54000091552734,188.46168518066406,91.20376586914062,14.069999694824219
2016-12-02,112.13999938964844,188.5561065673828,91.87207794189453,14.119999885559082
2016-12-05,111.54000091552734,189.68905639648438,91.77223205566406,12.140000343322754
2016-12-06,111.43000030517578,190.28988647460938,91.70307159423828,11.789999961853027
2016-12-07,111.83000183105469,192.77902221679688,92.48662567138672,12.220000267028809
2016-12-08,111.56999969482422,193.2510528564453,91.39582824707031,12.640000343322754
2016-12-09,110.4000015258789,194.4184112548828,90.25899505615234,11.75
2016-12-12,110.81999969482422,194.19528198242188,90.42794036865234,12.640000343322754
2016-12-13,110.44999694824219,195.49131774902344,90.75056457519531,12.720000267028809
2016-12-14,108.83000183105469,193.87770080566406,89.73657989501953,13.1899995803833
2016-12-15,107.33999633789062,194.67591857910156,90.1897964477539,12.789999961853027
2016-12-16,108.05000305175781,194.29518127441406,89.98242950439453,12.199999809265137
2016-12-19,108.58999633789062,194.71823120117188,90.9502944946289,11.710000038146973
2016-12-20,107.79000091552734,195.46939086914062,90.4970932006836,11.449999809265137
2016-12-21,107.8499984741211,194.92547607421875,90.89652252197266,11.270000457763672
2016-12-22,107.58999633789062,194.5886688232422,90.73402404785156,11.430000305175781
2016-12-23,107.93000030517578,194.8736114501953,90.91885375976562,11.4399995803833
2016-12-27,108.55999755859375,195.35714721679688,90.62622833251953,11.989999771118164
2016-12-28,108.86000061035156,193.74261474609375,91.28856658935547,12.949999809265137
2016-12-29,110.29000091552734,193.6993865966797,91.61199951171875,13.369999885559082
2016-12-30,109.61000061035156,192.99148559570312,91.75068664550781,14.039999961853027
2017-01-03,110.47000122070312,194.4678497314453,92.14342498779297,12.850000381469727
2017-01-04,110.86000061035156,195.62478637695312,92.49769592285156,11.850000381469727
2017-01-05,112.58000183105469,195.46939086914062,93.94562530517578,11.670000076293945
2017-01-06,111.75,196.16867065429688,93.08306121826172,11.319999694824219
2017-01-09,112.66999816894531,195.52117919921875,93.83012390136719,11.5600004196167
2017-01-10,113.1500015258789,195.52117919921875,93.76847076416016,11.489999771118164
2017-01-11,113.5,196.07371520996094,94.08426666259766,11.260000228881836
2017-01-12,113.91000366210938,195.58163452148438,93.87630462646484,11.539999961853027
2017-01-13,114.20999908447266,196.03060913085938,93.42964172363281,11.229999542236328
2017-01-17,115.8499984741211,195.33984375,94.4077377319336,11.869999885559082
2017-01-18,114.87000274658203,195.77159118652344,93.1985855102539,12.479999542236328
2017-01-19,114.7699966430664,195.0463409423828,92.55934143066406,12.779999732971191
2017-01-20,115.05000305175781,195.76292419433594,92.37452697753906,11.539999961853027
2017-01-23,115.79000091552734,195.25352478027344,93.2987060546875,11.770000457763672
2017-01-24,115.2699966430664,196.50543212890625,92.65943145751953,11.069999694824219
2017-01-25,114.31999969482422,198.20632934570312,91.49650573730469,10.8100004196167
2017-01-26,113.26000213623047,197.99903869628906,91.80452728271484,10.630000114440918
2017-01-27,113.48999786376953,197.688232421875,92.13572692871094,10.579999923706055
2017-01-30,113.97000122070312,196.46229553222656,91.85847473144531,11.880000114440918
2017-01-31,115.55000305175781,196.44500732421875,92.49769592285156,11.989999771118164
2017-02-01,115.19999694824219,196.52267456054688,91.92576599121094,11.8100004196167
2017-02-02,115.83999633789062,196.6521759033203,91.88719177246094,11.930000305175781
2017-02-03,116.12999725341797,198.00770568847656,91.84857177734375,10.970000267028809
2017-02-06,117.69999694824219,197.6536865234375,92.4043197631836,11.369999885559082
2017-02-07,117.45999908447266,197.662353515625,93.08354949951172,11.289999961853027
2017-02-08,118.19000244140625,197.92135620117188,94.34932708740234,11.449999809265137
2017-02-09,117.29000091552734,199.09559631347656,93.2610855102539,10.880000114440918
2017-02-10,117.5999984741211,199.8812255859375,93.2070541381836,10.850000381469727
2017-02-13,116.80000305175781,200.9691162109375,92.91375732421875,11.069999694824219
2017-02-14,116.93000030517578,201.77206420898438,92.24227905273438,10.739999771118164
2017-02-15,117.44999694824219,202.82534790039062,91.81771087646484,11.970000267028809
2017-02-16,118.08000183105469,202.6527099609375,92.31941986083984,11.760000228881836
2017-02-17,117.68000030517578,202.97213745117188,92.86743927001953,11.489999771118164
2017-02-21,117.75,204.1808624267578,92.70535278320312,11.569999694824219
2017-02-22,117.91000366210938,203.99954223632812,92.85970306396484,11.739999771118164
2017-02-23,118.94000244140625,204.1376953125,93.13756561279297,11.710000038146973
2017-02-24,119.69999694824219,204.396728515625,94.1718521118164,11.470000267028809
2017-02-27,119.12000274658203,204.71615600585938,93.61608123779297,12.09000015258789
2017-02-28,119.2300033569336,204.1636199951172,93.96343994140625,12.920000076293945
2017-03-01,119.05999755859375,207.02142333984375,92.38894653320312,12.539999961853027
2017-03-02,117.58000183105469,205.7176971435547,92.05642700195312,11.8100004196167
2017-03-03,117.51000213623047,205.84719848632812,92.29615783691406,10.960000038146973
2017-03-06,116.72000122070312,205.2342071533203,91.8553237915039,11.239999771118164
2017-03-07,115.77999877929688,204.6212158203125,91.57693481445312,11.449999809265137
2017-03-08,115.05999755859375,204.24134826660156,91.08201599121094,11.859999656677246
2017-03-09,114.47000122070312,204.5003662109375,90.35513305664062,12.300000190734863
2017-03-10,114.72000122070312,205.21693420410156,90.67218017578125,11.65999984741211
2017-03-13,114.73999786376953,205.3206024169922,90.09990692138672,11.350000381469727
2017-03-14,114.12000274658203,204.5348663330078,90.53296661376953,12.300000190734863
2017-03-15,116.25,206.3048553466797,91.63882446289062,11.630000114440918
2017-03-16,116.7300033569336,205.8990020751953,91.17483520507812,11.210000038146973
2017-03-17,116.98999786376953,205.5373992919922,91.7470703125,11.279999732971191
2017-03-20,117.51000213623047,205.31202697753906,92.1415023803711,11.34000015258789
2017-03-21,118.54000091552734,202.6758575439453,92.9071044921875,12.470000267028809
2017-03-22,118.83000183105469,203.1527862548828,93.27825927734375,12.8100004196167
2017-03-23,118.66999816894531,202.93601989746094,93.14679718017578,13.119999885559082
2017-03-24,118.86000061035156,202.78860473632812,93.47933959960938,12.960000038146973
2017-03-27,119.52999877929688,202.5804901123047,93.9046859741211,12.5
2017-03-28,119.04000091552734,204.05465698242188,93.27825927734375,11.529999732971191
2017-03-29,119.33000183105469,204.24542236328125,93.83507537841797,11.420000076293945
2017-03-30,118.47000122070312,204.89569091796875,93.07720947265625,11.539999961853027
2017-03-31,118.72000122070312,204.4188232421875,93.34788513183594,12.369999885559082
2017-04-03,119.3499984741211,204.06329345703125,94.28944396972656,12.380000114440918
2017-04-04,119.62000274658203,204.193359375,93.77800750732422,11.789999961853027
2017-04-05,119.62000274658203,203.58636474609375,94.0647201538086,12.890000343322754
2017-04-06,119.18000030517578,204.15867614746094,93.92521667480469,12.390000343322754
2017-04-07,119.45999908447266,203.95054626464844,93.54547119140625,12.869999885559082
2017-04-10,119.45999908447266,204.0719451904297,93.97947692871094,14.050000190734863
2017-04-11,121.19000244140625,203.82916259765625,94.87068939208984,15.069999694824219
2017-04-12,122.0199966430664,202.93601989746094,95.389892578125,15.770000457763672
2017-04-13,122.5999984741211,201.61801147460938,95.68437957763672,15.960000038146973
2017-04-17,122.23999786376953,203.40428161621094,95.389892578125,14.65999984741211
2017-04-18,122.81999969482422,202.7972869873047,96.63754272460938,14.420000076293945
2017-04-19,121.7300033569336,202.42434692382812,96.110595703125,14.930000305175781
2017-04-20,121.95999908447266,204.0719451904297,95.7386245727539,14.149999618530273
2017-04-21,122.30999755859375,203.42166137695312,95.7386245727539,14.630000114440918
2017-04-24,121.4800033569336,205.65879821777344,95.26586151123047,10.84000015258789
2017-04-25,120.25,206.85543823242188,94.11894989013672,10.760000228881836
2017-04-26,120.83999633789062,206.7253875732422,94.63819885253906,10.850000381469727
2017-04-27,120.38999938964844,206.89881896972656,94.6071548461914,10.359999656677246
2017-04-28,120.7699966430664,206.44789123535156,94.81646728515625,10.819999694824219
2017-05-01,119.66999816894531,206.9681854248047,94.0281753540039,10.109999656677246
2017-05-02,119.6500015258789,207.04624938964844,94.50967407226562,10.59000015258789
2017-05-03,117.9800033569336,206.79476928710938,94.57178497314453,10.680000305175781
2017-05-04,116.79000091552734,207.03753662109375,94.10587310791016,10.460000038146973
2017-05-05,117.01000213623047,207.8526611328125,94.19123840332031,10.569999694824219
2017-05-08,116.75,207.8179931640625,93.67874145507812,9.770000457763672
2017-05-09,116.05000305175781,207.62725830078125,93.67098999023438,9.960000038146973
2017-05-10,116.04000091552734,208.00009155273438,93.5622787475586,10.210000038146973
2017-05-11,116.5,207.57516479492188,93.5622787475586,10.600000381469727
2017-05-12,116.83000183105469,207.22836303710938,94.2689437866211,10.399999618530273
2017-05-15,117.13999938964844,208.37295532226562,94.01263427734375,10.420000076293945
2017-05-16,117.6500015258789,208.18215942382812,94.36209869384766,10.649999618530273
2017-05-17,119.79000091552734,204.48818969726562,95.73666381835938,15.59000015258789
2017-05-18,118.80999755859375,205.31202697753906,95.84536743164062,14.65999984741211
2017-05-19,119.4000015258789,206.64732360839844,96.07057189941406,12.039999961853027
2017-05-22,119.9000015258789,207.69656372070312,95.80657958984375,10.930000305175781
2017-05-23,119.13999938964844,208.1561279296875,95.16197967529297,10.720000267028809
2017-05-24,119.61000061035156,208.6417694091797,95.69786071777344,10.020000457763672
2017-05-25,119.4800033569336,209.6389923095703,95.72893524169922,9.989999771118164
2017-05-26,120.54000091552734,209.5956268310547,95.89197540283203,9.8100004196167
2017-05-30,120.13999938964844,209.41358947753906,96.36567687988281,10.380000114440918
2017-05-31,120.62000274658203,209.3614959716797,96.6064682006836,10.40999984741211
2017-06-01,120.72000122070312,211.02638244628906,96.6165542602539,9.890000343322754
2017-06-02,121.61000061035156,211.72874450683594,97.76056671142578,9.75
2017-06-05,121.7300033569336,211.57269287109375,97.15351104736328,10.069999694824219
2017-06-06,123.0999984741211,210.89634704589844,97.68268585205078,10.449999809265137
2017-06-07,122.44999694824219,211.2865753173828,97.21578979492188,10.390000343322754
2017-06-08,121.6500015258789,211.3905792236328,96.958984375,10.15999984741211
2017-06-09,120.54000091552734,211.06973266601562,96.81111145019531,10.699999809265137
2017-06-12,120.36000061035156,211.02638244628906,96.77997589111328,11.460000038146973
2017-06-13,120.4800033569336,212.05831909179688,96.79558563232422,10.420000076293945
2017-06-14,119.81999969482422,211.78945922851562,98.28973388671875,10.640000343322754
2017-06-15,119.31999969482422,211.38197326660156,98.1341323852539,10.899999618530273
2017-06-16,119.33999633789062,211.4281005859375,98.32862854003906,10.380000114440918
2017-06-19,118.43000030517578,213.188232421875,98.1885757446289,10.369999885559082
2017-06-20,118.18000030517578,211.75050354003906,99.06793975830078,10.859999656677246
2017-06-21,118.5199966430664,211.69821166992188,99.2702865600586,10.75
2017-06-22,118.91999816894531,211.6023712158203,99.48818969726562,10.479999542236328
2017-06-23,119.43000030517578,211.85508728027344,99.44148254394531,10.020000457763672
2017-06-26,118.36000061035156,211.9944610595703,99.81503295898438,9.899999618530273
2017-06-27,118.80999755859375,210.28663635253906,98.74890899658203,11.0600004196167
2017-06-28,118.9000015258789,212.1687774658203,98.42205810546875,10.029999732971191
2017-06-29,118.31999969482422,210.3040008544922,97.59710693359375,11.4399995803833
2017-06-30,118.0199966430664,210.6961669921875,97.3714370727539,11.180000305175781
2017-07-03,116.08999633789062,211.05340576171875,97.05793762207031,11.220000267028809
2017-07-05,116.5199966430664,211.54136657714844,97.0813217163086,11.069999694824219
2017-07-06,116.47000122070312,209.60694885253906,96.27811431884766,12.539999961853027
2017-07-07,115.27999877929688,210.9662628173828,95.70103454589844,11.1899995803833
2017-07-10,115.47000122070312,211.19288635253906,95.8414077758789,11.109999656677246
2017-07-11,115.62000274658203,211.03599548339844,96.0051498413086,10.890000343322754
2017-07-12,116.02999877929688,212.62184143066406,96.66803741455078,10.300000190734863
2017-07-13,115.81999969482422,212.97918701171875,96.05977630615234,9.899999618530273
2017-07-14,116.7699966430664,213.9724884033203,96.17672729492188,9.510000228881836
2017-07-17,117.29000091552734,213.9463348388672,96.4418716430664,9.819999694824219
2017-07-18,118.11000061035156,214.0596466064453,97.28410339355469,9.890000343322754
2017-07-19,118.08000183105469,215.21856689453125,97.32307434082031,9.789999961853027
2017-07-20,118.23999786376953,215.3143768310547,97.60382843017578,9.579999923706055
2017-07-21,119.26000213623047,215.12266540527344,98.0171890258789,9.359999656677246
2017-07-24,119.30999755859375,215.07044982910156,97.63504791259766,9.430000305175781
2017-07-25,118.91999816894531,215.59324645996094,96.3638916015625,9.430000305175781
2017-07-26,119.87999725341797,215.60195922851562,96.51982879638672,9.600000381469727
2017-07-27,119.79000091552734,215.40151977539062,96.04415893554688,10.109999656677246
2017-07-28,120.69000244140625,215.14883422851562,96.61347198486328,10.289999961853027
2017-07-31,120.75,215.02688598632812,96.73043823242188,10.260000228881836
2017-08-01,120.6500015258789,215.506103515625,97.40957641601562,10.09000015258789
2017-08-02,120.4000015258789,215.6106414794922,97.4642562866211,10.279999732971191
2017-08-03,120.58999633789062,215.1923828125,98.47246551513672,10.4399995803833
2017-08-04,119.6500015258789,215.5845184326172,97.63618469238281,10.029999732971191
2017-08-07,119.51000213623047,215.9853057861328,97.74562072753906,9.930000305175781
2017-08-08,119.86000061035156,215.4538116455078,97.39392852783203,10.960000038146973
2017-08-09,121.30999755859375,215.44509887695312,97.92537689208984,11.109999656677246
2017-08-10,122.20999908447266,212.404052734375,98.76162719726562,16.040000915527344
2017-08-11,122.79000091552734,212.71775817871094,98.80847930908203,15.510000228881836
2017-08-14,121.91999816894531,214.82643127441406,98.30049133300781,12.329999923706055
2017-08-15,120.9800033569336,214.80026245117188,97.88626098632812,12.039999961853027
2017-08-16,121.87000274658203,215.1749267578125,98.24578857421875,11.739999771118164
2017-08-17,122.48999786376953,211.8202362060547,98.98040771484375,15.550000190734863
2017-08-18,122.30000305175781,211.4891357421875,98.95700073242188,14.260000228881836
2017-08-21,122.76000213623047,211.65463256835938,99.19929504394531,13.1899995803833
2017-08-22,122.20999908447266,213.86793518066406,98.81629180908203,11.350000381469727
2017-08-23,122.66999816894531,213.10116577148438,99.48838806152344,12.25
2017-08-24,122.29000091552734,212.60443115234375,99.12109375,12.229999542236328
2017-08-25,122.73999786376953,213.10116577148438,99.50402069091797,11.279999732971191
2017-08-28,124.69000244140625,213.10986328125,99.44151306152344,11.319999694824219
2017-08-29,124.41999816894531,213.3538818359375,99.76197814941406,11.699999809265137
2017-08-30,124.36000061035156,214.3645477294922,99.7306900024414,11.220000267028809
2017-08-31,125.81999969482422,215.6542205810547,100.02769470214844,10.59000015258789
2017-09-01,126.05999755859375,215.95919799804688,99.26258087158203,10.130000114440918
2017-09-05,127.45999908447266,214.408203125,100.836669921875,12.229999542236328
2017-09-06,126.80999755859375,215.14013671875,100.21797180175781,11.630000114440918
2017-09-07,128.1300048828125,215.11398315429688,101.24388885498047,11.550000190734863
2017-09-08,127.97000122070312,214.86126708984375,101.02462005615234,12.119999885559082
2017-09-11,126.19000244140625,217.1529541015625,99.81861877441406,10.729999542236328
2017-09-12,126.55999755859375,217.8849334716797,99.29388427734375,10.579999923706055
2017-09-13,125.61000061035156,217.989501953125,98.90229797363281,10.5
2017-09-14,126.16000366210938,217.91973876953125,99.30952453613281,10.4399995803833
2017-09-15,125.52999877929688,218.213134765625,99.34870910644531,10.170000076293945
2017-09-18,124.36000061035156,218.67726135253906,98.77702331542969,10.149999618530273
2017-09-19,124.62000274658203,218.89613342285156,98.53422546386719,10.180000305175781
2017-09-20,123.62000274658203,218.9750213623047,98.60469055175781,9.779999732971191
2017-09-21,122.68000030517578,218.3882598876953,98.54991149902344,9.670000076293945
2017-09-22,123.23999786376953,218.4320526123047,98.83182525634766,9.59000015258789
2017-09-25,124.52999877929688,217.9854278564453,99.45048522949219,10.210000038146973
2017-09-26,123.13999938964844,218.11680603027344,99.27037811279297,10.170000076293945
2017-09-27,121.9800033569336,218.9662322998047,97.77459716796875,9.869999885559082
2017-09-28,122.20999908447266,219.22897338867188,97.48482513427734,9.550000190734863
2017-09-29,121.58000183105469,219.9995574951172,97.70410919189453,9.510000228881836
2017-10-02,120.7699966430664,220.95407104492188,97.52519226074219,9.449999809265137
2017-10-03,120.83000183105469,221.42689514160156,97.61936950683594,9.510000228881836
2017-10-04,121.16999816894531,221.6896209716797,97.62722778320312,9.630000114440918
2017-10-05,120.5199966430664,223.003173828125,97.25838470458984,9.1899995803833
2017-10-06,121.08999633789062,222.74925231933594,96.9837646484375,9.649999618530273
2017-10-09,122.08000183105469,222.38145446777344,97.28978729248047,10.329999923706055
2017-10-10,122.4000015258789,222.96815490722656,97.44676208496094,10.079999923706055
2017-10-11,122.79000091552734,223.31842041015625,97.63507843017578,9.850000381469727
2017-10-12,122.88999938964844,222.9856719970703,98.05094909667969,9.90999984741211
2017-10-13,123.81999969482422,223.257080078125,98.75719451904297,9.609999656677246
2017-10-16,122.97000122070312,223.55484008789062,98.68659210205078,9.90999984741211
2017-10-17,122.12999725341797,223.71246337890625,98.81212615966797,10.3100004196167
2017-10-18,121.66999816894531,223.93138122558594,98.16079711914062,10.069999694824219
2017-10-19,122.38999938964844,223.99266052246094,98.33341217041016,10.050000190734863
2017-10-20,121.61000061035156,225.14854431152344,97.28978729248047,9.970000267028809
2017-10-23,121.80000305175781,224.27291870117188,97.46244812011719,11.069999694824219
2017-10-24,121.33000183105469,224.6669921875,96.85819244384766,11.15999984741211
2017-10-25,121.3499984741211,223.55484008789062,96.39521026611328,11.229999542236328
2017-10-26,120.33000183105469,223.84378051757812,96.07347869873047,11.300000190734863
2017-10-27,120.9000015258789,225.6739959716797,96.70904541015625,9.800000190734863
2017-10-30,121.12999725341797,224.83335876464844,97.63507843017578,10.5
2017-10-31,120.66999816894531,225.18360900878906,97.66645812988281,10.180000305175781
2017-11-01,121.11000061035156,225.4813690185547,98.10132598876953,10.199999809265137
2017-11-02,121.19000244140625,225.5689239501953,98.53382873535156,9.930000305175781
2017-11-03,120.62000274658203,226.32203674316406,98.80121612548828,9.140000343322754
2017-11-06,121.6500015258789,226.67225646972656,99.17078399658203,9.399999618530273
2017-11-07,121.20999908447266,226.51467895507812,99.58756256103516,9.890000343322754
2017-11-08,121.62999725341797,226.89999389648438,99.36737823486328,9.779999732971191
2017-11-09,122.12999725341797,226.07687377929688,99.0842514038086,10.5
2017-11-10,121.12999725341797,226.0067596435547,97.59015655517578,11.289999961853027
2017-11-13,121.30999755859375,226.2169189453125,97.79461669921875,11.5
2017-11-14,121.55999755859375,225.69154357910156,98.45515441894531,11.59000015258789
2017-11-15,121.41000366210938,224.56190490722656,99.5246810913086,13.130000114440918
2017-11-16,121.4000015258789,226.4708709716797,98.65966796875,11.760000228881836
2017-11-17,122.86000061035156,225.80532836914062,99.39102935791016,11.430000305175781
2017-11-20,121.30999755859375,226.19065856933594,99.35163879394531,10.649999618530273
2017-11-21,121.51000213623047,227.67059326171875,99.66622924804688,9.729999542236328
2017-11-22,122.62999725341797,227.4691925048828,99.9886245727539,9.880000114440918
2017-11-24,122.31999969482422,227.99456787109375,99.7134017944336,9.670000076293945
2017-11-27,122.83000183105469,227.88079833984375,99.57185363769531,9.869999885559082
2017-11-28,122.80999755859375,230.1925048828125,99.70553588867188,10.029999732971191
2017-11-29,122.04000091552734,230.0524444580078,98.72254180908203,10.699999809265137
2017-11-30,121.0999984741211,232.0665283203125,98.39226531982422,11.279999732971191
2017-12-01,121.58999633789062,231.58486938476562,99.72007751464844,11.430000305175781
2017-12-04,121.18000030517578,231.3046875,99.76731872558594,11.680000305175781
2017-12-05,120.31999969482422,230.47276306152344,100.26374053955078,11.329999923706055
2017-12-06,120.06999969482422,230.51661682128906,100.61045837402344,11.020000457763672
2017-12-07,118.48999786376953,231.24342346191406,99.82239532470703,10.15999984741211
2017-12-08,118.4800033569336,232.50440979003906,99.83039855957031,9.579999923706055
2017-12-11,118.01000213623047,233.20489501953125,99.62551879882812,9.34000015258789
2017-12-12,118.1500015258789,233.6165008544922,99.58607482910156,9.920000076293945
2017-12-13,119.16999816894531,233.59022521972656,100.33466339111328,10.180000305175781
2017-12-14,118.93000030517578,232.63577270507812,100.76020812988281,10.489999771118164
2017-12-15,119.18000030517578,234.572998046875,101.138427734375,9.420000076293945
2017-12-18,119.7300033569336,236.0604705810547,100.21647644042969,9.529999732971191
2017-12-19,119.81999969482422,235.1539306640625,98.91626739501953,10.029999732971191
2017-12-20,120.13999938964844,235.0306854248047,97.82097625732422,9.720000267028809
2017-12-21,120.30999755859375,235.51478576660156,98.39110565185547,9.619999885559082
2017-12-22,120.94000244140625,235.4532012939453,98.52535247802734,9.899999618530273
2017-12-26,121.7699966430664,235.17152404785156,98.8175277709961,10.25
2017-12-27,122.2300033569336,235.2859344482422,100.10465240478516,10.470000267028809
2017-12-28,122.8499984741211,235.77005004882812,100.01781463623047,10.180000305175781
2017-12-29,123.6500015258789,234.88099670410156,100.17569732666016,11.039999961853027
2018-01-02,125.1500015258789,236.56219482421875,99.09393310546875,9.770000457763672
2018-01-03,124.81999969482422,238.0584716796875,99.56773376464844,9.149999618530273
2018-01-04,125.45999908447266,239.06185913085938,99.55192565917969,9.220000267028809
2018-01-05,125.33000183105469,240.65496826171875,99.26766967773438,9.220000267028809
2018-01-08,125.30999755859375,241.09500122070312,99.20445251464844,9.520000457763672
2018-01-09,124.7300033569336,241.64076232910156,97.87783813476562,10.079999923706055
2018-01-10,125.02999877929688,241.2710418701172,97.75942993164062,9.819999694824219
2018-01-11,125.44000244140625,243.0314178466797,98.1621322631836,9.880000114440918
2018-01-12,126.95999908447266,244.61570739746094,98.32794189453125,10.15999984741211
2018-01-16,127.16999816894531,243.77951049804688,98.73853302001953,11.65999984741211
2018-01-17,126.13999938964844,246.10313415527344,98.60428619384766,11.90999984741211
2018-01-18,125.86000061035156,245.68948364257812,97.6883316040039,12.220000267028809
2018-01-19,126.41999816894531,246.80726623535156,97.17506408691406,11.270000457763672
2018-01-22,126.6500015258789,248.81410217285156,97.2697982788086,11.029999732971191
2018-01-23,127.27999877929688,249.3421630859375,97.6883316040039,11.100000381469727
2018-01-24,128.8300018310547,249.245361328125,97.1592788696289,11.470000267028809
2018-01-25,127.97000122070312,249.35096740722656,97.9568099975586,11.579999923706055
2018-01-26,128.07000732421875,252.23793029785156,97.59355926513672,11.079999923706055
2018-01-29,127.3499984741211,250.56565856933594,96.91446685791016,13.84000015258789
2018-01-30,126.80000305175781,247.99549865722656,96.34590148925781,14.789999961853027
2018-01-31,127.6500015258789,248.11865234375,96.91446685791016,13.539999961853027
2018-02-01,128.07000732421875,247.8370819091797,95.5098648071289,13.470000267028809
2018-02-02,126.38999938964844,242.4416046142578,94.62364196777344,17.309999465942383
2018-02-05,126.70999908447266,232.30213928222656,95.5178451538086,37.31999969482422
2018-02-06,125.37999725341797,236.87905883789062,94.92433166503906,29.979999542236328
2018-02-07,124.79000091552734,235.59402465820312,94.02226257324219,27.729999542236328
2018-02-08,124.9800033569336,226.757080078125,93.91938018798828,33.459999084472656
2018-02-09,124.7699966430664,230.16339111328125,93.32589721679688,29.059999465942383
2018-02-12,125.37000274658203,233.5431671142578,93.7374038696289,25.610000610351562
2018-02-13,126.08000183105469,234.12411499023438,94.15674591064453,24.969999313354492
2018-02-14,128.22999572753906,237.2838897705078,93.11224365234375,19.260000228881836
2018-02-15,128.3800048828125,240.3115234375,93.42874908447266,19.1299991607666
2018-02-16,127.95999908447266,240.38211059570312,93.93524169921875,19.459999084472656
2018-02-20,126.23999786376953,238.8770294189453,93.52372741699219,20.600000381469727
2018-02-21,125.66000366210938,237.6887969970703,92.37633514404297,20.020000457763672
2018-02-22,126.30000305175781,237.99685668945312,92.65331268310547,18.719999313354492
2018-02-23,126.13999938964844,241.79039001464844,93.47627258300781,16.489999771118164
2018-02-26,126.44999694824219,244.59800720214844,93.50794219970703,15.800000190734863
2018-02-27,125.12999725341797,241.54391479492188,93.37342071533203,18.59000015258789
2018-02-28,125.0,239.0970458984375,93.96686553955078,19.850000381469727
2018-03-01,124.72000122070312,235.6204071044922,94.60833740234375,22.469999313354492
2018-03-02,125.38999938964844,236.83506774902344,93.83921813964844,19.59000015258789
2018-03-05,125.18000030517578,239.572265625,93.58548736572266,18.729999542236328
2018-03-06,126.52999877929688,240.17967224121094,93.67269897460938,18.360000610351562
2018-03-07,125.72000122070312,240.09161376953125,93.56964111328125,17.760000228881836
2018-03-08,125.41999816894531,241.25341796875,94.10879516601562,16.540000915527344
2018-03-09,125.54000091552734,245.4518585205078,93.4903793334961,14.640000343322754
2018-03-12,125.54000091552734,245.14382934570312,94.02947235107422,15.779999732971191
2018-03-13,125.77999877929688,243.5594940185547,94.50526428222656,16.350000381469727
2018-03-14,125.69999694824219,242.30966186523438,95.33780670166016,17.229999542236328
2018-03-15,124.9000015258789,242.0455780029297,95.33780670166016,16.59000015258789
2018-03-16,124.5999984741211,242.30809020996094,94.996826171875,15.800000190734863
2018-03-19,124.87000274658203,239.02951049804688,94.6955337524414,19.020000457763672
2018-03-20,124.30999755859375,239.43606567382812,94.31494903564453,18.200000762939453
2018-03-21,126.4800033569336,238.97647094726562,94.41805267333984,17.860000610351562
2018-03-22,125.9800033569336,233.0028533935547,95.3536376953125,23.34000015258789
2018-03-23,127.61000061035156,228.0364227294922,95.28227233886719,24.8700008392334
2018-03-26,128.27999877929688,234.2752685546875,94.91757202148438,21.030000686645508
2018-03-27,127.48999786376953,230.2898712158203,95.93243408203125,22.5
2018-03-28,125.7300033569336,229.6094512939453,96.18619537353516,22.8700008392334
2018-03-29,125.79000091552734,232.5432586669922,96.65396118164062,19.969999313354492
2018-04-02,127.26000213623047,227.5239715576172,96.84468841552734,23.6200008392334
2018-04-03,126.30000305175781,230.44007873535156,96.09778594970703,21.100000381469727
2018-04-04,126.44999694824219,232.9055938720703,95.89916229248047,20.059999465942383
2018-04-05,125.80000305175781,234.7437286376953,95.18399810791016,18.940000534057617
2018-04-06,126.38999938964844,229.51220703125,96.22492980957031,21.489999771118164
2018-04-09,126.81999969482422,230.64334106445312,96.38382720947266,21.770000457763672
2018-04-10,127.12000274658203,234.31068420410156,96.20899200439453,20.469999313354492
2018-04-11,128.11000061035156,233.08238220214844,96.55070495605469,20.239999771118164
2018-04-12,126.62000274658203,234.99998474121094,95.84353637695312,18.489999771118164
2018-04-13,127.44999694824219,234.31068420410156,96.06603240966797,17.40999984741211
2018-04-16,127.62999725341797,236.23709106445312,96.09778594970703,16.559999465942383
2018-04-17,127.75,238.76441955566406,96.35999298095703,15.25
2018-04-18,127.8499984741211,238.9412078857422,95.58921813964844,15.600000381469727
2018-04-19,127.5999984741211,237.61570739746094,94.810546875,15.960000038146973
2018-04-20,126.62999725341797,235.60086059570312,94.12721252441406,16.8799991607666
2018-04-23,125.62000274658203,235.56546020507812,94.15099334716797,16.34000015258789
2018-04-24,126.2300033569336,232.39305114746094,93.72196960449219,18.020000457763672
2018-04-25,125.41000366210938,232.9674835205078,93.0942153930664,17.84000015258789
2018-04-26,124.97000122070312,235.33567810058594,93.74578857421875,16.239999771118164
2018-04-27,125.5,235.556640625,94.46886444091797,15.40999984741211
2018-04-30,124.58999633789062,233.74510192871094,94.6357192993164,15.930000305175781
2018-05-01,123.70999908447266,234.16041564941406,94.29489135742188,15.489999771118164
2018-05-02,123.6500015258789,232.58750915527344,94.19137573242188,15.970000267028809
2018-05-03,124.27999877929688,232.0749053955078,94.6134262084961,15.899999618530273
2018-05-04,124.54000091552734,235.0794219970703,94.75677490234375,14.770000457763672
2018-05-07,124.56999969482422,235.87477111816406,94.60546875,14.75
2018-05-08,124.58999633789062,235.87477111816406,94.51786041259766,14.710000038146973
2018-05-09,124.33000183105469,238.1547393798828,93.95246124267578,13.420000076293945
2018-05-10,125.18000030517578,240.3816375732422,94.7090072631836,13.229999542236328
2018-05-11,125.0,241.11508178710938,94.94793701171875,12.649999618530273
2018-05-14,124.48999786376953,241.22994995117188,94.44619750976562,12.930000305175781
2018-05-15,122.4800033569336,239.56866455078125,93.37113189697266,14.630000114440918
2018-05-16,122.29000091552734,240.57603454589844,93.01282501220703,13.420000076293945
2018-05-17,122.36000061035156,240.3727569580078,92.54293823242188,13.430000305175781
2018-05-18,122.41000366210938,239.77188110351562,93.33928680419922,13.420000076293945
2018-05-21,122.4800033569336,241.57460021972656,93.3870620727539,13.079999923706055
2018-05-22,122.41000366210938,240.90298461914062,93.24373626708984,13.220000267028809
2018-05-23,122.54000091552734,241.56576538085938,93.9206314086914,12.579999923706055
2018-05-24,123.58999633789062,241.07089233398438,94.66920471191406,12.529999732971191
2018-05-25,123.20999908447266,240.49649047851562,95.25849914550781,13.220000267028809
2018-05-29,123.19000244140625,237.73052978515625,97.34490966796875,17.020000457763672
2018-05-30,123.37000274658203,240.90298461914062,96.69187927246094,14.9399995803833
2018-05-31,123.0999984741211,239.42730712890625,96.53263854980469,15.430000305175781
2018-06-01,122.48999786376953,241.77784729003906,96.02259063720703,13.460000038146973
2018-06-04,122.37000274658203,242.92665100097656,95.3281478881836,12.739999771118164
2018-06-05,122.8499984741211,243.1033935546875,95.55162048339844,12.399999618530273
2018-06-06,122.91999816894531,245.1359405517578,94.77738189697266,11.640000343322754
2018-06-07,122.86000061035156,245.10939025878906,95.69527435302734,12.130000114440918
2018-06-08,123.01000213623047,245.83401489257812,95.40796661376953,12.180000305175781
2018-06-11,123.2300033569336,246.16098022460938,95.23236083984375,12.350000381469727
2018-06-12,122.81999969482422,246.4790802001953,95.25631713867188,12.34000015258789
2018-06-13,123.19000244140625,245.6925811767578,95.20841979980469,12.9399995803833
2018-06-14,123.37999725341797,246.3111572265625,95.99860382080078,12.119999885559082
2018-06-15,121.33999633789062,245.9969940185547,96.08645629882812,11.979999542236328
2018-06-18,121.11000061035156,245.49099731445312,95.99860382080078,12.3100004196167
2018-06-19,120.80000305175781,244.55003356933594,96.55733489990234,13.350000381469727
2018-06-20,120.26000213623047,244.96726989746094,95.7113037109375,12.789999961853027
2018-06-21,120.05000305175781,243.43154907226562,96.21414184570312,14.640000343322754
2018-06-22,120.33999633789062,243.87542724609375,96.20613098144531,13.770000457763672
2018-06-25,119.88999938964844,240.55557250976562,96.42169189453125,17.329999923706055
2018-06-26,119.26000213623047,241.0882568359375,96.55733489990234,15.920000076293945
2018-06-27,118.58000183105469,239.09097290039062,97.46731567382812,17.90999984741211
2018-06-28,118.22000122070312,240.45797729492188,97.49127960205078,16.850000381469727
2018-06-29,118.6500015258789,240.8041534423828,97.15599822998047,16.09000015258789
2018-07-02,117.45999908447266,241.31898498535156,97.07999420166016,15.600000381469727
2018-07-03,118.6500015258789,240.46681213378906,97.60000610351562,16.139999389648438
2018-07-05,119.05000305175781,242.42857360839844,97.88001251220703,14.970000267028809
2018-07-06,118.86000061035156,244.4790496826172,98.20002746582031,13.369999885559082
2018-07-09,119.1500015258789,246.6803741455078,97.56798553466797,12.6899995803833
2018-07-10,118.93000030517578,247.5680389404297,97.55998992919922,12.640000343322754
2018-07-11,117.63999938964844,245.75723266601562,97.93602752685547,13.630000114440918
2018-07-12,118.12999725341797,247.98533630371094,97.92803955078125,12.579999923706055
2018-07-13,117.61000061035156,248.18067932128906,98.176025390625,12.180000305175781
2018-07-16,117.55000305175781,247.958740234375,97.76800537109375,12.829999923706055
2018-07-17,116.27999877929688,248.9617462158203,97.58399963378906,12.0600004196167
2018-07-18,116.30999755859375,249.4854278564453,97.19200134277344,12.100000381469727
2018-07-19,115.80999755859375,248.5445556640625,97.8079833984375,12.869999885559082
2018-07-20,116.55999755859375,248.26051330566406,96.60798645019531,12.859999656677246
2018-07-23,116.0,248.72210693359375,95.41603088378906,12.619999885559082
2018-07-24,116.04000091552734,249.97361755371094,95.74398040771484,12.40999984741211
2018-07-25,116.68000030517578,252.10403442382812,95.59198760986328,12.289999961853027
2018-07-26,115.7699966430664,251.50921630859375,95.40801239013672,12.140000343322754
2018-07-27,115.83000183105469,249.80499267578125,95.56802368164062,13.029999732971191
2018-07-30,115.6500015258789,248.50013732910156,95.23997497558594,14.260000228881836
2018-07-31,115.98999786376953,249.72509765625,95.76002502441406,12.829999923706055
2018-08-01,115.13999938964844,249.3079376220703,94.9798583984375,13.149999618530273
2018-08-02,114.5199966430664,250.66604614257812,95.11615753173828,12.1899995803833
2018-08-03,114.91999816894531,251.74009704589844,95.5892333984375,11.640000343322754
2018-08-06,114.33000183105469,252.66326904296875,95.6453628540039,11.270000457763672
2018-08-07,114.58999633789062,253.4977264404297,95.14824676513672,10.930000305175781
2018-08-08,114.91000366210938,253.39125061035156,95.24444580078125,10.850000381469727
2018-08-09,114.73999786376953,253.0449676513672,96.04625701904297,11.270000457763672
2018-08-10,114.69000244140625,251.34951782226562,96.7437973022461,13.15999984741211
2018-08-13,112.95999908447266,250.40859985351562,96.54334259033203,14.779999732971191
2018-08-14,113.06999969482422,252.00637817382812,96.32683563232422,13.3100004196167
2018-08-15,111.19000244140625,250.12451171875,96.88813781738281,14.640000343322754
2018-08-16,111.0999984741211,252.1484375,96.88005828857422,13.449999809265137
2018-08-17,112.12999725341797,253.0360870361328,97.00040435791016,12.640000343322754
2018-08-20,112.69000244140625,253.5775909423828,97.64983367919922,12.489999771118164
2018-08-21,113.0199966430664,254.17230224609375,97.32108306884766,12.859999656677246
2018-08-22,113.2699966430664,254.02137756347656,97.70594024658203,12.25
2018-08-23,112.19999694824219,253.68411254882812,97.8582763671875,12.40999984741211
2018-08-24,114.16000366210938,255.2108612060547,98.05071258544922,11.989999771118164
2018-08-27,114.58999633789062,257.22576904296875,97.48945617675781,12.15999984741211
2018-08-28,113.68000030517578,257.35009765625,96.90414428710938,12.5
2018-08-29,114.19999694824219,258.73492431640625,97.03241729736328,12.25
2018-08-30,113.63999938964844,257.68743896484375,97.2409439086914,13.529999732971191
2018-08-31,113.51000213623047,257.69635009765625,97.01641082763672,12.859999656677246
2018-09-04,112.93000030517578,257.25244140625,96.45550537109375,13.15999984741211
2018-09-05,113.31999969482422,256.56005859375,96.19833374023438,13.90999984741211
2018-09-06,113.54000091552734,255.787841796875,96.55193328857422,14.649999618530273
2018-09-07,113.2300033569336,255.29078674316406,95.73223876953125,14.880000114440918
2018-09-10,113.1500015258789,255.7346649169922,96.08584594726562,14.15999984741211
2018-09-11,113.22000122070312,256.5779113769531,95.35456085205078,13.220000267028809
2018-09-12,114.16999816894531,256.6401062011719,95.57955169677734,13.140000343322754
2018-09-13,113.76000213623047,258.15789794921875,95.72425079345703,12.369999885559082
2018-09-14,113.0199966430664,258.2023010253906,95.2661361694336,12.069999694824219
2018-09-17,113.61000061035156,256.83526611328125,95.2661361694336,13.680000305175781
2018-09-18,113.44000244140625,258.22894287109375,94.26969146728516,12.789999961853027
2018-09-19,113.87999725341797,258.504150390625,93.70720672607422,11.75
2018-09-20,114.2699966430664,260.59893798828125,94.14112854003906,11.800000190734863
2018-09-21,113.48999786376953,260.36077880859375,94.10099029541016,11.680000305175781
2018-09-24,113.47000122070312,259.4958801269531,93.85990142822266,12.199999809265137
2018-09-25,113.6500015258789,259.2552185058594,93.76346588134766,12.420000076293945
2018-09-26,113.05000305175781,258.4794616699219,94.42241668701172,12.890000343322754
2018-09-27,112.05000305175781,259.2016296386719,94.48668670654297,12.40999984741211
2018-09-28,112.76000213623047,259.22845458984375,94.23760986328125,12.119999885559082
2018-10-01,112.56999969482422,260.12908935546875,93.54578399658203,12.0
2018-10-02,113.87000274658203,259.9773864746094,94.1175765991211,12.050000190734863
2018-10-03,113.41999816894531,260.1201171875,92.48263549804688,11.609999656677246
2018-10-04,113.4800033569336,258.087158203125,91.83028411865234,14.220000267028809
2018-10-05,113.80000305175781,256.64251708984375,91.04098510742188,14.819999694824219
2018-10-08,112.54000091552734,256.64251708984375,90.73497009277344,15.6899995803833
2018-10-09,112.5999984741211,256.26806640625,91.6530532836914,15.949999809265137
2018-10-10,112.87999725341797,248.1538543701172,91.40340423583984,22.959999084472656
2018-10-11,115.77999877929688,242.6877899169922,92.51484680175781,24.979999542236328
2018-10-12,115.2300033569336,246.05836486816406,92.19268035888672,21.309999465942383
2018-10-15,116.0,244.67626953125,92.15242767333984,21.299999237060547
2018-10-16,115.80000305175781,250.02627563476562,92.36183166503906,17.6200008392334
2018-10-17,115.79000091552734,250.07090759277344,91.81419372558594,17.399999618530273
2018-10-18,115.91999816894531,246.4595947265625,91.781982421875,20.059999465942383
2018-10-19,116.01000213623047,246.32582092285156,91.58063507080078,19.889999389648438
2018-10-22,115.70999908447266,245.22018432617188,91.45978546142578,19.639999389648438
2018-10-23,116.38999938964844,243.97178649902344,91.74971771240234,20.709999084472656
2018-10-24,116.66000366210938,236.57980346679688,92.4423599243164,25.229999542236328
2018-10-25,116.4000015258789,240.82421875,92.05574035644531,24.219999313354492
2018-10-26,116.7699966430664,236.58872985839844,92.61152648925781,24.15999984741211
2018-10-29,116.30999755859375,235.27796936035156,92.40210723876953,24.700000762939453
2018-10-30,115.80000305175781,238.76443481445312,91.94300842285156,23.350000381469727
2018-10-31,115.1500015258789,241.3146514892578,91.47590637207031,21.229999542236328
2018-11-01,116.62999725341797,243.8826904296875,91.56063842773438,19.34000015258789
2018-11-02,116.6500015258789,242.43817138671875,90.42229461669922,19.510000228881836
2018-11-05,116.37000274658203,243.77566528320312,90.77754211425781,19.959999084472656
2018-11-06,116.04000091552734,245.3182830810547,90.72103881835938,19.90999984741211
2018-11-07,116.02999877929688,250.57032775878906,90.84212493896484,16.360000610351562
2018-11-08,115.77999877929688,250.1154327392578,90.83403015136719,16.719999313354492
2018-11-09,114.4800033569336,247.6722869873047,91.51220703125,17.360000610351562
2018-11-12,113.66000366210938,243.0445098876953,92.10966491699219,20.450000762939453
2018-11-13,113.69999694824219,242.58970642089844,92.05314636230469,20.020000457763672
2018-11-14,114.63999938964844,240.93121337890625,92.10966491699219,21.25
2018-11-15,114.7699966430664,243.44573974609375,92.0693130493164,19.979999542236328
2018-11-16,115.62000274658203,244.07887268066406,92.60214233398438,18.139999389648438
2018-11-19,115.66999816894531,239.95042419433594,92.86048126220703,20.100000381469727
2018-11-20,115.66999816894531,235.5098419189453,92.89278411865234,22.479999542236328
2018-11-21,115.86000061035156,236.31231689453125,92.86048126220703,20.799999237060547
2018-11-23,115.7699966430664,234.7340545654297,92.9573745727539,21.520000457763672
2018-11-26,115.63999938964844,238.52365112304688,92.74748229980469,18.899999618530273
2018-11-27,114.94999694824219,239.326171875,92.85243225097656,19.020000457763672
2018-11-28,115.37999725341797,244.8367462158203,92.40032196044922,18.489999771118164
2018-11-29,115.73999786376953,244.30177307128906,92.76362609863281,18.790000915527344
2018-11-30,115.54000091552734,245.7908477783203,93.11077117919922,18.06999969482422
2018-12-03,116.41000366210938,249.04544067382812,93.7718734741211,16.440000534057617
2018-12-04,117.12000274658203,240.975830078125,95.34175109863281,20.739999771118164
2018-12-06,117.13999938964844,240.61013793945312,95.64120483398438,21.190000534057617
2018-12-07,118.08999633789062,235.01937866210938,95.81919860839844,23.229999542236328
2018-12-10,117.68000030517578,235.4652099609375,96.21572875976562,22.639999389648438
2018-12-11,117.54000091552734,235.51869201660156,96.19955444335938,21.760000228881836
2018-12-12,117.79000091552734,236.70469665527344,95.77066802978516,21.459999084472656
2018-12-13,117.52999877929688,236.62445068359375,95.5440673828125,20.649999618530273
2018-12-14,117.05999755859375,232.25518798828125,95.87586212158203,21.6299991607666
2018-12-17,117.87000274658203,227.69873046875,96.4342269897461,24.520000457763672
2018-12-18,118.1500015258789,227.4490509033203,97.01173400878906,25.579999923706055
2018-12-19,117.43000030517578,224.0428466796875,98.2933578491211,25.579999923706055
2018-12-20,119.23999786376953,220.39585876464844,97.9364242553711,28.3799991607666
2018-12-21,118.72000122070312,215.88006591796875,97.92023468017578,30.110000610351562
2018-12-24,120.0199966430664,210.1759033203125,98.40689849853516,36.06999969482422
2018-12-26,119.66000366210938,220.79498291015625,97.35236358642578,30.40999984741211
2018-12-27,120.56999969482422,222.49012756347656,97.36868286132812,29.959999084472656
2018-12-28,121.05999755859375,222.20310974121094,98.18789672851562,28.34000015258789
2018-12-31,121.25,224.14935302734375,98.56102752685547,25.420000076293945
2019-01-02,121.33000183105469,224.38253784179688,99.08011627197266,23.219999313354492
2019-01-03,122.43000030517578,219.0281219482422,100.20764923095703,25.450000762939453
2019-01-04,121.44000244140625,226.36463928222656,99.04769134521484,21.3799991607666
2019-01-07,121.86000061035156,228.14950561523438,98.7557144165039,21.399999618530273
2019-01-08,121.52999877929688,230.29296875,98.49614715576172,20.469999313354492
2019-01-09,122.30999755859375,231.3692626953125,98.3420181274414,19.979999542236328
2019-01-10,121.58999633789062,232.18539428710938,97.70932006835938,19.5
2019-01-11,121.80000305175781,232.2751007080078,98.090576171875,18.190000534057617
2019-01-14,122.08999633789062,230.85801696777344,97.72554779052734,19.06999969482422
2019-01-15,121.87999725341797,233.50381469726562,97.36868286132812,18.600000381469727
2019-01-16,122.2699966430664,234.0688934326172,97.46599578857422,19.040000915527344
2019-01-17,122.11000061035156,235.84471130371094,97.49031066894531,18.059999465942383
2019-01-18,121.0199966430664,238.98382568359375,96.97930908203125,17.799999237060547
2019-01-22,121.44999694824219,235.75498962402344,97.63630676269531,20.799999237060547
2019-01-23,121.27999877929688,236.248291015625,97.5957260131836,19.520000457763672
2019-01-24,121.08999633789062,236.37387084960938,98.23656463623047,18.889999389648438
2019-01-25,122.86000061035156,238.37393188476562,97.7660903930664,17.420000076293945
2019-01-28,123.29000091552734,236.56228637695312,97.66876983642578,18.8700008392334
2019-01-29,123.9800033569336,236.248291015625,98.1635513305664,19.1299991607666
2019-01-30,124.69000244140625,239.9883270263672,98.090576171875,17.65999984741211
2019-01-31,124.75,242.0960235595703,98.93412780761719,16.56999969482422
2019-02-01,124.5,242.21255493164062,98.33660888671875,16.139999389648438
2019-02-04,123.95999908447266,243.91664123535156,97.89759826660156,15.729999542236328
2019-02-05,124.27999877929688,244.9391326904297,98.34473419189453,15.569999694824219
2019-02-06,123.44000244140625,244.6161651611328,98.39347839355469,15.380000114440918
2019-02-07,123.73999786376953,242.28433227539062,99.04389190673828,16.3700008392334
2019-02-08,124.20999908447266,242.58029174804688,99.4666519165039,15.720000267028809
2019-02-11,123.5999984741211,242.71485900878906,99.07640075683594,15.970000267028809
2019-02-12,123.86000061035156,245.8360137939453,98.82438659667969,15.430000305175781
2019-02-13,123.37000274658203,246.63426208496094,98.45040130615234,15.649999618530273
2019-02-14,124.05999755859375,246.08721923828125,99.01139068603516,16.219999313354492
2019-02-15,124.80000305175781,248.7688446044922,99.16584014892578,14.90999984741211
2019-02-19,126.69999694824219,249.1993865966797,99.41785430908203,14.880000114440918
2019-02-20,126.4800033569336,249.70159912109375,99.13328552246094,14.020000457763672
2019-02-21,125.05000305175781,248.8136749267578,98.2471694946289,14.460000038146973
2019-02-22,125.5,250.35630798339844,98.8324966430664,13.510000228881836
2019-02-25,125.37000274658203,250.69711303710938,98.53985595703125,14.850000381469727
2019-02-26,125.58000183105469,250.51773071289062,99.02764892578125,15.170000076293945
2019-02-27,124.69000244140625,250.41009521484375,97.90572357177734,14.699999809265137
2019-02-28,123.98999786376953,249.94369506835938,97.57239532470703,14.779999732971191
2019-03-01,121.87999725341797,251.50430297851562,96.6705093383789,13.569999694824219
2019-03-04,121.55999755859375,250.58944702148438,97.42820739746094,14.630000114440918
2019-03-05,121.72000122070312,250.2486572265625,97.63188934326172,14.739999771118164
2019-03-06,121.61000061035156,248.7329864501953,97.99034881591797,15.739999771118164
2019-03-07,121.51000213623047,246.65216064453125,98.62578582763672,16.59000015258789
2019-03-08,122.83999633789062,246.15887451171875,99.04130554199219,16.049999237060547
2019-03-11,122.23999786376953,249.728515625,98.74797821044922,14.329999923706055
2019-03-12,122.9800033569336,250.6702117919922,99.44046020507812,13.770000457763672
2019-03-13,123.83999633789062,252.32945251464844,99.25314331054688,13.40999984741211
2019-03-14,122.41000366210938,252.16798400878906,98.53620147705078,13.5
2019-03-15,122.97000122070312,253.41390991210938,99.18794250488281,12.880000114440918
2019-03-18,123.04000091552734,254.3326873779297,99.13090515136719,13.100000381469727
2019-03-19,123.37999725341797,254.39573669433594,98.91094970703125,13.5600004196167
2019-03-20,124.18000030517578,253.63009643554688,99.94558715820312,13.90999984741211
2019-03-21,123.68000030517578,256.4947204589844,100.16554260253906,13.630000114440918
2019-03-22,123.97000122070312,251.55819702148438,101.72164916992188,16.479999542236328
2019-03-25,124.91999816894531,251.36900329589844,101.88456726074219,16.329999923706055
2019-03-26,124.30000305175781,253.24278259277344,101.81124114990234,14.680000305175781
2019-03-27,123.6500015258789,251.9185028076172,102.74812316894531,15.149999618530273
2019-03-28,121.9000015258789,252.8733367919922,103.1065673828125,14.430000305175781
2019-03-29,122.01000213623047,254.46780395507812,103.0088119506836,13.710000038146973
2019-04-01,121.52999877929688,257.485595703125,101.5456771850586,13.399999618530273
2019-04-02,121.9800033569336,257.6117248535156,101.73348236083984,13.359999656677246
2019-04-03,121.80000305175781,258.0171813964844,100.85169982910156,13.739999771118164
2019-04-04,122.11000061035156,258.7018127441406,101.137451171875,13.579999923706055
2019-04-05,121.9800033569336,259.9539794921875,101.26806640625,12.819999694824219
2019-04-08,122.51000213623047,260.15203857421875,100.9088363647461,13.180000305175781
2019-04-09,123.1500015258789,258.81890869140625,101.22724914550781,14.279999732971191
2019-04-10,123.52999877929688,259.7016906738281,101.47216033935547,13.300000190734863
2019-04-11,121.94999694824219,259.629638671875,100.87619018554688,13.020000457763672
2019-04-12,121.83000183105469,261.38623046875,100.15767669677734,12.010000228881836
2019-04-15,121.5999984741211,261.2151184082031,100.41077423095703,12.319999694824219
2019-04-16,120.51000213623047,261.38623046875,99.78204345703125,12.180000305175781
2019-04-17,120.27999877929688,260.7466735839844,99.8228988647461,12.600000381469727
2019-04-18,120.37000274658203,261.2601623535156,100.34544372558594,12.09000015258789
2019-04-22,120.37000274658203,261.4853515625,99.86370086669922,12.420000076293945
2019-04-23,120.12000274658203,263.8365783691406,100.07601165771484,12.279999732971191
2019-04-24,120.47000122070312,263.25091552734375,100.89252471923828,13.140000343322754
2019-04-25,120.56999969482422,263.0887756347656,100.74555206298828,13.25
2019-04-26,121.37000274658203,264.3140563964844,101.08844757080078,12.729999542236328
2019-04-29,120.83000183105469,264.7283020019531,100.44340515136719,13.109999656677246
2019-04-30,121.19999694824219,264.8634948730469,100.95780181884766,13.119999885559082
2019-05-01,120.4000015258789,262.8726501464844,101.37427520751953,14.800000190734863
2019-05-02,119.94000244140625,262.30511474609375,100.89151000976562,14.420000076293945
2019-05-03,120.6500015258789,264.8725280761719,101.17790985107422,12.869999885559082
2019-05-06,120.80999755859375,263.7824401855469,101.45608520507812,15.4399995803833
2019-05-07,121.20999908447266,259.37738037109375,102.23339080810547,19.31999969482422
2019-05-08,120.91000366210938,259.01708984375,101.79156494140625,19.399999618530273
2019-05-09,121.19999694824219,258.2333679199219,102.20882415771484,19.100000381469727
2019-05-10,121.43000030517578,259.5305480957031,102.06975555419922,16.040000915527344
2019-05-13,122.66999816894531,253.00848388671875,102.87158203125,20.549999237060547
2019-05-14,122.45999908447266,255.296630859375,102.56883239746094,18.059999465942383
2019-05-15,122.38999938964844,256.7919921875,103.1988296508789,16.440000534057617
2019-05-16,121.51000213623047,259.17022705078125,102.85521697998047,15.289999961853027
2019-05-17,120.6500015258789,257.49462890625,103.08429718017578,15.960000038146973
2019-05-20,120.63999938964844,255.79209899902344,102.87158203125,16.309999465942383
2019-05-21,120.36000061035156,258.0982666015625,102.70794677734375,14.949999809265137
2019-05-22,120.23999786376953,257.3055114746094,103.29701232910156,14.75
2019-05-23,121.16999816894531,254.1615447998047,104.45887756347656,16.920000076293945
2019-05-24,121.30000305175781,254.7381134033203,104.54888153076172,15.850000381469727
2019-05-28,120.83000183105469,252.3688507080078,105.30164337158203,17.5
2019-05-29,120.87000274658203,250.67532348632812,105.62068939208984,17.899999618530273
2019-05-30,121.69000244140625,251.3599090576172,106.52883911132812,17.299999237060547
2019-05-31,123.33000183105469,247.9728240966797,107.86255645751953,18.709999084472656
2019-06-03,125.11000061035156,247.3422393798828,108.58405303955078,18.860000610351562
2019-06-04,125.1500015258789,252.71115112304688,107.3460464477539,16.969999313354492
2019-06-05,125.47000122070312,254.90028381347656,106.7393569946289,16.09000015258789
2019-06-06,125.87999725341797,256.5577697753906,107.0836410522461,15.930000305175781
2019-06-07,126.58999633789062,259.1251220703125,108.0101547241211,16.299999237060547
2019-06-10,125.33000183105469,260.3143005371094,106.99349975585938,15.9399995803833
2019-06-11,125.18000030517578,260.25115966796875,107.05904388427734,15.989999771118164
2019-06-12,125.83000183105469,259.79180908203125,107.14105224609375,15.90999984741211
2019-06-13,126.5999984741211,260.86376953125,107.50997161865234,15.819999694824219
2019-06-14,126.55999755859375,260.5755310058594,107.78057861328125,15.279999732971191
2019-06-17,126.4800033569336,260.67462158203125,107.96913146972656,15.350000381469727
2019-06-18,127.12000274658203,263.40411376953125,108.51024627685547,15.149999618530273
2019-06-19,127.88999938964844,263.9987487792969,108.66606903076172,14.329999923706055
2019-06-20,131.11000061035156,266.5209655761719,108.95295715332031,14.75
2019-06-21,131.97999572753906,266.1335754394531,107.75592041015625,15.399999618530273
2019-06-24,133.94000244140625,265.8077392578125,108.5594482421875,15.260000228881836
2019-06-25,134.1999969482422,263.2007141113281,108.89559936523438,16.280000686645508
2019-06-26,132.97000122070312,262.93817138671875,108.1987075805664,16.209999084472656
2019-06-27,132.83999633789062,263.87054443359375,108.96117401123047,15.819999694824219
2019-06-28,133.1999969482422,265.22833251953125,108.88739013671875,15.079999923706055
2019-07-01,130.6199951171875,267.6362609863281,108.63274383544922,14.0600004196167
2019-07-02,133.41000366210938,268.3332824707031,109.47066497802734,12.930000305175781
2019-07-03,133.6300048828125,270.4786376953125,110.25110626220703,12.569999694824219
2019-07-05,132.13999938964844,270.1708679199219,108.788818359375,13.279999732971191
2019-07-08,131.2899932861328,268.686279296875,108.93669891357422,13.960000038146973
2019-07-09,131.75,269.021240234375,108.8956069946289,14.09000015258789
2019-07-10,133.8300018310547,270.3065490722656,108.29595184326172,13.029999732971191
2019-07-11,132.6999969482422,270.9402770996094,106.8501205444336,12.930000305175781
2019-07-12,133.52999877929688,272.1532287597656,106.97332000732422,12.390000343322754
2019-07-15,133.52999877929688,272.2437744140625,107.58943939208984,12.680000305175781
2019-07-16,132.39999389648438,271.3657531738281,107.2690658569336,12.859999656677246
2019-07-17,134.5800018310547,269.51898193359375,108.42735290527344,13.970000267028809
2019-07-18,136.47999572753906,270.50567626953125,108.43560028076172,13.529999732971191
2019-07-19,134.47000122070312,269.003173828125,108.180908203125,14.449999809265137
2019-07-22,134.4499969482422,269.6639404296875,108.38626098632812,13.529999732971191
2019-07-23,133.69000244140625,271.592041015625,107.79487609863281,12.609999656677246
2019-07-24,134.3699951171875,272.868408203125,108.26304626464844,12.069999694824219
2019-07-25,133.4199981689453,271.5649719238281,107.74555206298828,12.739999771118164
2019-07-26,133.63999938964844,273.3843688964844,108.00016021728516,12.15999984741211
2019-07-29,134.52999877929688,272.8865051269531,108.03302764892578,12.829999923706055
2019-07-30,134.97999572753906,272.2167053222656,108.29595184326172,13.9399995803833
2019-07-31,133.2100067138672,269.2384033203125,109.16667938232422,16.1200008392334
2019-08-01,136.41000366210938,266.8940124511719,111.33477783203125,17.8700008392334
2019-08-02,135.88999938964844,264.8843688964844,112.36363983154297,17.610000610351562
2019-08-05,137.7899932861328,256.9184875488281,114.30623626708984,24.59000015258789
2019-08-06,138.91000366210938,260.52117919921875,115.21987915039062,20.170000076293945
2019-08-07,141.02000427246094,260.67510986328125,115.26106262207031,19.489999771118164
2019-08-08,141.72999572753906,265.7895812988281,115.50798797607422,16.90999984741211
2019-08-09,141.25999450683594,263.97918701171875,115.27754974365234,17.969999313354492
2019-08-12,142.6300048828125,260.7656555175781,117.6810302734375,21.09000015258789
2019-08-13,141.77999877929688,264.8210144042969,117.27769470214844,17.520000457763672
2019-08-14,142.75,256.9908752441406,119.91992950439453,22.100000381469727
2019-08-15,143.6999969482422,257.6698303222656,121.25334167480469,21.18000030517578
2019-08-16,142.77999877929688,261.4716796875,120.28211212158203,18.469999313354492
2019-08-19,141.11000061035156,264.621826171875,118.56177520751953,16.8799991607666
2019-08-20,142.2100067138672,262.5942077636719,119.78819274902344,17.5
2019-08-21,141.75999450683594,264.7304992675781,118.98980712890625,15.800000190734863
2019-08-22,141.39999389648438,264.6490478515625,118.19952392578125,16.68000030517578
2019-08-23,144.1699981689453,257.85089111328125,120.14213562011719,19.8700008392334
2019-08-26,144.19000244140625,260.70233154296875,119.65653228759766,19.31999969482422
2019-08-27,145.57000732421875,259.679443359375,121.50030517578125,20.309999465942383
2019-08-28,145.16000366210938,261.5079650878906,121.65670776367188,19.350000381469727
2019-08-29,144.1199951171875,264.84814453125,121.19571685791016,17.8799991607666
2019-08-30,143.75,264.7304992675781,121.22871398925781,18.979999542236328
2019-09-03,145.75,263.18255615234375,121.38532257080078,19.65999984741211
2019-09-04,146.66000366210938,266.16986083984375,121.56673431396484,17.329999923706055
2019-09-05,143.13999938964844,269.5915222167969,119.36515045166016,16.270000457763672
2019-09-06,141.9199981689453,269.7996520996094,120.21440887451172,15.0
2019-09-09,141.38999938964844,269.9355163574219,118.07876586914062,15.270000457763672
2019-09-10,140.17999267578125,269.8721008300781,116.00917053222656,15.199999809265137
2019-09-11,141.02999877929688,271.7912292480469,115.80293273925781,14.609999656677246
2019-09-12,141.32000732421875,272.732666015625,115.04438018798828,14.220000267028809
2019-09-13,140.14999389648438,272.55157470703125,112.58708953857422,13.739999771118164
2019-09-16,141.32000732421875,271.7096862792969,114.0218734741211,14.670000076293945
2019-09-17,141.60000610351562,272.39764404296875,114.64031219482422,14.4399995803833
2019-09-18,140.7100067138672,272.5606384277344,115.1268539428711,13.949999809265137
2019-09-19,141.27999877929688,272.5425720214844,115.47315216064453,14.050000190734863
2019-09-20,142.9499969482422,271.2548522949219,116.99862670898438,15.319999694824219
2019-09-23,143.75,271.19110107421875,116.97383117675781,14.90999984741211
2019-09-24,144.50999450683594,269.0632019042969,118.38385009765625,17.049999237060547
2019-09-25,141.8300018310547,270.6545715332031,116.65229797363281,15.960000038146973
2019-09-26,141.7899932861328,270.0907287597656,117.4026107788086,16.06999969482422
2019-09-27,141.05999755859375,268.6357421875,117.69125366210938,17.219999313354492
2019-09-30,138.8699951171875,269.881591796875,117.97985076904297,16.239999771118164
2019-10-01,139.6300048828125,266.6714782714844,118.33505249023438,18.559999465942383
2019-10-02,141.25999450683594,261.9607849121094,118.62416076660156,20.559999465942383
2019-10-03,141.89999389648438,264.1069641113281,119.70621490478516,19.1200008392334
2019-10-04,141.89999389648438,267.6808776855469,120.5900650024414,17.040000915527344
2019-10-07,140.69000244140625,266.5259704589844,119.59056091308594,17.860000610351562
2019-10-08,141.9199981689453,262.3882751464844,119.9126968383789,20.280000686645508
2019-10-09,142.0500030517578,264.8799133300781,119.23535919189453,18.639999389648438
2019-10-10,140.80999755859375,266.6714782714844,117.45941162109375,17.56999969482422
2019-10-11,140.02999877929688,269.4359436035156,116.00566864013672,15.579999923706055
2019-10-14,140.58999633789062,269.1358947753906,116.84818267822266,14.569999694824219
2019-10-15,139.61000061035156,271.800537109375,115.43570709228516,13.539999961853027
2019-10-16,140.41000366210938,271.3638916015625,115.57613372802734,13.680000305175781
2019-10-17,140.61000061035156,272.1642150878906,115.29528045654297,13.789999961853027
2019-10-18,140.4600067138672,270.97283935546875,115.29528045654297,14.25
2019-10-21,139.7899932861328,272.8098449707031,114.42796325683594,14.0
2019-10-22,140.1999969482422,271.91864013671875,115.09703063964844,14.460000038146973
2019-10-23,140.52999877929688,272.70989990234375,115.2126693725586,14.010000228881836
2019-10-24,141.52999877929688,273.1554260253906,114.98141479492188,13.710000038146973
2019-10-25,141.86000061035156,274.2740173339844,114.41969299316406,12.649999618530273
2019-10-28,140.63999938964844,275.8199768066406,113.37896728515625,13.109999656677246
2019-10-29,140.25,275.7381286621094,113.45333862304688,13.199999809265137
2019-10-30,141.02000427246094,276.5838928222656,115.11354064941406,12.329999923706055
2019-10-31,142.42999267578125,275.8472595214844,116.66645050048828,13.220000267028809
2019-11-01,142.55999755859375,278.4026184082031,116.3073501586914,12.300000190734863
2019-11-04,142.14999389648438,279.52117919921875,114.77656555175781,12.829999923706055
2019-11-05,139.85000610351562,279.2120361328125,113.4857177734375,13.100000381469727
2019-11-06,140.4499969482422,279.2757263183594,114.17251586914062,12.619999885559082
2019-11-07,138.27000427246094,280.2578430175781,112.10386657714844,12.729999542236328
2019-11-08,137.38999938964844,280.9490051269531,111.63221740722656,12.069999694824219
2019-11-11,137.05999755859375,280.4124755859375,111.7066879272461,12.6899995803833
2019-11-12,137.42999267578125,281.0035705566406,112.21973419189453,12.680000305175781
2019-11-13,137.97999572753906,281.0945129394531,112.94788360595703,13.0
2019-11-14,138.55999755859375,281.50372314453125,114.11460876464844,13.050000190734863
2019-11-15,138.2100067138672,283.5406799316406,113.990478515625,12.050000190734863
2019-11-18,138.6199951171875,283.7499084472656,114.19731140136719,12.460000038146973
2019-11-19,138.69000244140625,283.6679992675781,115.14892578125,12.859999656677246
2019-11-20,138.75999450683594,282.61322021484375,116.3404769897461,12.779999732971191
2019-11-21,138.0,282.1585388183594,115.61235046386719,13.130000114440918
2019-11-22,137.74000549316406,282.78594970703125,115.7612533569336,12.34000015258789
2019-11-25,137.0800018310547,284.97760009765625,116.10050964355469,11.869999885559082
2019-11-26,137.74000549316406,285.62322998046875,116.77898406982422,11.539999961853027
2019-11-27,137.00999450683594,286.8964538574219,116.43974304199219,11.75
2019-11-29,137.86000061035156,285.8324279785156,116.19149017333984,12.619999885559082
2019-12-02,137.7899932861328,283.40435791015625,114.64236450195312,14.90999984741211
2019-12-03,139.11000061035156,281.50372314453125,117.04608917236328,15.960000038146973
2019-12-04,138.9199981689453,283.2406311035156,115.87736511230469,14.800000190734863
2019-12-05,139.0,283.7499084472656,115.3137435913086,14.520000457763672
2019-12-06,137.6199951171875,286.3416442871094,114.6755142211914,13.619999885559082
2019-12-09,137.5800018310547,285.44140625,114.9242172241211,15.859999656677246
2019-12-10,137.97000122070312,285.1230773925781,114.93244171142578,15.680000305175781
2019-12-11,138.9199981689453,285.93255615234375,115.8359146118164,14.989999771118164
2019-12-12,138.42999267578125,288.3970031738281,113.92951965332031,13.9399995803833
2019-12-13,139.0500030517578,288.56964111328125,115.24742126464844,12.630000114440918
2019-12-16,139.0399932861328,290.5520935058594,114.21127319335938,12.140000343322754
2019-12-17,139.00999450683594,290.6158142089844,114.05380249023438,12.289999961853027
2019-12-18,139.02000427246094,290.634033203125,113.11725616455078,12.579999923706055
2019-12-19,139.3800048828125,291.825439453125,113.29820251464844,12.5
2019-12-20,139.52000427246094,293.1048583984375,113.4476089477539,12.510000228881836
2019-12-23,139.9499969482422,293.5525817871094,113.28156280517578,12.609999656677246
2019-12-24,141.27000427246094,293.56170654296875,113.60535430908203,12.670000076293945
2019-12-26,142.3800048828125,295.1244201660156,113.87930297851562,12.649999618530273
2019-12-27,142.3300018310547,295.0513000488281,114.00382232666016,13.430000305175781
2019-12-30,142.6300048828125,293.4246520996094,113.58879852294922,14.819999694824219
2019-12-31,142.89999389648438,294.1374816894531,112.47632598876953,13.779999732971191
2020-01-02,143.9499969482422,296.8881530761719,113.74649047851562,12.470000267028809
2020-01-03,145.86000061035156,294.64007568359375,115.49824523925781,14.020000457763672
2020-01-06,147.38999938964844,295.7641296386719,114.84239196777344,13.850000381469727
2020-01-07,147.97000122070312,294.9324951171875,114.2778091430664,13.789999961853027
2020-01-08,146.86000061035156,296.50433349609375,113.52233123779297,13.449999809265137
2020-01-09,146.02999877929688,298.5148010253906,113.92081451416016,12.539999961853027
2020-01-10,146.91000366210938,297.65582275390625,114.93370056152344,12.5600004196167
2020-01-13,145.82000732421875,299.7029113769531,114.58497619628906,12.319999694824219
2020-01-14,145.69000244140625,299.2459716796875,115.17447662353516,12.390000343322754
2020-01-15,146.5399932861328,299.9222106933594,115.938232421875,12.420000076293945
2020-01-16,146.30999755859375,302.4169921875,115.57296752929688,12.319999694824219
2020-01-17,146.5800018310547,303.3583679199219,114.58497619628906,12.100000381469727
2020-01-21,146.74000549316406,302.76434326171875,115.78878021240234,12.850000381469727
2020-01-22,146.7899932861328,302.8008117675781,116.19560241699219,12.90999984741211
2020-01-23,147.1199951171875,303.1482238769531,117.00920867919922,12.979999542236328
2020-01-24,147.97999572753906,300.4522705078125,117.95568084716797,14.5600004196167
2020-01-27,148.99000549316406,295.63616943359375,119.79034423828125,18.229999542236328
2020-01-28,147.66000366210938,298.7341613769531,118.85227966308594,16.280000686645508
2020-01-29,148.4600067138672,298.4875183105469,120.01456451416016,16.389999389648438
2020-01-30,148.47000122070312,299.4561462402344,120.03117370605469,15.489999771118164
2020-01-31,149.3300018310547,294.0186767578125,121.12699127197266,18.84000015258789
2020-02-03,148.36000061035156,296.2028503417969,121.02889251708984,17.969999313354492
2020-02-04,146.42999267578125,300.7172546386719,119.39894104003906,16.049999237060547
2020-02-05,146.61000061035156,304.18994140625,118.0934066772461,15.149999618530273
2020-02-06,147.39999389648438,305.2135009765625,118.62566375732422,14.960000038146973
2020-02-07,147.7899932861328,303.5867919921875,120.1058120727539,15.470000267028809
2020-02-10,148.1699981689453,305.8532409667969,120.43839263916016,15.039999961853027
2020-02-11,147.66000366210938,306.3832092285156,119.83143615722656,15.180000305175781
2020-02-12,147.5399932861328,308.3572692871094,119.22431945800781,13.739999771118164
2020-02-13,148.3800048828125,308.02813720703125,119.68171691894531,14.149999618530273
2020-02-14,149.0,308.521728515625,120.20562744140625,13.680000305175781
2020-02-18,150.91000366210938,307.7266540527344,121.02889251708984,14.829999923706055
2020-02-19,151.7899932861328,309.1980285644531,121.0206298828125,14.380000114440918
2020-02-20,152.41000366210938,307.9277038574219,121.96858215332031,15.5600004196167
2020-02-21,154.6999969482422,304.756591796875,123.10779571533203,17.079999923706055
2020-02-24,156.08999633789062,294.6492919921875,124.94564819335938,25.030000686645508
2020-02-25,153.3000030517578,285.7206726074219,125.6109390258789,27.850000381469727
2020-02-26,153.97000122070312,284.6697692871094,124.94564819335938,27.559999465942383
2020-02-27,154.0,271.884765625,126.30115509033203,39.15999984741211
2020-02-28,148.3800048828125,270.74237060546875,129.15345764160156,40.11000061035156
2020-03-02,149.1999969482422,282.4674072265625,128.20326232910156,33.41999816894531
2020-03-03,153.88999938964844,274.379638671875,130.19369506835938,36.81999969482422
2020-03-04,154.16000366210938,285.9126892089844,128.8111572265625,31.989999771118164
2020-03-05,157.49000549316406,276.40838623046875,132.017578125,39.619998931884766
2020-03-06,157.5500030517578,271.83905029296875,138.88818359375,41.939998626708984
2020-03-09,157.80999755859375,250.6099090576172,142.6525115966797,54.459999084472656
2020-03-10,154.47999572753906,263.5777587890625,135.34043884277344,47.29999923706055
2020-03-11,153.92999267578125,250.7287139892578,130.36026000976562,53.900001525878906
2020-03-12,147.7899932861328,226.73971557617188,131.1680908203125,75.47000122070312
2020-03-13,143.27999877929688,246.12281799316406,128.20326232910156,57.83000183105469
2020-03-16,141.63999938964844,219.19117736816406,136.5064239501953,82.69000244140625
2020-03-17,143.55999755859375,231.02577209472656,127.40373992919922,75.91000366210938
2020-03-18,140.6999969482422,219.3282470703125,120.21656799316406,76.44999694824219
2020-03-19,138.0399932861328,219.79429626464844,123.48956298828125,72.0
2020-03-20,140.11000061035156,210.32241821289062,132.77532958984375,66.04000091552734
2020-03-23,146.3000030517578,204.94488525390625,138.24697875976562,61.59000015258789
2020-03-24,153.39999389648438,223.51351928710938,135.673583984375,61.66999816894531
2020-03-25,151.3000030517578,226.85960388183594,135.36544799804688,63.95000076293945
2020-03-26,153.24000549316406,240.1058807373047,136.03163146972656,61.0
2020-03-27,152.25,232.95419311523438,139.6627655029297,65.54000091552734
2020-03-30,152.9199981689453,240.51953125,138.5135040283203,57.08000183105469
2020-03-31,148.0500030517578,236.93447875976562,137.38926696777344,53.540000915527344
2020-04-01,149.4499969482422,226.27125549316406,139.31411743164062,57.060001373291016
2020-04-02,151.89999389648438,231.49256896972656,140.1981201171875,50.90999984741211
2020-04-03,152.64999389648438,228.1465301513672,140.5317840576172,46.79999923706055
2020-04-06,156.8800048828125,243.47027587890625,140.16481018066406,45.2400016784668
2020-04-07,156.0399932861328,243.7184600830078,138.69692993164062,46.70000076293945
2020-04-08,154.64999389648438,251.8997344970703,137.68775939941406,43.349998474121094
2020-04-09,158.69000244140625,255.73292541503906,137.93789672851562,41.66999816894531
2020-04-13,161.41000366210938,253.39808654785156,136.67861938476562,41.16999816894531
2020-04-14,162.67999267578125,260.8716125488281,136.6452178955078,37.7599983215332
2020-04-15,161.85000610351562,255.32850646972656,140.26487731933594,40.84000015258789
2020-04-16,161.7100067138672,256.5602722167969,141.8577880859375,40.11000061035156
2020-04-17,158.57000732421875,263.4913635253906,139.956298828125,38.150001525878906
2020-04-20,159.6999969482422,258.8492126464844,141.08221435546875,43.83000183105469
2020-04-21,158.61000061035156,250.9896697998047,142.85861206054688,45.40999984741211
2020-04-22,161.72999572753906,256.5602722167969,141.39920043945312,41.97999954223633
2020-04-23,163.33999633789062,256.5418395996094,142.14976501464844,41.380001068115234
2020-04-24,162.63999938964844,260.1177978515625,142.4833221435547,35.93000030517578
2020-04-27,161.55999755859375,263.8682556152344,139.83120727539062,33.290000915527344
2020-04-28,160.83999633789062,262.6549072265625,141.44088745117188,33.56999969482422
2020-04-29,161.72999572753906,269.53076171875,140.7069091796875,31.229999542236328
2020-04-30,158.8000030517578,267.021240234375,139.0638885498047,34.150001525878906
2020-05-01,159.77999877929688,259.95233154296875,140.25469970703125,37.189998626708984
2020-05-04,160.33999633789062,260.6693420410156,139.59495544433594,35.970001220703125
2020-05-05,161.02000427246094,263.0777282714844,138.701416015625,33.61000061035156
2020-05-06,158.9499969482422,261.2942810058594,136.46337890625,34.119998931884766
2020-05-07,161.38999938964844,264.44732666015625,138.74319458007812,31.440000534057617
2020-05-08,160.4199981689453,268.8229675292969,136.9394073486328,27.979999542236328
2020-05-11,159.4199981689453,268.8780517578125,135.8704376220703,27.56999969482422
2020-05-12,160.0399932861328,263.5189514160156,137.26507568359375,33.040000915527344
2020-05-13,161.5800018310547,258.85833740234375,138.22547912597656,35.279998779296875
2020-05-14,163.00999450683594,261.9562072753906,139.5782928466797,32.61000061035156
2020-05-15,163.92999267578125,263.1603698730469,139.2192840576172,31.889999389648438
2020-05-18,162.69000244140625,271.17626953125,136.1627655029297,29.299999237060547
2020-05-19,164.25999450683594,268.39093017578125,136.6721649169922,30.530000686645508
2020-05-20,164.64999389648438,272.9504089355469,137.08132934570312,27.989999771118164
2020-05-21,162.25,271.0659484863281,137.4237518310547,29.530000686645508
2020-05-22,163.2100067138672,271.5806884765625,138.25051879882812,28.15999984741211
2020-05-26,160.88999938964844,274.9267272949219,136.39654541015625,28.010000228881836
2020-05-27,161.17999267578125,279.0173645019531,136.14601135253906,27.6200008392334
2020-05-28,161.72000122070312,278.5025634765625,135.64505004882812,28.59000015258789
2020-05-29,162.91000366210938,279.7435607910156,136.61366271972656,27.510000228881836
2020-06-01,163.66000366210938,280.8742370605469,135.69393920898438,28.229999542236328
2020-06-02,162.60000610351562,283.199951171875,135.20054626464844,26.84000015258789
2020-06-03,159.60000610351562,286.9687805175781,133.40280151367188,25.65999984741211
2020-06-04,161.27999877929688,286.21502685546875,131.47120666503906,25.809999465942383
2020-06-05,158.00999450683594,293.5506286621094,130.53477478027344,24.520000457763672
2020-06-08,159.72000122070312,297.09881591796875,131.0364227294922,25.809999465942383
2020-06-09,161.25999450683594,294.883544921875,132.5247802734375,27.56999969482422
2020-06-10,163.57000732421875,293.2380676269531,134.48983764648438,27.56999969482422
2020-06-11,162.38999938964844,276.3331604003906,137.03176879882812,40.790000915527344
2020-06-12,162.6199951171875,279.6424560546875,135.7106170654297,36.09000015258789
2020-06-15,162.3300018310547,282.2530517578125,135.7858428955078,34.400001525878906
2020-06-16,162.25,287.685791015625,133.7038116455078,33.66999816894531
2020-06-17,162.55999755859375,286.4908142089844,134.25572204589844,33.470001220703125
2020-06-18,162.24000549316406,286.6011657714844,135.67721557617188,32.939998626708984
2020-06-19,164.02999877929688,284.96319580078125,135.7858428955078,35.119998931884766
2020-06-22,165.08999633789062,286.791259765625,135.8025665283203,31.770000457763672
2020-06-23,166.47999572753906,288.1115417480469,134.87451171875,31.3700008392334
2020-06-24,165.89999389648438,280.7622375488281,136.32101440429688,33.84000015258789
2020-06-25,165.8000030517578,283.7721862792969,136.7140350341797,32.220001220703125
2020-06-26,166.5399932861328,277.0321044921875,138.17730712890625,34.72999954223633
2020-06-29,166.6300048828125,281.10382080078125,137.74252319335938,31.780000686645508
2020-06-30,167.3699951171875,284.7046203613281,137.0735626220703,30.43000030517578
2020-07-01,166.6199951171875,286.6990051269531,136.80740356445312,28.6200008392334
2020-07-02,166.97999572753906,288.2778625488281,136.9496612548828,27.68000030517578
2020-07-06,167.97999572753906,292.72802734375,136.3887481689453,27.940000534057617
2020-07-07,169.0399932861328,289.70880126953125,138.3059539794922,29.43000030517578
2020-07-08,170.08999633789062,291.9248352050781,137.75338745117188,28.079999923706055
2020-07-09,169.6300048828125,290.26287841796875,139.94668579101562,29.260000228881836
2020-07-10,169.19000244140625,293.2266540527344,139.24346923828125,27.290000915527344
2020-07-13,169.39999389648438,290.68756103515625,139.70396423339844,32.189998626708984
2020-07-14,170.19000244140625,294.4546203613281,139.90484619140625,29.520000457763672
2020-07-15,170.33999633789062,297.1598205566406,139.2518768310547,27.760000228881836
2020-07-16,168.72999572753906,296.1811828613281,139.9132080078125,28.0
2020-07-17,170.1199951171875,297.0397644042969,139.62020874023438,25.68000030517578
2020-07-20,170.94000244140625,299.44036865234375,139.9634552001953,24.459999084472656
2020-07-21,173.0,300.07745361328125,140.04710388183594,24.84000015258789
2020-07-22,175.6300048828125,301.7854919433594,140.46575927734375,24.31999969482422
2020-07-23,177.17999267578125,298.18463134765625,142.10658264160156,26.079999923706055
2020-07-24,178.6999969482422,296.2643127441406,142.09820556640625,25.84000015258789
2020-07-27,182.22999572753906,298.4247131347656,141.57073974609375,24.739999771118164
2020-07-28,183.75,296.531982421875,142.55029296875,25.440000534057617
2020-07-29,185.1300048828125,300.1789855957031,142.30746459960938,24.100000381469727
2020-07-30,183.75999450683594,299.1079406738281,143.24505615234375,24.760000228881836
2020-07-31,185.42999267578125,301.4715270996094,143.15301513671875,24.459999084472656
2020-08-03,185.63999938964844,303.5674743652344,142.4322052001953,24.280000686645508
2020-08-04,189.58999633789062,304.7399597167969,143.7899169921875,23.760000228881836
2020-08-05,191.35000610351562,306.63262939453125,142.5328369140625,22.989999771118164
2020-08-06,193.88999938964844,308.682373046875,143.3290252685547,22.649999618530273
2020-08-07,190.80999755859375,308.904052734375,142.3735809326172,22.209999084472656
2020-08-10,190.14999389648438,309.82733154296875,141.73667907714844,22.1299991607666
2020-08-11,179.94000244140625,307.26983642578125,140.05209350585938,24.030000686645508
2020-08-12,179.10000610351562,311.55389404296875,138.77822875976562,22.280000686645508
2020-08-13,183.3300018310547,310.9906005859375,137.29476928710938,22.1299991607666
2020-08-14,182.5399932861328,310.9998474121094,136.75840759277344,22.049999237060547
2020-08-17,186.5,311.98785400390625,137.10202026367188,21.350000381469727
2020-08-18,188.17999267578125,312.6617736816406,138.08258056640625,21.510000228881836
2020-08-19,182.24000549316406,311.35992431640625,137.2194061279297,22.540000915527344
2020-08-20,183.5,312.3293762207031,138.45973205566406,22.719999313354492
2020-08-21,182.02999877929688,313.4373474121094,139.28941345214844,22.540000915527344
2020-08-24,181.0,316.6134338378906,139.0630645751953,22.3700008392334
2020-08-25,181.22000122070312,317.7213134765625,137.99874877929688,22.030000686645508
2020-08-26,183.36000061035156,320.90679931640625,137.4707794189453,23.270000457763672
2020-08-27,181.24000549316406,321.60845947265625,135.13250732421875,24.469999313354492
2020-08-28,184.38999938964844,323.6858215332031,135.03196716308594,22.959999084472656
2020-08-31,184.8300018310547,322.51324462890625,135.92869567871094,26.40999984741211
2020-09-01,185.0500030517578,325.55096435546875,137.48341369628906,26.1200008392334
2020-09-02,182.6199951171875,330.25958251953125,138.79229736328125,26.56999969482422
2020-09-03,181.13999938964844,318.89404296875,139.1866912841797,33.599998474121094
2020-09-04,181.63999938964844,316.290283203125,136.5436553955078,30.75
2020-09-08,181.2899932861328,307.64837646484375,137.3827667236328,31.459999084472656
2020-09-09,183.0500030517578,313.7235412597656,137.01358032226562,28.809999465942383
2020-09-10,182.4600067138672,308.2762145996094,137.70993041992188,29.709999084472656
2020-09-11,182.4499969482422,308.4332275390625,138.00360107421875,26.8700008392334
2020-09-14,183.88999938964844,312.49560546875,137.99525451660156,25.850000381469727
2020-09-15,183.4499969482422,314.0744323730469,137.65968322753906,25.59000015258789
2020-09-16,183.97000122070312,312.8279113769531,137.24851989746094,26.040000915527344
2020-09-17,182.9600067138672,310.0766296386719,137.66802978515625,26.459999084472656
2020-09-18,183.1999969482422,306.50677490234375,137.24009704589844,25.829999923706055
2020-09-21,179.52000427246094,303.09552001953125,137.93649291992188,27.780000686645508
2020-09-22,178.64999389648438,306.1822814941406,137.8274688720703,26.860000610351562
2020-09-23,174.7899932861328,299.0816345214844,138.0120391845703,28.579999923706055
2020-09-24,175.44000244140625,299.87884521484375,138.5406036376953,28.510000228881836
2020-09-25,174.94000244140625,304.7269287109375,138.5406036376953,26.3799991607666
2020-09-28,176.6999969482422,309.7882995605469,138.146240234375,26.190000534057617
2020-09-29,178.19000244140625,308.1011657714844,138.30575561523438,26.270000457763672
2020-09-30,177.1199951171875,310.4371643066406,136.98001098632812,26.3700008392334
2020-10-01,178.6999969482422,312.43023681640625,137.20599365234375,26.700000762939453
2020-10-02,178.5399932861328,309.4638977050781,136.69357299804688,27.6299991607666
2020-10-05,179.41000366210938,314.95147705078125,134.02276611328125,27.959999084472656
2020-10-06,177.3000030517578,310.4742126464844,134.7450408935547,29.479999542236328
2020-10-07,177.22000122070312,315.87847900390625,133.76235961914062,28.059999465942383
2020-10-08,177.85000610351562,318.6780700683594,134.48468017578125,26.360000610351562
2020-10-09,181.0800018310547,321.52392578125,134.45944213867188,25.0
2020-10-12,180.55999755859375,326.6964416503906,134.88783264160156,25.06999969482422
2020-10-13,177.72000122070312,324.5644836425781,135.8537139892578,26.06999969482422
2020-10-14,178.27000427246094,322.5250244140625,136.1644287109375,26.399999618530273
2020-10-15,178.9199981689453,322.1264953613281,135.92929077148438,26.969999313354492
2020-10-16,178.3000030517578,321.93182373046875,135.5513153076172,27.40999984741211
2020-10-19,178.38999938964844,317.0372619628906,135.0389862060547,29.18000030517578
2020-10-20,179.25,318.3072814941406,133.75392150878906,29.350000381469727
2020-10-21,180.60000610351562,317.7047119140625,133.29205322265625,28.649999618530273
2020-10-22,178.8300018310547,319.4474182128906,131.9061737060547,28.110000610351562
2020-10-23,178.63999938964844,320.531982421875,132.71250915527344,27.549999237060547
2020-10-26,178.5500030517578,314.6086730957031,133.94712829589844,32.459999084472656
2020-10-27,179.02000427246094,313.5240478515625,134.8458251953125,33.349998474121094
2020-10-28,176.1300048828125,302.80810546875,134.97181701660156,40.279998779296875
2020-10-29,175.39999389648438,305.8857116699219,133.66159057617188,37.59000015258789
2020-10-30,176.1999969482422,302.6968688964844,132.3429718017578,38.02000045776367
2020-11-02,177.91000366210938,306.0897521972656,133.33425903320312,37.130001068115234
2020-11-03,178.9199981689453,311.4939880371094,132.56069946289062,35.54999923706055
2020-11-04,178.82000732421875,318.4555969238281,135.43626403808594,29.56999969482422
2020-11-05,182.92999267578125,324.66644287109375,135.6716766357422,27.579999923706055
2020-11-06,183.19000244140625,324.59222412109375,134.0321807861328,24.860000610351562
2020-11-09,175.0800018310547,328.6709289550781,131.21543884277344,25.75
2020-11-10,175.66000366210938,328.18890380859375,130.45872497558594,24.799999237060547
2020-11-11,174.89999389648438,330.6268310546875,130.9295654296875,23.450000762939453
2020-11-12,175.9600067138672,327.41943359375,133.15769958496094,25.350000381469727
2020-11-13,177.16000366210938,331.95245361328125,132.98109436035156,23.100000381469727
2020-11-16,177.14999389648438,336.09613037109375,132.66163635253906,22.450000762939453
2020-11-17,176.5,334.2884826660156,133.52764892578125,22.709999084472656
2020-11-18,175.49000549316406,330.2653503417969,133.91439819335938,23.84000015258789
2020-11-19,175.16000366210938,331.6558532714844,134.6038360595703,23.110000610351562
2020-11-20,175.69000244140625,329.3846740722656,135.79776000976562,23.700000762939453
2020-11-23,172.22999572753906,331.3591003417969,135.17556762695312,22.65999984741211
2020-11-24,169.58999633789062,336.6985778808594,133.83033752441406,21.639999389648438
2020-11-25,169.50999450683594,336.17950439453125,133.4182891845703,21.25
2020-11-27,167.7899932861328,337.11578369140625,134.71315002441406,20.84000015258789
2020-11-30,166.6699981689453,335.6232604980469,134.54501342773438,20.56999969482422
2020-12-01,170.17999267578125,339.29412841796875,132.5611572265625,20.770000457763672
2020-12-02,171.4600067138672,340.0079345703125,131.5092010498047,21.170000076293945
2020-12-03,172.80999755859375,339.9151916503906,132.56968688964844,21.280000686645508
2020-12-04,172.32000732421875,342.8445129394531,130.6253662109375,20.790000915527344
2020-12-07,174.88999938964844,342.139892578125,131.80369567871094,21.299999237060547
2020-12-08,175.5,343.14111328125,132.4265899658203,20.68000030517578
2020-12-09,172.5,340.0635681152344,131.98890686035156,22.270000457763672
2020-12-10,172.1699981689453,339.9523010253906,133.15879821777344,22.520000457763672
2020-12-11,172.49000549316406,339.5537109375,133.6300811767578,23.309999465942383
2020-12-14,171.5399932861328,338.03338623046875,133.25978088378906,24.719999313354492
2020-12-15,173.94000244140625,342.60345458984375,132.81369018554688,22.889999389648438
2020-12-16,174.89999389648438,343.14111328125,132.46018981933594,22.5
2020-12-17,176.74000549316406,345.0599670410156,132.10968017578125,21.93000030517578
2020-12-18,176.44000244140625,343.68218994140625,131.71376037597656,21.56999969482422
2020-12-21,175.8800048828125,342.453369140625,132.2360382080078,25.15999984741211
2020-12-22,174.49000549316406,341.87615966796875,132.91851806640625,24.229999542236328
2020-12-23,175.64999389648438,342.1834411621094,132.0001983642578,23.309999465942383
2020-12-24,176.35000610351562,343.5146789550781,132.52255249023438,21.530000686645508
2020-12-28,175.7100067138672,346.4657287597656,132.5815887451172,21.700000762939453
2020-12-29,176.35000610351562,345.8047180175781,132.4130401611328,23.079999923706055
2020-12-30,177.6999969482422,346.298095703125,132.69944763183594,22.770000457763672
2020-12-31,178.36000061035156,348.0576477050781,132.89324951171875,22.75
2021-01-04,182.3300018310547,343.3192138671875,132.73321533203125,26.969999313354492
2021-01-05,182.8699951171875,345.68365478515625,131.7473907470703,25.34000015258789
2021-01-06,179.89999389648438,347.7503662109375,129.04287719726562,25.06999969482422
2021-01-07,179.47999572753906,352.9171447753906,127.90545654296875,22.3700008392334
2021-01-08,173.33999633789062,354.9278259277344,127.49263000488281,21.559999465942383
2021-01-11,173.0,352.5353698730469,127.28199768066406,24.079999923706055
2021-01-12,174.1199951171875,352.60980224609375,127.18087005615234,23.329999923706055
2021-01-13,173.3699951171875,353.5594787597656,128.61317443847656,22.209999084472656
2021-01-14,173.27999877929688,352.3211975097656,127.40839385986328,23.25
2021-01-15,171.1300048828125,349.7518615722656,127.91385650634766,24.34000015258789
2021-01-19,172.5800018310547,352.49810791015625,128.32679748535156,23.239999771118164
2021-01-20,175.38999938964844,357.37615966796875,128.453125,21.579999923706055
2021-01-21,175.27999877929688,357.7020263671875,127.55152893066406,21.31999969482422
2021-01-22,173.89999389648438,356.4360046386719,127.96443176269531,21.90999984741211
2021-01-25,174.0500030517578,357.84173583984375,129.47254943847656,23.190000534057617
2021-01-26,173.6199951171875,357.2830810546875,129.22824096679688,23.020000457763672
2021-01-27,172.52000427246094,348.5509948730469,129.5568084716797,37.209999084472656
2021-01-28,172.67999267578125,351.5486145019531,128.8406524658203,30.209999084472656
2021-01-29,172.61000061035156,344.51068115234375,128.06558227539062,33.09000015258789
2021-02-01,174.22999572753906,350.2452697753906,128.2139892578125,30.239999771118164
2021-02-02,172.11000061035156,355.1979064941406,127.3873519897461,25.559999465942383
2021-02-03,171.85000610351562,355.47711181640625,126.25704193115234,22.90999984741211
2021-02-04,168.14999389648438,359.5173645019531,125.91963195800781,21.770000457763672
2021-02-05,169.80999755859375,360.9324035644531,124.86527252197266,20.8700008392334
2021-02-08,171.52000427246094,363.5390319824219,125.41352081298828,21.239999771118164
2021-02-09,172.0800018310547,363.29693603515625,125.5062484741211,21.6299991607666
2021-02-10,172.7100067138672,363.1386413574219,126.3414077758789,21.989999771118164
2021-02-11,171.2100067138672,363.7252502441406,125.6497573852539,21.25
2021-02-12,170.69000244140625,365.52197265625,124.08917999267578,19.969999313354492
2021-02-16,168.24000549316406,365.20538330078125,122.19974517822266,21.459999084472656
2021-02-17,166.3300018310547,365.2891845703125,122.97575378417969,21.5
2021-02-18,166.32000732421875,363.7345886230469,122.47808074951172,22.489999771118164
2021-02-19,167.00999450683594,363.0921325683594,120.85017395019531,22.049999237060547
2021-02-22,169.50999450683594,360.29931640625,119.93067932128906,23.450000762939453
2021-02-23,169.1199951171875,360.7369079589844,119.58486938476562,23.110000610351562
2021-02-24,169.0,364.7119140625,118.80037689208984,21.34000015258789
2021-02-25,165.82000732421875,355.9239501953125,116.86029052734375,28.889999389648438
2021-02-26,161.80999755859375,354.0899963378906,120.72364807128906,27.950000762939453
2021-03-01,161.52999877929688,362.6732177734375,119.12911224365234,23.350000381469727
2021-03-02,162.41000366210938,359.84326171875,119.1375961303711,24.100000381469727
2021-03-03,160.6199951171875,355.07684326171875,117.845458984375,26.670000076293945
2021-03-04,159.0399932861328,350.68280029296875,117.0853500366211,28.56999969482422
2021-03-05,159.13999938964844,357.13421630859375,117.31343841552734,24.65999984741211
2021-03-08,157.49000549316406,355.3561096191406,116.40129852294922,25.469999313354492
2021-03-09,160.83999633789062,360.4296569824219,118.01431274414062,24.030000686645508
2021-03-10,161.66000366210938,362.6732177734375,118.25083923339844,22.559999465942383
2021-03-11,161.52000427246094,366.3504333496094,117.39786529541016,21.90999984741211
2021-03-12,161.49000549316406,366.8438415527344,114.90644073486328,20.690000534057617
2021-03-15,162.1999969482422,369.03155517578125,115.58208465576172,20.030000686645508
2021-03-16,162.35000610351562,368.5660095214844,115.11763763427734,19.790000915527344
2021-03-17,163.50999450683594,369.8228454589844,114.25619506835938,19.229999542236328
2021-03-18,162.55999755859375,364.4420471191406,113.09920501708984,21.579999923706055
2021-03-19,163.24000549316406,363.7676696777344,113.8001708984375,20.950000762939453
2021-03-22,163.0,366.6723937988281,115.07538604736328,18.8799991607666
2021-03-23,161.80999755859375,363.7864074707031,116.1141586303711,20.299999237060547
2021-03-24,162.3699951171875,361.9371337890625,116.73912811279297,21.200000762939453
2021-03-25,161.77999877929688,363.97308349609375,115.81859588623047,19.809999465942383
2021-03-26,162.24000549316406,369.8385925292969,115.41316223144531,18.860000610351562
2021-03-29,160.30999755859375,369.6517639160156,114.43353271484375,20.739999771118164
2021-03-30,157.57000732421875,368.6711120605469,115.0331802368164,19.610000610351562
2021-03-31,159.9600067138672,370.1655578613281,114.39129638671875,19.399999618530273
2021-04-01,161.97999572753906,374.1629333496094,116.28984832763672,17.329999923706055
2021-04-05,161.9199981689453,379.53326416015625,115.78250885009766,17.90999984741211
2021-04-06,163.22000122070312,379.30914306640625,116.5689926147461,18.1200008392334
2021-04-07,162.75999450683594,379.74810791015625,115.75712585449219,17.15999984741211
2021-04-08,164.50999450683594,381.5508117675781,116.7127685546875,16.950000762939453
2021-04-09,163.27000427246094,384.3246765136719,116.28984832763672,16.690000534057617
2021-04-12,162.27999877929688,384.4647521972656,116.23912048339844,16.90999984741211
2021-04-13,163.42999267578125,385.604248046875,117.1102066040039,16.649999618530273
2021-04-14,162.72000122070312,384.2872619628906,116.73812866210938,16.989999771118164
2021-04-15,165.35000610351562,388.41546630859375,118.69165802001953,16.56999969482422
2021-04-16,166.35000610351562,389.7137756347656,117.76982116699219,16.25
2021-04-19,165.88999938964844,387.7991638183594,117.43151092529297,17.290000915527344
2021-04-20,166.47999572753906,384.95977783203125,117.97281646728516,18.68000030517578
2021-04-21,168.1300048828125,388.602294921875,118.20954895019531,17.5
2021-04-22,167.0399932861328,385.05316162109375,118.72543334960938,18.709999084472656
2021-04-23,166.39999389648438,389.2280578613281,118.4463882446289,17.329999923706055
2021-04-26,166.83999633789062,390.0406188964844,118.27719116210938,17.639999389648438
2021-04-27,166.4199981689453,389.9565734863281,117.24549102783203,17.559999465942383
2021-04-28,166.91000366210938,389.844482421875,117.32161712646484,17.280000686645508
2021-04-29,166.22000122070312,392.3288879394531,116.97484588623047,17.610000610351562
2021-04-30,165.66000366210938,389.7511291503906,117.24549102783203,18.610000610351562
2021-05-03,167.80999755859375,390.5916748046875,117.31580352783203,18.309999465942383
2021-05-04,166.5800018310547,388.1819763183594,118.1119384765625,19.479999542236328
2021-05-05,167.27000427246094,388.3033752441406,118.30673217773438,19.149999618530273
2021-05-06,170.05999755859375,391.40423583984375,118.50151062011719,18.389999389648438
2021-05-07,171.58999633789062,394.25286865234375,117.91718292236328,16.690000534057617
2021-05-10,172.11000061035156,390.3488464355469,116.72293090820312,19.65999984741211
2021-05-11,172.13999938964844,386.8650817871094,116.06233978271484,21.84000015258789
2021-05-12,170.42999267578125,378.64605712890625,114.84278106689453,27.59000015258789
2021-05-13,171.1300048828125,383.194580078125,115.02066040039062,23.1299991607666
2021-05-14,172.69000244140625,389.0786437988281,116.09624481201172,18.809999465942383
2021-05-17,174.6999969482422,388.0886535644531,115.85061645507812,19.719999313354492
2021-05-18,175.0399932861328,384.7449951171875,115.55418395996094,21.34000015258789
2021-05-19,175.16000366210938,383.7362060546875,115.27474212646484,22.18000030517578
2021-05-20,175.9600067138672,387.8644714355469,116.22323608398438,20.670000076293945
2021-05-21,176.0399932861328,387.5468444824219,116.59591674804688,20.149999618530273
2021-05-24,176.35000610351562,391.4976806640625,117.02786254882812,18.399999618530273
2021-05-25,177.9499969482422,390.62896728515625,118.1119384765625,18.84000015258789
2021-05-26,177.63999938964844,391.40423583984375,117.90864562988281,17.360000610351562
2021-05-27,177.7100067138672,391.60968017578125,117.43437194824219,16.739999771118164
2021-05-28,178.3800048828125,392.3102111816406,117.24809265136719,16.760000228881836
2021-06-01,177.89999389648438,391.96466064453125,117.22176361083984,17.899999618530273
2021-06-02,178.77000427246094,392.58111572265625,117.49314880371094,17.479999542236328
2021-06-03,175.27000427246094,391.1240539550781,117.05215454101562,18.040000915527344
2021-06-04,177.16000366210938,394.70123291015625,118.6551284790039,16.420000076293945
2021-06-07,177.8699951171875,394.3183288574219,118.29041290283203,16.420000076293945
2021-06-08,177.32000732421875,394.4022521972656,119.12158966064453,17.06999969482422
2021-06-09,176.97999572753906,393.8138427734375,120.17327880859375,17.889999389648438
2021-06-10,177.74000549316406,395.6445617675781,120.89422607421875,16.100000381469727
2021-06-11,175.74000549316406,396.2982482910156,120.69917297363281,15.649999618530273
2021-06-14,174.7100067138672,397.18560791015625,119.7746353149414,16.389999389648438
2021-06-15,174.0500030517578,396.4571533203125,119.63050842285156,17.020000457763672
2021-06-16,171.11000061035156,394.2435607910156,119.52873229980469,18.149999618530273
2021-06-17,165.85000610351562,394.1128234863281,121.31827545166016,17.75
2021-06-18,164.92999267578125,388.7960510253906,123.59977722167969,20.700000762939453
2021-06-21,166.9499969482422,394.36199951171875,121.53031158447266,17.889999389648438
2021-06-22,166.25,396.4704284667969,121.82722473144531,16.65999984741211
2021-06-23,166.13999938964844,395.9925231933594,121.51339721679688,16.31999969482422
2021-06-24,166.0399932861328,398.3351135253906,121.70845794677734,15.970000267028809
2021-06-25,166.58999633789062,399.75,120.44474792480469,15.619999885559082
2021-06-28,166.5800018310547,400.5558776855469,121.68296813964844,15.760000228881836
2021-06-29,164.8300018310547,400.7713928222656,121.88653564453125,16.020000457763672
2021-06-30,165.6300048828125,401.1087646484375,122.42938232421875,15.829999923706055
2021-07-01,166.1999969482422,403.3294677734375,122.43616485595703,15.479999542236328
2021-07-02,167.2899932861328,406.4123229980469,123.17499542236328,15.069999694824219
2021-07-06,168.1199951171875,405.6721496582031,124.61869049072266,16.440000534057617
2021-07-07,168.75999450683594,407.1057434082031,125.72274017333984,16.200000762939453
2021-07-08,168.64999389648438,403.7886657714844,126.21527099609375,19.0
2021-07-09,169.2100067138672,408.0989990234375,124.44034576416016,16.18000030517578
2021-07-12,169.0,409.5607604980469,124.279052734375,16.170000076293945
2021-07-13,169.22000122070312,408.1646423339844,123.32791900634766,17.1200008392334
2021-07-14,171.0399932861328,408.773681640625,124.72911071777344,16.329999923706055
2021-07-15,171.07000732421875,407.37750244140625,126.10491180419922,17.010000228881836
2021-07-16,169.41000366210938,404.18218994140625,125.8670883178711,18.450000762939453
2021-07-19,169.61000061035156,398.2132263183594,128.6271514892578,22.5
2021-07-20,169.38999938964844,403.91986083984375,127.38726043701172,19.729999542236328
2021-07-21,168.75999450683594,407.19012451171875,125.77366638183594,17.90999984741211
2021-07-22,169.08999633789062,408.0428466796875,126.962646484375,17.690000534057617
2021-07-23,168.55999755859375,412.2408142089844,126.11336517333984,17.200000762939453
2021-07-26,168.16000366210938,413.2527160644531,125.73975372314453,17.579999923706055
2021-07-27,168.44000244140625,411.3692932128906,127.08154296875,19.360000610351562
2021-07-28,169.2899932861328,411.2005920410156,127.0899887084961,18.309999465942383
2021-07-29,171.1699981689453,412.9059753417969,126.38517761230469,17.700000762939453
2021-07-30,169.82000732421875,410.90081787109375,126.97956848144531,18.239999771118164
2021-08-02,169.61000061035156,410.0387268066406,128.1121826171875,19.459999084472656
2021-08-03,169.49000549316406,413.3745422363281,128.1802520751953,18.040000915527344
2021-08-04,169.52999877929688,411.3412170410156,128.44381713867188,17.969999313354492
2021-08-05,168.86000061035156,413.9461669921875,127.78911590576172,17.280000686645508
2021-08-06,164.63999938964844,414.6301574707031,125.65489959716797,16.149999618530273
2021-08-09,161.72000122070312,414.2928466796875,125.20429992675781,16.719999313354492
2021-08-10,161.77000427246094,414.8082275390625,124.62605285644531,16.790000915527344
2021-08-11,164.0,415.8389892578125,124.54952239990234,16.170000076293945
2021-08-12,164.0399932861328,417.085205078125,124.34539794921875,15.59000015258789
2021-08-13,166.38999938964844,417.8443298339844,126.30958557128906,15.449999809265137
2021-08-16,167.22000122070312,418.8280944824219,126.61565399169922,16.1200008392334
2021-08-17,166.97000122070312,416.0826110839844,126.56468200683594,17.90999984741211
2021-08-18,167.10000610351562,411.52862548828125,126.98982238769531,21.56999969482422
2021-08-19,166.61000061035156,412.165771484375,127.92509460449219,21.670000076293945
2021-08-20,166.6999969482422,415.4454040527344,128.01014709472656,18.559999465942383
2021-08-23,168.72999572753906,419.099853515625,127.92509460449219,17.149999618530273
2021-08-24,168.64999389648438,419.7651672363281,126.93028259277344,17.219999313354492
2021-08-25,167.47999572753906,420.64599609375,125.87599182128906,16.790000915527344
2021-08-26,167.6699981689453,418.1628112792969,126.22454833984375,18.84000015258789
2021-08-27,170.19000244140625,421.9016418457031,127.0833740234375,16.389999389648438
2021-08-30,169.35000610351562,423.7569885253906,127.41497039794922,16.190000534057617
2021-08-31,169.69000244140625,423.1291198730469,126.54764556884766,16.479999542236328
2021-09-01,169.6999969482422,423.35400390625,126.75962829589844,16.110000610351562
2021-09-02,169.25,424.6565246582031,127.31303405761719,16.40999984741211
2021-09-03,171.05999755859375,424.55340576171875,126.15518188476562,16.40999984741211
2021-09-07,167.7100067138672,423.0353698730469,125.09101104736328,18.139999389648438
2021-09-08,167.2899932861328,422.52001953125,125.94236755371094,17.959999084472656
2021-09-09,168.02999877929688,420.71160888671875,127.46629333496094,18.799999237060547
2021-09-10,167.17999267578125,417.3944396972656,126.34246826171875,20.950000762939453
2021-09-13,167.74000549316406,418.46270751953125,127.1087417602539,19.3700008392334
2021-09-14,168.82000732421875,416.2044372558594,128.649658203125,19.459999084472656
2021-09-15,167.8300018310547,419.68084716796875,128.19847106933594,18.18000030517578
2021-09-16,164.02999877929688,419.0155334472656,127.61103057861328,18.690000534057617
2021-09-17,163.77000427246094,414.9338684082031,126.99800872802734,20.809999465942383
2021-09-20,164.94000244140625,408.0152587890625,128.57305908203125,25.709999084472656
2021-09-21,166.0399932861328,407.6297607421875,128.46243286132812,24.360000610351562
2021-09-22,165.4199981689453,411.6061096191406,129.2286376953125,20.8700008392334
2021-09-23,163.50999450683594,416.6071472167969,126.30841064453125,18.6299991607666
2021-09-24,163.3000030517578,417.2934265136719,125.07393646240234,17.75
2021-09-27,163.63999938964844,416.09954833984375,124.61421966552734,18.760000228881836
2021-09-28,162.0500030517578,407.7143249511719,122.67308044433594,23.25
2021-09-29,161.32000732421875,408.4006652832031,122.88595581054688,22.559999465942383
2021-09-30,164.22000122070312,403.4089660644531,122.86894226074219,23.139999389648438
2021-10-01,164.58999633789062,408.20318603515625,123.90296936035156,21.100000381469727
2021-10-04,165.36000061035156,402.9389953613281,123.5875473022461,22.959999084472656
2021-10-05,164.58999633789062,407.1315612792969,122.39409637451172,21.299999237060547
2021-10-06,165.02999877929688,408.8236389160156,123.08464050292969,21.0
2021-10-07,164.16000366210938,412.3581848144531,121.79740905761719,19.540000915527344
2021-10-08,164.22999572753906,411.6061096191406,120.94491577148438,18.770000457763672
2021-10-11,163.9199981689453,408.6262512207031,120.63810729980469,20.0
2021-10-12,164.66000366210938,407.6203918457031,122.70100402832031,19.850000381469727
2021-10-13,167.58999633789062,409.0868225097656,123.8944320678711,18.639999389648438
2021-10-14,168.0,415.9679260253906,124.35474395751953,16.860000610351562
2021-10-15,165.3300018310547,419.1358337402344,123.63016510009766,16.299999237060547
2021-10-18,164.9199981689453,420.376708984375,124.20978546142578,16.309999465942383
2021-10-19,165.4499969482422,423.619873046875,122.49639892578125,15.699999809265137
2021-10-20,166.89999389648438,425.28375244140625,121.66956329345703,15.489999771118164
2021-10-21,166.75,426.39300537109375,121.52464294433594,15.010000228881836
2021-10-22,167.77000427246094,425.95111083984375,122.86299896240234,15.430000305175781
2021-10-25,168.92999267578125,428.2354736328125,122.67545318603516,15.239999771118164
2021-10-26,167.67999267578125,428.6208801269531,123.68982696533203,15.979999542236328
2021-10-27,168.1199951171875,426.7220153808594,125.94029998779297,16.979999542236328
2021-10-28,168.0800018310547,430.8393249511719,125.5140609741211,16.530000686645508
2021-10-29,166.64999389648438,431.713623046875,125.89767456054688,16.260000228881836
2021-11-01,167.52000427246094,432.45623779296875,124.99120330810547,16.40999984741211
2021-11-02,167.16000366210938,434.2047424316406,125.54598999023438,16.030000686645508
2021-11-03,165.77000427246094,436.8555908203125,124.24864196777344,15.100000381469727
2021-11-04,167.64999389648438,438.914306640625,125.55452728271484,15.4399995803833
2021-11-05,169.83999633789062,440.4372253417969,127.43233489990234,16.479999542236328
2021-11-08,170.4499969482422,440.8132019042969,127.19330596923828,17.219999313354492
2021-11-09,171.2899932861328,439.356201171875,128.84921264648438,17.780000686645508
2021-11-10,173.14999389648438,435.8215026855469,126.4934310913086,18.729999542236328
2021-11-11,174.1199951171875,435.9626159667969,126.30564880371094,17.65999984741211
2021-11-12,174.4499969482422,439.2527160644531,125.75081634521484,16.290000915527344
2021-11-15,174.17999267578125,439.40313720703125,124.1717758178711,16.489999771118164
2021-11-16,172.9199981689453,441.1421813964844,123.85601043701172,16.3700008392334
2021-11-17,174.5,440.070556640625,124.83759307861328,17.110000610351562
2021-11-18,173.94000244140625,441.5652160644531,125.30701446533203,17.59000015258789
2021-11-19,172.61000061035156,440.775634765625,126.62993621826172,17.90999984741211
2021-11-22,168.74000549316406,439.53472900390625,125.14481353759766,19.170000076293945
2021-11-23,167.27999877929688,440.1175537109375,123.33538055419922,19.3799991607666
2021-11-24,167.1199951171875,441.2926025390625,125.31556701660156,18.579999923706055
2021-11-26,166.85000610351562,431.4504089355469,128.482177734375,28.6200008392334
2021-11-29,166.6199951171875,436.74285888671875,127.44944763183594,22.959999084472656
2021-11-30,165.5,428.244873046875,129.3869171142578,27.190000534057617
2021-12-01,166.16000366210938,423.4882507324219,130.18508911132812,31.1200008392334
2021-12-02,165.24000549316406,429.9745178222656,130.34747314453125,27.950000762939453
2021-12-03,166.6300048828125,426.2332458496094,131.9027557373047,30.670000076293945
2021-12-06,166.22000122070312,431.2811584472656,130.091064453125,27.18000030517578
2021-12-07,166.80999755859375,440.2021484375,129.0399932861328,21.889999389648438
2021-12-08,166.89999389648438,441.3677673339844,126.80953979492188,19.899999618530273
2021-12-09,165.8800048828125,438.38787841796875,127.51887512207031,21.579999923706055
2021-12-10,166.5800018310547,442.5146789550781,127.21113586425781,18.690000534057617
2021-12-13,167.0,438.5947570800781,129.09120178222656,20.309999465942383
2021-12-14,165.44000244140625,435.5771179199219,128.78363037109375,21.889999389648438
2021-12-15,166.14999389648438,442.38311767578125,127.54443359375,19.290000915527344
2021-12-16,168.16000366210938,438.4819030761719,127.59407806396484,20.56999969482422
2021-12-17,167.8000030517578,433.815185546875,129.03997802734375,21.56999969482422
2021-12-20,167.08999633789062,429.2022399902344,128.07318115234375,22.8700008392334
2021-12-21,167.02000427246094,436.824462890625,127.5855712890625,21.010000228881836
2021-12-22,168.58999633789062,441.1921691894531,128.17584228515625,18.6299991607666
2021-12-23,168.97000122070312,443.9373474121094,127.06367492675781,17.959999084472656
2021-12-27,169.3699951171875,450.2198791503906,127.37165069580078,17.68000030517578
2021-12-28,168.63999938964844,449.85205078125,126.8669204711914,17.540000915527344
2021-12-29,168.58999633789062,450.4275207519531,125.48090362548828,16.950000762939453
2021-12-30,169.8000030517578,449.18218994140625,126.53321838378906,17.329999923706055
2021-12-31,170.9600067138672,448.0502014160156,126.78133392333984,17.219999313354492
2022-01-03,168.3300018310547,450.6444396972656,123.45327758789062,16.600000381469727
2022-01-04,169.57000732421875,450.4934997558594,122.93997955322266,16.90999984741211
2022-01-05,169.05999755859375,441.8430480957031,122.272705078125,19.729999542236328
2022-01-06,166.99000549316406,441.4280090332031,122.58924102783203,19.610000610351562
2022-01-07,167.75,439.68280029296875,121.7079849243164,18.760000228881836
2022-01-10,168.25999450683594,439.1356201171875,122.0074462890625,19.399999618530273
2022-01-11,170.2899932861328,443.1354064941406,122.82023620605469,18.40999984741211
2022-01-12,170.74000549316406,444.33349609375,122.34965515136719,17.6200008392334
2022-01-13,170.16000366210938,438.211181640625,123.43618774414062,20.309999465942383
2022-01-14,169.6699981689453,438.390380859375,121.5711441040039,19.190000534057617
2022-01-18,169.38999938964844,430.6266174316406,119.86009979248047,22.790000915527344
2022-01-19,172.0800018310547,426.1552429199219,120.68997192382812,23.850000381469727
2022-01-20,171.64999389648438,421.43853759765625,121.43425750732422,25.59000015258789
2022-01-21,171.08999633789062,413.1654052734375,122.88008117675781,28.850000381469727
2022-01-24,172.02999877929688,414.9200439453125,121.87055206298828,29.899999618530273
2022-01-25,172.5800018310547,409.8542785644531,121.6738052368164,31.15999984741211
2022-01-26,169.7899932861328,408.8261413574219,120.20223999023438,31.959999084472656
2022-01-27,167.60000610351562,406.8072509765625,122.40955352783203,30.489999771118164
2022-01-28,167.10000610351562,416.91046142578125,122.45237731933594,27.65999984741211
2022-01-31,168.08999633789062,424.4195251464844,121.81919860839844,24.829999923706055
2022-02-01,168.22999572753906,427.2872619628906,121.414794921875,21.959999084472656
2022-02-02,168.83999633789062,431.4379577636719,121.82606506347656,22.09000015258789
2022-02-03,168.60000610351562,421.2970275878906,120.87513732910156,24.350000381469727
2022-02-04,168.86000061035156,423.2781066894531,119.09317779541016,23.219999313354492
2022-02-07,170.11000061035156,421.9196472167969,119.17021942138672,22.860000610351562
2022-02-08,170.6300048828125,425.39117431640625,118.37349700927734,21.440000534057617
2022-02-09,171.2100067138672,431.6171875,118.59619903564453,19.959999084472656
2022-02-10,170.55999755859375,423.8629150390625,116.71147155761719,23.90999984741211
2022-02-11,173.80999755859375,415.5048828125,118.4420166015625,27.360000610351562
2022-02-14,174.74000549316406,414.146484375,116.96849822998047,28.329999923706055
2022-02-15,173.0800018310547,420.82537841796875,115.64054107666016,25.700000762939453
2022-02-16,174.86000061035156,421.2970275878906,116.32589721679688,24.290000915527344
2022-02-17,177.25,412.29754638671875,117.19119262695312,28.110000610351562
2022-02-18,177.1199951171875,409.62786865234375,118.42491149902344,27.75
2022-02-22,177.49000549316406,405.2319030761719,118.73336029052734,28.809999465942383
2022-02-23,178.2899932861328,398.04364013671875,117.09695434570312,31.020000457763672
2022-02-24,177.13999938964844,404.0339050292969,117.17405700683594,30.31999969482422
2022-02-25,176.5500030517578,412.9484558105469,117.2597427368164,27.59000015258789
2022-02-28,178.3800048828125,411.8918762207031,119.82992553710938,30.149999618530273
2022-03-01,181.6199951171875,405.6186828613281,121.21539306640625,33.31999969482422
2022-03-02,179.72999572753906,413.0805358886719,117.07195281982422,30.739999771118164
2022-03-03,180.8000030517578,411.0240173339844,118.26431274414062,30.479999542236328
2022-03-04,183.67999267578125,407.6846008300781,120.30604553222656,31.979999542236328
2022-03-07,186.41000366210938,395.6664123535156,119.38811492919922,36.45000076293945
2022-03-08,191.50999450683594,392.66656494140625,118.18712615966797,35.130001068115234
2022-03-09,185.82000732421875,403.1943054199219,117.02904510498047,32.45000076293945
2022-03-10,186.39999389648438,401.3736267089844,115.34761047363281,30.229999542236328
2022-03-11,185.08999633789062,396.27020263671875,115.73368835449219,30.75
2022-03-14,182.3000030517578,393.3740234375,113.03137969970703,31.770000457763672
2022-03-15,178.88999938964844,402.0245666503906,112.83409118652344,29.829999923706055
2022-03-16,180.00999450683594,410.9391174316406,113.94075012207031,26.670000076293945
2022-03-17,180.88999938964844,416.080322265625,113.09146881103516,25.670000076293945
2022-03-18,179.3000030517578,420.6376037597656,114.47262573242188,23.8700008392334
2022-03-21,180.6699981689453,420.5145568847656,111.82183837890625,23.530000686645508
2022-03-22,179.36000061035156,425.4351806640625,110.38919830322266,22.940000534057617
2022-03-23,181.80999755859375,419.956298828125,112.808349609375,23.56999969482422
2022-03-24,183.1300048828125,426.2868347167969,111.92475891113281,21.670000076293945
2022-03-25,182.3800048828125,428.3686218261719,110.3720474243164,20.809999465942383
2022-03-28,179.05999755859375,431.4156188964844,111.31565856933594,19.6299991607666
2022-03-29,179.13999938964844,436.75262451171875,112.15640258789062,18.899999618530273
2022-03-30,180.5800018310547,434.0558166503906,113.03137969970703,19.329999923706055
2022-03-31,180.64999389648438,427.3750305175781,113.30591583251953,20.559999465942383
2022-04-01,179.5,428.5863342285156,113.73722076416016,19.6299991607666
2022-04-04,180.3699951171875,432.2578125,112.94679260253906,18.56999969482422
2022-04-05,179.24000549316406,426.79779052734375,110.39503479003906,21.030000686645508
2022-04-06,179.66000366210938,422.5301208496094,109.5014877319336,22.100000381469727
2022-04-07,180.33999633789062,424.6592712402344,108.67666625976562,21.549999237060547
2022-04-08,181.47000122070312,423.523681640625,107.49962615966797,21.15999984741211
2022-04-11,182.3699951171875,416.2847595214844,105.7984619140625,24.3700008392334
2022-04-12,183.77000427246094,414.7422790527344,105.65241241455078,24.260000228881836
2022-04-13,184.64999389648438,419.4925842285156,105.8671875,21.81999969482422
2022-04-14,184.0399932861328,414.2691650390625,103.74507141113281,22.700000762939453
2022-04-18,184.61000061035156,414.4394836425781,103.22954559326172,22.170000076293945
2022-04-19,181.82000732421875,421.1296081542969,102.45628356933594,21.3700008392334
2022-04-20,182.7100067138672,420.8174133300781,104.51830291748047,20.31999969482422
2022-04-21,182.05999755859375,414.524658203125,103.74507141113281,22.68000030517578
2022-04-22,180.2899932861328,403.1504821777344,103.09205627441406,28.209999084472656
2022-04-25,177.0500030517578,405.4877624511719,104.12308502197266,27.020000457763672
2022-04-26,177.32000732421875,393.74444580078125,105.1712646484375,33.52000045776367
2022-04-27,175.97999572753906,394.85162353515625,103.8223648071289,31.600000381469727
2022-04-28,176.92999267578125,404.8253173828125,103.97700500488281,29.989999771118164
2022-04-29,176.91000366210938,389.8648376464844,102.62812042236328,33.400001525878906
2022-05-02,173.6300048828125,392.2115478515625,100.8492202758789,32.34000015258789
2022-05-03,174.08999633789062,394.0093994140625,101.52910614013672,29.25
2022-05-04,175.8000030517578,406.0081787109375,102.08851623535156,25.420000076293945
2022-05-05,175.1300048828125,391.5775146484375,99.29143524169922,31.200000762939453
2022-05-06,175.4199981689453,389.2402038574219,97.828369140625,30.190000534057617
2022-05-09,172.8800048828125,376.7778625488281,98.6889877319336,34.75
2022-05-10,171.4199981689453,377.64837646484375,99.58406066894531,32.9900016784668
2022-05-11,172.82000732421875,371.6490173339844,101.50325775146484,32.560001373291016
2022-05-12,170.1699981689453,371.2610168457031,101.31392669677734,31.770000457763672
2022-05-13,168.7899932861328,380.1369934082031,99.81641387939453,28.8700008392334
2022-05-16,170.39999389648438,378.59466552734375,99.71316528320312,27.469999313354492
2022-05-17,169.3300018310547,386.38250732421875,98.50827026367188,26.100000381469727
2022-05-18,169.4199981689453,370.8067626953125,100.60820007324219,30.959999084472656
2022-05-19,171.91000366210938,368.53570556640625,100.8492202758789,29.350000381469727
2022-05-20,172.02999877929688,368.6966247558594,101.99383544921875,29.43000030517578
2022-05-23,172.8300018310547,375.594970703125,100.31558227539062,28.479999542236328
2022-05-24,174.1300048828125,372.72784423828125,102.29505157470703,29.450000762939453
2022-05-25,173.0800018310547,376.020751953125,102.69954681396484,28.3700008392334
2022-05-26,172.75999450683594,383.53424072265625,102.23480224609375,27.5
2022-05-27,172.85000610351562,392.9496154785156,102.48439025878906,25.719999313354492
2022-05-31,171.13999938964844,390.7447814941406,100.31558227539062,26.190000534057617
2022-06-01,172.22999572753906,387.5842590332031,100.200927734375,25.690000534057617
2022-06-02,174.35000610351562,394.96514892578125,100.25263977050781,24.719999313354492
2022-06-03,172.5800018310547,388.4832458496094,100.03710174560547,24.790000915527344
2022-06-06,171.82000732421875,389.6661071777344,98.19207763671875,25.06999969482422
2022-06-07,172.94000244140625,393.40380859375,99.25257110595703,24.020000457763672
2022-06-08,172.77999877929688,389.1266174316406,98.37313842773438,23.959999084472656
2022-06-09,172.22999572753906,379.8721923828125,98.70075225830078,26.09000015258789
2022-06-10,174.5399932861328,368.85748291015625,98.088623046875,27.75
2022-06-13,169.92999267578125,354.85260009765625,95.01065826416016,34.02000045776367
2022-06-14,168.57000732421875,353.7833557128906,93.8122787475586,32.689998626708984
2022-06-15,170.77000427246094,358.8269958496094,95.56246948242188,29.6200008392334
2022-06-16,172.69000244140625,346.9512023925781,96.3211898803711,32.95000076293945
2022-06-17,171.27000427246094,347.6991882324219,96.63155364990234,31.1299991607666
2022-06-21,170.6300048828125,356.4519958496094,94.99346160888672,30.190000534057617
2022-06-22,171.30999755859375,355.8058166503906,97.60580444335938,28.950000762939453
2022-06-23,170.25999450683594,359.2936096191406,98.40762329101562,29.049999237060547
2022-06-24,170.08999633789062,370.71697998046875,97.04539489746094,27.229999542236328
2022-06-27,169.89999389648438,369.3009338378906,96.21772003173828,26.950000762939453
2022-06-28,169.6199951171875,361.75506591796875,96.6660385131836,28.360000610351562
2022-06-29,169.49000549316406,361.46044921875,98.17483520507812,28.15999984741211
2022-06-30,168.4600067138672,358.5238037109375,99.03700256347656,28.709999084472656
2022-07-01,168.32000732421875,362.3157958984375,100.05377197265625,26.700000762939453
2022-07-05,164.75,362.9999694824219,100.83992004394531,27.540000915527344
2022-07-06,162.13999938964844,364.2259521484375,99.14669036865234,26.729999542236328
2022-07-07,162.22999572753906,369.6810607910156,98.27420043945312,26.079999923706055
2022-07-08,162.3000030517578,369.3769836425781,97.18571472167969,24.639999389648438
2022-07-11,161.42999267578125,365.1573791503906,98.86161804199219,26.170000076293945
2022-07-12,160.8300018310547,361.92608642578125,99.44908142089844,27.290000915527344
2022-07-13,161.60000610351562,360.025390625,100.58937072753906,26.81999969482422
2022-07-14,159.3300018310547,359.1510314941406,99.76872253417969,26.399999618530273
2022-07-15,159.00999450683594,366.0126647949219,100.33018493652344,24.229999542236328
2022-07-18,159.16000366210938,362.990478515625,99.2849349975586,25.299999237060547
2022-07-19,159.5399932861328,372.79827880859375,98.74931335449219,24.5
2022-07-20,158.0399932861328,375.1741638183594,99.00850677490234,23.8799991607666
2022-07-21,160.27000427246094,378.99462890625,100.71893310546875,23.110000610351562
2022-07-22,160.6699981689453,375.478271484375,102.4121322631836,23.030000686645508
2022-07-25,160.22999572753906,375.93438720703125,101.41006469726562,23.360000610351562
2022-07-26,160.0399932861328,371.4866943359375,101.48783111572266,24.690000534057617
2022-07-27,161.6699981689453,381.1329345703125,100.91766357421875,23.239999771118164
2022-07-28,163.63999938964844,385.91326904296875,101.7210693359375,22.329999923706055
2022-07-29,164.10000610351562,391.5393981933594,101.44461822509766,21.329999923706055
2022-08-01,165.02999877929688,390.3798828125,103.88777923583984,22.84000015258789
2022-08-02,164.0500030517578,387.8044738769531,101.68954467773438,23.93000030517578
2022-08-03,164.4499969482422,393.87725830078125,103.29059600830078,21.950000762939453
2022-08-04,167.1699981689453,393.61114501953125,103.2559814453125,21.440000534057617
2022-08-05,165.2899932861328,392.9459228515625,100.79812622070312,21.149999618530273
2022-08-08,166.69000244140625,392.4897155761719,102.4251480102539,21.290000915527344
2022-08-09,167.1999969482422,390.9311828613281,102.02706146240234,21.770000457763672
2022-08-10,166.77999877929688,399.1422119140625,101.36067199707031,19.739999771118164
2022-08-11,166.33999633789062,399.1422119140625,98.99801635742188,20.200000762939453
2022-08-12,167.8699951171875,405.8993835449219,100.00190734863281,19.530000686645508
2022-08-15,165.7100067138672,407.5719299316406,99.91539001464844,19.950000762939453
2022-08-16,165.4199981689453,408.3702697753906,100.33080291748047,19.690000534057617
2022-08-17,164.35000610351562,405.4716796875,99.28359985351562,19.899999618530273
2022-08-18,163.9199981689453,406.6500549316406,99.43073272705078,19.559999465942383
2022-08-19,162.72000122070312,401.1855773925781,97.82965850830078,20.600000381469727
2022-08-22,161.63999938964844,392.8318176269531,97.50081634521484,23.799999237060547
2022-08-23,162.77000427246094,391.8814697265625,96.96421813964844,24.110000610351562
2022-08-24,163.25,393.135986328125,96.25454711914062,22.81999969482422
2022-08-25,163.75,398.6860656738281,97.59598541259766,21.780000686645508
2022-08-26,161.75999450683594,385.19097900390625,98.33162689208984,25.559999465942383
2022-08-29,161.86000061035156,382.64398193359375,97.51807403564453,26.209999084472656
2022-08-30,160.50999450683594,378.44342041015625,97.76042938232422,26.209999084472656
2022-08-31,159.27000427246094,375.5637512207031,96.82572937011719,25.8700008392334
2022-09-01,157.8699951171875,376.7423095703125,95.05303955078125,25.559999465942383
2022-09-02,159.25999450683594,372.769775390625,95.59075927734375,25.469999313354492
2022-09-06,158.3300018310547,371.3631896972656,93.22308349609375,26.90999984741211
2022-09-07,159.94000244140625,378.0347595214844,94.69745635986328,24.639999389648438
2022-09-08,158.97999572753906,380.50567626953125,93.72611999511719,23.610000610351562
2022-09-09,159.82000732421875,386.4168701171875,93.93427276611328,22.790000915527344
2022-09-12,160.6300048828125,390.5700378417969,93.16239929199219,23.8700008392334
2022-09-13,158.5399932861328,373.58709716796875,93.37921905517578,27.270000457763672
2022-09-14,157.92999267578125,375.0125427246094,93.70010375976562,26.15999984741211
2022-09-15,154.97999572753906,370.7549743652344,93.63936614990234,26.270000457763672
2022-09-16,155.83999633789062,367.9264831542969,92.8588638305664,26.299999237060547
2022-09-19,155.9600067138672,370.7797546386719,93.07567596435547,25.760000228881836
2022-09-20,155.07000732421875,366.5238037109375,92.1476821899414,27.15999984741211
2022-09-21,155.7899932861328,360.1302185058594,93.6914291381836,27.989999771118164
2022-09-22,155.6999969482422,357.10516357421875,91.2977523803711,27.350000381469727
2022-09-23,153.00999450683594,351.1219482421875,91.67066955566406,29.920000076293945
2022-09-26,151.22999572753906,347.6484069824219,89.91880798339844,32.2599983215332
2022-09-27,151.5399932861328,346.76092529296875,87.55115509033203,32.599998474121094
2022-09-28,154.69000244140625,353.5838623046875,90.48248291015625,30.18000030517578
2022-09-29,154.66000366210938,346.1978759765625,90.0141830444336,31.84000015258789
2022-09-30,154.6699981689453,340.844482421875,88.8520278930664,31.6200008392334
2022-10-03,158.42999267578125,349.8432312011719,90.26383972167969,30.100000381469727
2022-10-04,160.6999969482422,360.68365478515625,90.0117416381836,29.06999969482422
2022-10-05,159.80999755859375,359.84393310546875,89.15109252929688,28.549999237060547
2022-10-06,159.6300048828125,356.1318054199219,88.65556335449219,30.520000457763672
2022-10-07,157.8800048828125,346.1978759765625,87.79491424560547,31.360000610351562
2022-10-10,155.47999572753906,343.5545959472656,86.43006134033203,32.45000076293945
2022-10-11,155.16000366210938,341.37884521484375,86.81256103515625,33.630001068115234
2022-10-12,155.99000549316406,340.25274658203125,87.2385482788086,33.56999969482422
2022-10-13,154.91000366210938,349.2324523925781,86.40396881103516,31.940000534057617
2022-10-14,152.97999572753906,341.27386474609375,85.69112396240234,32.02000045776367
2022-10-17,153.4199981689453,350.0436096191406,85.27384185791016,31.3700008392334
2022-10-18,153.75,354.1564636230469,85.4737548828125,30.5
2022-10-19,151.69000244140625,351.6466979980469,83.91766357421875,30.760000228881836
2022-10-20,151.4499969482422,348.6981201171875,82.48323822021484,29.979999542236328
2022-10-21,154.14999389648438,357.17193603515625,80.99663543701172,29.690000534057617
2022-10-24,153.64999389648438,361.5425109863281,80.32727813720703,29.850000381469727
2022-10-25,154.0,367.3157653808594,82.66578674316406,28.459999084472656
2022-10-26,154.97999572753906,364.5484313964844,83.85679626464844,27.280000686645508
2022-10-27,154.74000549316406,362.6016845703125,84.73483276367188,27.389999389648438
2022-10-28,153.16000366210938,371.2282409667969,84.15237426757812,25.75
2022-10-31,151.91000366210938,368.5468444824219,83.55254364013672,25.8799991607666
2022-11-01,153.4600067138672,366.9340515136719,84.33336639404297,25.809999465942383
2022-11-02,152.38999938964844,357.7254333496094,83.96736907958984,25.860000610351562
2022-11-03,151.80999755859375,354.04193115234375,83.51419067382812,25.299999237060547
2022-11-04,156.47000122070312,359.1376953125,82.11109924316406,24.549999237060547
2022-11-07,155.85000610351562,362.5731506347656,81.2918930053711,24.350000381469727
2022-11-08,159.4499969482422,364.5293884277344,82.1808090209961,25.540000915527344
2022-11-09,158.64999389648438,357.0192565917969,82.45097351074219,26.09000015258789
2022-11-10,163.47999572753906,376.6389465332031,85.62318420410156,23.530000686645508
2022-11-11,164.55999755859375,380.2842712402344,85.3094482421875,22.520000457763672
2022-11-14,164.9199981689453,377.04931640625,85.10028076171875,23.729999542236328
2022-11-15,165.5,380.26513671875,86.47721862792969,24.540000915527344
2022-11-16,165.1199951171875,377.3642578125,88.36833953857422,24.110000610351562
2022-11-17,163.9199981689453,376.20953369140625,87.43585968017578,23.93000030517578
2022-11-18,162.7899932861328,377.9176940917969,86.83453369140625,23.1200008392334
2022-11-21,161.8800048828125,376.5435485839844,87.20055389404297,22.360000610351562
2022-11-22,162.07000732421875,381.61065673828125,88.43803405761719,21.290000915527344
2022-11-23,163.0800018310547,384.01544189453125,89.98055267333984,20.350000381469727
2022-11-25,163.22000122070312,383.9295349121094,89.6755599975586,20.5
2022-11-28,161.92999267578125,377.8031921386719,89.92829895019531,22.209999084472656
2022-11-29,162.72999572753906,377.154296875,88.8738021850586,21.889999389648438
2022-11-30,164.80999755859375,389.03485107421875,89.52738952636719,20.579999923706055
2022-12-01,167.83999633789062,388.7485656738281,92.38744354248047,19.84000015258789
2022-12-02,167.25999450683594,388.3000793457031,93.54927825927734,19.059999465942383
2022-12-05,164.38999938964844,381.3149108886719,92.23892211914062,20.75
2022-12-06,164.83999633789062,375.8182373046875,93.42694091796875,22.170000076293945
2022-12-07,166.3300018310547,375.1788635253906,95.62834167480469,22.68000030517578
2022-12-08,166.47000122070312,378.1180725097656,95.36627960205078,22.290000915527344
2022-12-09,167.05999755859375,375.2934875488281,92.88541412353516,22.829999923706055
2022-12-12,165.67999267578125,380.70416259765625,93.18238830566406,25.0
2022-12-13,168.50999450683594,383.5860290527344,94.0821533203125,22.549999237060547
2022-12-14,168.10000610351562,381.133544921875,94.48399353027344,21.139999389648438
2022-12-15,165.35000610351562,371.8103942871094,94.85264587402344,22.829999923706055
2022-12-16,166.7899932861328,367.42071533203125,93.79306030273438,22.6200008392334
2022-12-19,166.32000732421875,364.3051452636719,92.21687316894531,22.420000076293945
2022-12-20,169.0800018310547,364.80364990234375,90.57938385009766,21.479999542236328
2022-12-21,168.8000030517578,370.25830078125,90.80703735351562,20.06999969482422
2022-12-22,166.75999450683594,364.9762268066406,90.78952026367188,21.969999313354492
2022-12-23,167.25999450683594,367.07562255859375,89.45852661132812,20.8700008392334
2022-12-27,168.6699981689453,365.6280822753906,87.68965148925781,21.649999618530273
2022-12-28,167.91000366210938,361.0840759277344,87.17301177978516,22.139999389648438
2022-12-29,168.85000610351562,367.5837707519531,88.16252899169922,21.440000534057617
2022-12-30,169.63999938964844,366.615478515625,87.1817626953125,21.670000076293945
2023-01-03,171.05999755859375,365.072021484375,88.84554290771484,22.899999618530273
2023-01-04,172.6699981689453,367.8905334472656,90.0627212524414,22.010000228881836
2023-01-05,170.52000427246094,363.6916198730469,90.43924713134766,22.459999084472656
2023-01-06,173.7100067138672,372.0318603515625,92.1030044555664,21.1299991607666
2023-01-09,174.10000610351562,371.8208923339844,92.59341430664062,21.969999313354492
2023-01-10,174.74000549316406,374.4284362792969,91.06098937988281,20.579999923706055
2023-01-11,174.6199951171875,379.1640930175781,92.5408706665039,21.09000015258789
2023-01-12,176.63999938964844,380.5445556640625,94.36225891113281,18.829999923706055
2023-01-13,178.75999450683594,382.0208740234375,93.47785186767578,18.350000381469727
2023-01-17,177.58999633789062,381.3211364746094,92.87364196777344,19.360000610351562
2023-01-18,177.0800018310547,375.3008117675781,95.12409973144531,20.34000015258789
2023-01-19,179.88999938964844,372.5686950683594,94.52864837646484,20.520000457763672
2023-01-20,179.2899932861328,379.5093078613281,92.9962158203125,19.850000381469727
2023-01-23,179.6300048828125,384.0627746582031,92.5583724975586,19.809999465942383
2023-01-24,180.27999877929688,383.6506652832031,93.88939666748047,19.200000762939453
2023-01-25,181.11000061035156,383.79449462890625,94.11707305908203,19.079999923706055
2023-01-26,179.47000122070312,388.012451171875,93.6792221069336,18.729999542236328
2023-01-27,179.22000122070312,388.90399169921875,93.44281005859375,18.510000228881836
2023-01-30,178.75999450683594,384.02447509765625,93.1012954711914,19.940000534057617
2023-01-31,179.41000366210938,389.67095947265625,93.84561157226562,19.399999618530273
2023-02-01,181.6699981689453,393.812255859375,94.9737319946289,17.8700008392334
2023-02-02,177.89999389648438,399.5450439453125,95.09667205810547,18.729999542236328
2023-02-03,173.4600067138672,395.2981872558594,93.67444610595703,18.329999923706055
2023-02-06,173.82000732421875,392.8823547363281,92.98087310791016,19.43000030517578
2023-02-07,173.97999572753906,398.020751953125,92.234619140625,18.65999984741211
2023-02-08,174.41000366210938,393.6684875488281,92.67359161376953,19.6299991607666
2023-02-09,173.02999877929688,390.25567626953125,91.795654296875,20.709999084472656
2023-02-10,173.36000061035156,391.16644287109375,90.76852416992188,20.530000686645508
2023-02-13,172.47999572753906,395.75830078125,91.53230285644531,20.34000015258789
2023-02-14,172.61000061035156,395.5762634277344,91.32161712646484,18.90999984741211
2023-02-15,170.88999938964844,396.86077880859375,90.47000885009766,18.229999542236328
2023-02-16,170.75,391.3964538574219,89.18824005126953,20.170000076293945
2023-02-17,171.25999450683594,390.4187316894531,89.88180541992188,20.020000457763672
2023-02-21,170.6199951171875,382.58648681640625,88.13472747802734,22.8700008392334
2023-02-22,169.66000366210938,382.0592346191406,88.94241333007812,22.290000915527344
2023-02-23,169.57000732421875,384.0916442871094,89.81155395507812,21.139999389648438
2023-02-24,168.35000610351562,379.9886474609375,88.6439437866211,21.670000076293945
2023-02-27,169.00999450683594,381.28277587890625,88.8897476196289,20.950000762939453
2023-02-28,169.77999877929688,379.8735656738281,89.29358673095703,20.700000762939453
2023-03-01,170.75999450683594,378.41644287109375,88.33431243896484,20.579999923706055
2023-03-02,170.66000366210938,381.359375,87.551025390625,19.59000015258789
2023-03-03,172.49000549316406,387.4756164550781,89.67203521728516,18.489999771118164
2023-03-06,171.6199951171875,387.74407958984375,88.97674560546875,18.610000610351562
2023-03-07,168.6199951171875,381.8004150390625,89.52242279052734,19.59000015258789
2023-03-08,168.5399932861328,382.4236145019531,89.61042022705078,19.110000610351562
2023-03-09,170.1999969482422,375.367919921875,89.83041381835938,22.610000610351562
2023-03-10,173.8699951171875,369.9515686035156,92.9283447265625,24.799999237060547
2023-03-13,177.86000061035156,369.42425537109375,93.13957214355469,26.520000457763672
2023-03-14,176.8300018310547,375.53094482421875,91.60819244384766,23.729999542236328
2023-03-15,178.2100067138672,373.1822204589844,93.37721252441406,26.139999389648438
2023-03-16,178.57000732421875,379.72967529296875,92.64672088623047,22.989999771118164
2023-03-17,183.77000427246094,375.2896728515625,94.03726196289062,25.510000228881836
2023-03-20,183.83999633789062,378.8983154296875,93.2099838256836,24.149999618530273
2023-03-21,180.3699951171875,383.8735046386719,92.40908813476562,21.3799991607666
2023-03-22,183.44000244140625,377.3298034667969,93.64122009277344,22.260000228881836
2023-03-23,185.74000549316406,378.3498229980469,93.64122009277344,22.610000610351562
2023-03-24,183.64999389648438,380.83258056640625,94.03726196289062,21.739999771118164
2023-03-27,181.9499969482422,381.544677734375,91.8282470703125,20.600000381469727
2023-03-28,183.44000244140625,380.6882629394531,91.9954605102539,19.969999313354492
2023-03-29,182.52999877929688,386.22149658203125,91.8106460571289,19.1200008392334
2023-03-30,184.17999267578125,388.4828796386719,92.23308563232422,19.020000457763672
2023-03-31,183.22000122070312,393.95843505859375,93.61481475830078,18.700000762939453
2023-04-03,184.5399932861328,395.45965576171875,94.05508422851562,18.549999237060547
2023-04-04,187.97999572753906,393.26556396484375,94.52271270751953,19.0
2023-04-05,187.8300018310547,392.23590087890625,95.51089477539062,19.079999923706055
2023-04-06,186.49000549316406,393.7659606933594,95.7579574584961,18.399999618530273
2023-04-10,185.11000061035156,394.1701354980469,94.21389770507812,18.969999313354492
2023-04-11,186.27999877929688,394.2759704589844,94.40802764892578,19.100000381469727
2023-04-12,187.19000244140625,392.6689147949219,94.31096649169922,19.09000015258789
2023-04-13,189.72000122070312,397.8846740722656,93.56983184814453,17.799999237060547
2023-04-14,186.36000061035156,396.9127502441406,92.7139663696289,17.06999969482422
2023-04-17,185.52999877929688,398.3369140625,91.61106872558594,16.950000762939453
2023-04-18,186.25,398.59674072265625,91.93751525878906,16.829999923706055
2023-04-19,185.36000061035156,398.5293884277344,91.84931945800781,16.459999084472656
2023-04-20,186.08999633789062,396.3546142578125,92.63455963134766,17.170000076293945
2023-04-21,184.25,396.6625671386719,92.11400604248047,16.770000457763672
2023-04-24,184.80999755859375,397.0762634277344,93.00513458251953,16.889999389648438
2023-04-25,185.75,390.77325439453125,94.37273406982422,18.760000228881836
2023-04-26,184.74000549316406,389.1180419921875,93.36688232421875,18.84000015258789
2023-04-27,184.75,396.8645935058594,92.44043731689453,17.030000686645508
2023-04-28,184.8000030517578,400.251953125,93.93156433105469,15.779999732971191
2023-05-01,183.97000122070312,399.8477478027344,91.22310638427734,16.079999923706055
2023-05-02,187.52000427246094,395.353759765625,93.49637603759766,17.780000686645508
2023-05-03,189.11000061035156,392.6401062011719,94.01824951171875,18.34000015258789
2023-05-04,190.44000244140625,389.8590393066406,93.08946228027344,20.09000015258789
2023-05-05,187.4600067138672,397.0762634277344,92.77989959716797,17.190000534057617
2023-05-08,187.69000244140625,397.1821594238281,91.47960662841797,16.979999542236328
2023-05-09,189.02000427246094,395.4403381347656,91.1523208618164,17.709999084472656
2023-05-10,188.75,397.28802490234375,92.036865234375,16.940000534057617
2023-05-11,187.1300048828125,396.59515380859375,93.0098876953125,16.93000030517578
2023-05-12,186.80999755859375,396.07550048828125,92.23147583007812,17.030000686645508
2023-05-15,187.2100067138672,397.4419860839844,91.27616882324219,17.1200008392334
2023-05-16,184.8699951171875,394.7859802246094,91.00196075439453,17.989999771118164
2023-05-17,184.22999572753906,399.57830810546875,90.73661041259766,16.8700008392334
2023-05-18,181.83999633789062,403.4275207519531,90.06432342529297,16.049999237060547
2023-05-19,183.63999938964844,402.8404846191406,89.42747497558594,16.809999465942383
2023-05-22,183.2100067138672,403.0041198730469,89.10901641845703,17.209999084472656
2023-05-23,183.42999267578125,398.48126220703125,89.36554718017578,18.530000686645508
2023-05-24,181.9499969482422,395.59429931640625,88.92327880859375,20.030000686645508
2023-05-25,180.1999969482422,399.02008056640625,88.70214080810547,19.139999389648438
2023-05-26,180.9199981689453,404.1877136230469,89.41863250732422,17.950000762939453
2023-05-30,182.0399932861328,404.3417053222656,90.31202697753906,17.459999084472656
2023-05-31,182.32000732421875,402.0995788574219,91.09927368164062,17.940000534057617
2023-06-01,183.75999450683594,405.91986083984375,91.4566879272461,15.649999618530273
2023-06-02,181.0500030517578,411.7899475097656,90.4544906616211,14.600000381469727
2023-06-05,182.13999938964844,411.00091552734375,90.28598022460938,14.729999542236328
2023-06-06,182.33999633789062,411.89581298828125,90.8181381225586,13.960000038146973
2023-06-07,180.14999389648438,410.4715576171875,89.47001647949219,13.9399995803833
2023-06-08,182.52999877929688,412.9543762207031,90.51654815673828,13.649999618530273
2023-06-09,182.0399932861328,413.6953430175781,90.39239501953125,13.829999923706055
2023-06-12,181.8800048828125,417.44830322265625,90.6584701538086,15.010000228881836
2023-06-13,180.5399932861328,420.2005615234375,89.76270294189453,14.609999656677246
2023-06-14,180.63999938964844,420.7008972167969,90.48109436035156,13.880000114440918
2023-06-15,181.91000366210938,425.9166564941406,91.35025024414062,14.5
2023-06-16,181.6300048828125,424.4658508300781,90.99549102783203,13.539999961853027
2023-06-20,179.75,422.263671875,91.62519836425781,13.880000114440918
2023-06-21,179.49000549316406,420.1000671386719,91.846923828125,13.199999809265137
2023-06-22,177.7100067138672,421.6165466308594,90.73827362060547,12.90999984741211
2023-06-23,178.1999969482422,418.4290771484375,91.64290618896484,13.4399995803833
2023-06-26,178.50999450683594,416.719482421875,91.74047088623047,14.25
2023-06-27,177.69000244140625,421.28814697265625,91.50101470947266,13.739999771118164
2023-06-28,177.27999877929688,421.5006103515625,91.8912582397461,13.430000305175781
2023-06-29,177.08999633789062,423.1618957519531,90.23275756835938,13.539999961853027
2023-06-30,178.27000427246094,428.15557861328125,91.29701232910156,13.59000015258789
2023-07-03,178.47000122070312,428.6481628417969,90.77946472167969,13.569999694824219
2023-07-05,177.83999633789062,428.0106506347656,89.91686248779297,14.180000305175781
2023-07-06,177.30999755859375,424.6590576171875,88.64515686035156,15.4399995803833
2023-07-07,178.63999938964844,423.58685302734375,88.11157989501953,14.829999923706055
2023-07-10,178.77999877929688,424.6590576171875,88.2271957397461,15.069999694824219
2023-07-11,179.4499969482422,427.36346435546875,88.68072509765625,14.84000015258789
2023-07-12,181.8800048828125,430.8019714355469,89.66783905029297,13.539999961853027
2023-07-13,182.00999450683594,434.22119140625,90.61046600341797,13.609999656677246
2023-07-14,181.42999267578125,433.9508056640625,90.07694244384766,13.34000015258789
2023-07-17,181.55999755859375,435.45758056640625,90.12136840820312,13.479999542236328
2023-07-18,183.63999938964844,438.69329833984375,90.53047180175781,13.300000190734863
2023-07-19,183.6699981689453,439.6687927246094,91.55313873291016,13.760000228881836
2023-07-20,182.74000549316406,436.7518615722656,90.44152069091797,13.989999771118164
2023-07-21,182.17999267578125,436.7518615722656,90.46819305419922,13.600000381469727
2023-07-24,181.39999389648438,438.70294189453125,90.13916778564453,13.90999984741211
2023-07-25,182.41000366210938,439.9006652832031,89.9701919555664,13.859999656677246
2023-07-26,183.3000030517578,439.96826171875,90.05913543701172,13.1899995803833
2023-07-27,180.4199981689453,437.0512390136719,88.30719757080078,14.40999984741211
2023-07-28,181.86000061035156,441.3302001953125,88.76075744628906,13.329999923706055
2023-07-31,182.35000610351562,442.1704406738281,88.97420501708984,13.630000114440918
2023-08-01,180.4600067138672,440.9051208496094,87.51618957519531,13.930000305175781
2023-08-02,179.60000610351562,434.77178955078125,86.57984161376953,16.09000015258789
2023-08-03,179.5399932861328,433.5257873535156,84.58235168457031,15.920000076293945
2023-08-04,180.19000244140625,431.56512451171875,86.0804672241211,17.100000381469727
2023-08-07,179.77999877929688,435.33197021484375,85.2332992553711,15.770000457763672
2023-08-08,178.63999938964844,433.43890380859375,86.22314453125,15.989999771118164
2023-08-09,177.7899932861328,430.5412902832031,86.66902160644531,15.960000038146973
2023-08-10,177.60000610351562,430.6957702636719,85.24223327636719,15.850000381469727
2023-08-11,177.60000610351562,430.4446716308594,85.04605102539062,14.84000015258789
2023-08-14,177.05999755859375,432.8207092285156,84.8587646484375,14.819999694824219
2023-08-15,176.58999633789062,427.77886962890625,84.34154510498047,16.459999084472656
2023-08-16,175.57000732421875,424.6396789550781,83.68167114257812,16.780000686645508
2023-08-17,175.3000030517578,421.4040222167969,83.32498168945312,17.889999389648438
2023-08-18,175.3300018310547,421.6068420410156,83.61923217773438,17.299999237060547
2023-08-21,175.80999755859375,424.3499755859375,82.5045394897461,17.1299991607666
2023-08-22,176.10000610351562,423.2005920410156,83.1376953125,16.969999313354492
2023-08-23,177.88999938964844,427.9140319824219,85.1976318359375,15.979999542236328
2023-08-24,177.85000610351562,421.9835510253906,84.63581848144531,17.200000762939453
2023-08-25,177.6199951171875,424.9584045410156,84.91227722167969,15.680000305175781
2023-08-28,178.1300048828125,427.6533203125,85.00146484375,15.079999923706055
2023-08-29,179.8699951171875,433.8349304199219,85.88426971435547,14.449999809265137
2023-08-30,180.32000732421875,435.62176513671875,85.79509735107422,13.880000114440918
2023-08-31,180.02000427246094,434.9843444824219,86.17854309082031,13.569999694824219
2023-09-01,180.11000061035156,435.795654296875,84.83602142333984,13.09000015258789
2023-09-05,178.63999938964844,433.9122009277344,83.64643859863281,14.010000228881836
2023-09-06,177.8300018310547,430.9952087402344,83.8521728515625,14.449999809265137
2023-09-07,178.02000427246094,429.6719665527344,84.08472442626953,14.399999618530273
2023-09-08,178.0800018310547,430.319091796875,84.40670776367188,13.84000015258789
2023-09-11,178.41000366210938,433.1491394042969,83.79850769042969,13.800000190734863
2023-09-12,177.49000549316406,430.7730407714844,84.28150177001953,14.229999542236328
2023-09-13,177.0800018310547,431.2752990722656,84.26360321044922,13.479999542236328
2023-09-14,177.1699981689453,434.9939880371094,83.65538787841797,12.819999694824219
2023-09-15,178.33999633789062,429.7530517578125,83.14556884765625,13.789999961853027
2023-09-18,179.38999938964844,430.00506591796875,83.61962127685547,14.0
2023-09-19,179.22000122070312,429.1132507324219,83.0024642944336,14.109999656677246
2023-09-20,179.35000610351562,425.1683044433594,83.26183319091797,15.140000343322754
2023-09-21,178.0500030517578,418.1409606933594,81.12417602539062,17.540000915527344
2023-09-22,178.6199951171875,417.2007141113281,81.77708435058594,17.200000762939453
2023-09-25,177.6999969482422,418.9552001953125,79.7646484375,16.899999618530273
2023-09-26,176.27999877929688,412.8001403808594,79.48738098144531,18.940000534057617
2023-09-27,174.10000610351562,412.9649353027344,79.07596588134766,18.219999313354492
2023-09-28,173.22999572753906,415.35906982421875,79.31744384765625,17.34000015258789
2023-09-29,171.4499969482422,414.3510437011719,79.32638549804688,17.520000457763672
2023-10-02,169.64999389648438,414.1862487792969,77.99844360351562,17.610000610351562
2023-10-03,169.16000366210938,408.6419372558594,76.32054901123047,19.780000686645508
2023-10-04,169.13999938964844,411.61767578125,77.39730072021484,18.579999923706055
2023-10-05,168.8300018310547,411.4625549316406,77.01146697998047,18.489999771118164
2023-10-06,169.6999969482422,416.3477478027344,76.07833099365234,17.450000762939453
2023-10-09,172.82000732421875,419.0133361816406,77.86384582519531,17.700000762939453
2023-10-10,172.52999877929688,421.1942443847656,77.75617980957031,17.030000686645508
2023-10-11,173.7899932861328,422.9195556640625,79.3802261352539,16.09000015258789
2023-10-12,173.25999450683594,420.34124755859375,77.22681427001953,16.690000534057617
2023-10-13,178.8300018310547,418.24755859375,78.60858154296875,19.31999969482422
2023-10-16,177.9600067138672,422.64813232421875,77.34346008300781,17.209999084472656
2023-10-17,178.2899932861328,422.6287536621094,76.49102783203125,17.8799991607666
2023-10-18,180.8699951171875,416.9971618652344,75.81812286376953,19.219999313354492
2023-10-19,183.08999633789062,413.3332824707031,74.2658462524414,21.399999618530273
2023-10-20,183.58999633789062,408.2541809082031,74.68756103515625,21.709999084472656
2023-10-23,182.97000122070312,407.546630859375,75.5848388671875,20.3700008392334
2023-10-24,182.9499969482422,410.61932373046875,76.58075714111328,18.969999313354492
2023-10-25,183.72000122070312,404.7259826660156,74.87599182128906,20.190000534057617
2023-10-26,184.00999450683594,399.87957763671875,76.02449798583984,20.68000030517578
2023-10-27,186.14999389648438,398.0670166015625,75.70147705078125,21.270000457763672
2023-10-30,185.10000610351562,402.826171875,75.36051177978516,19.75
2023-10-31,184.08999633789062,405.3560791015625,74.99264526367188,18.139999389648438
2023-11-01,183.50999450683594,409.6791076660156,76.61865997314453,16.8700008392334
2023-11-02,184.1199951171875,417.5303039550781,78.36531066894531,15.65999984741211
2023-11-03,184.7899932861328,421.339599609375,78.8964614868164,14.90999984741211
2023-11-06,183.35000610351562,422.3088684082031,78.13119506835938,14.890000343322754
2023-11-07,182.58999633789062,423.51080322265625,79.28363800048828,14.8100004196167
2023-11-08,180.77000427246094,423.8209228515625,80.63414764404297,14.449999809265137
2023-11-09,181.49000549316406,420.51568603515625,78.77943420410156,15.289999961853027
2023-11-10,179.50999450683594,427.0777587890625,79.22061920166016,14.170000076293945
2023-11-13,180.50999450683594,426.6706848144531,79.04054260253906,14.760000228881836
2023-11-14,182.1199951171875,434.9483947753906,80.83221435546875,14.15999984741211
2023-11-15,181.63999938964844,435.8692321777344,79.69779968261719,14.180000305175781
2023-11-16,183.69000244140625,436.40240478515625,80.68815612792969,14.319999694824219
2023-11-17,183.6699981689453,436.94512939453125,81.0663070678711,13.800000190734863
2023-11-20,183.3699951171875,440.30859375,81.56147766113281,13.40999984741211
2023-11-21,185.35000610351562,439.3489685058594,81.52548217773438,13.350000381469727
2023-11-22,184.55999755859375,441.04522705078125,81.81356811523438,12.850000381469727
2023-11-24,185.52000427246094,441.3165588378906,80.8502426147461,12.460000038146973
2023-11-27,186.77000427246094,440.5218200683594,82.20075225830078,12.6899995803833
2023-11-28,189.25999450683594,440.9579772949219,82.36280059814453,12.6899995803833
2023-11-29,189.5399932861328,440.6478271484375,83.3981704711914,12.979999542236328
2023-11-30,188.75,442.3828430175781,82.43482971191406,12.920000076293945
2023-12-01,192.00999450683594,444.9999084472656,83.98738861083984,12.630000114440918
2023-12-04,187.86000061035156,442.6639404296875,83.6532211303711,13.079999923706055
2023-12-05,187.14999389648438,442.5767517089844,85.45055389404297,12.850000381469727
2023-12-06,187.83999633789062,440.7932434082031,86.58857727050781,12.970000267028809
2023-12-07,188.14999389648438,444.1566162109375,86.09182739257812,13.0600004196167
2023-12-08,185.63999938964844,446.0661315917969,85.3873291015625,12.350000381469727
2023-12-11,183.58999633789062,447.8011474609375,85.20670318603516,12.630000114440918
2023-12-12,183.49000549316406,449.8463439941406,85.45958709716797,12.069999694824219
2023-12-13,187.6300048828125,456.0497741699219,87.46466064453125,12.1899995803833
2023-12-14,188.72999572753906,457.51336669921875,89.73989868164062,12.479999542236328
2023-12-15,187.0,456.7601318359375,89.83956909179688,12.279999732971191
2023-12-18,187.85000610351562,459.3294372558594,89.12374114990234,12.5600004196167
2023-12-19,189.1300048828125,462.12255859375,89.6039810180664,12.529999732971191
2023-12-20,188.10000610351562,455.71881103515625,90.21106719970703,13.670000076293945
2023-12-21,189.42999267578125,460.03985595703125,89.6402359008789,13.649999618530273
2023-12-22,190.27000427246094,460.9644470214844,89.23246765136719,13.029999732971191
2023-12-26,191.72000122070312,462.91082763671875,89.48617553710938,12.989999771118164
2023-12-27,192.58999633789062,463.7478332519531,91.07185363769531,12.430000305175781
2023-12-28,191.47000122070312,463.9229736328125,90.410400390625,12.470000267028809
2023-12-29,191.1699981689453,462.5799865722656,89.59490203857422,12.449999809265137
2024-01-02,190.72000122070312,459.9911804199219,89.07843780517578,13.199999809265137
2024-01-03,189.1300048828125,456.2345886230469,89.44993591308594,14.039999961853027
2024-01-04,189.32000732421875,454.7650451660156,88.09078979492188,14.130000114440918
2024-01-05,189.35000610351562,455.38787841796875,87.24813079833984,13.350000381469727
2024-01-08,187.8699951171875,461.88897705078125,88.10890197753906,13.079999923706055
2024-01-09,187.92999267578125,461.1882629394531,87.54712677001953,12.760000228881836
2024-01-10,187.5,463.7965087890625,87.13937377929688,12.6899995803833
2024-01-11,187.8699951171875,463.5921325683594,87.62866973876953,12.4399995803833
2024-01-12,189.7100067138672,463.9132385253906,87.45651245117188,12.699999809265137
2024-01-16,187.91000366210938,462.2101745605469,85.91614532470703,13.84000015258789
2024-01-17,185.83999633789062,459.640869140625,85.78022766113281,14.789999961853027
2024-01-18,187.3699951171875,463.7283630371094,84.98286437988281,14.130000114440918
2024-01-19,187.92999267578125,469.5093078613281,85.25469207763672,13.300000190734863
2024-01-22,187.22000122070312,470.50201416015625,85.76212310791016,13.1899995803833
2024-01-23,187.9499969482422,471.87420654296875,85.0825424194336,12.550000190734863
2024-01-24,186.39999389648438,472.38995361328125,84.58419799804688,13.140000343322754
2024-01-25,187.13999938964844,474.9593505859375,85.13689422607422,13.449999809265137
2024-01-26,187.00999450683594,474.3559265136719,84.97382354736328,13.260000228881836
2024-01-29,188.3300018310547,478.1125183105469,85.952392578125,13.600000381469727
2024-01-30,188.58999633789062,477.74273681640625,86.73163604736328,13.3100004196167
2024-01-31,188.4499969482422,469.947265625,87.5833740234375,14.350000381469727
2024-02-01,190.41000366210938,476.0979919433594,89.3014144897461,13.880000114440918
2024-02-02,188.61000061035156,481.1100158691406,87.328857421875,13.850000381469727
2024-02-05,187.57000732421875,479.3582458496094,85.56537628173828,13.670000076293945
2024-02-06,188.5500030517578,480.74993896484375,86.40166473388672,13.0600004196167
2024-02-07,188.5,484.7596130371094,85.9834976196289,12.829999923706055
2024-02-08,188.3300018310547,484.97369384765625,85.4835433959961,12.789999961853027
2024-02-09,187.60000610351562,487.7765808105469,85.31084442138672,12.930000305175781
2024-02-12,187.11000061035156,487.5625,85.41082763671875,13.930000305175781
2024-02-13,184.52999877929688,480.8472900390625,83.94733428955078,15.850000381469727
2024-02-14,184.4199981689453,485.217041015625,84.37454986572266,14.380000114440918
2024-02-15,185.66000366210938,488.56488037109375,84.81088256835938,14.010000228881836
2024-02-16,186.33999633789062,486.1318359375,84.32001495361328,14.239999771118164
2024-02-20,187.47000122070312,483.4555358886719,84.39275360107422,15.420000076293945
2024-02-21,187.47999572753906,483.8934326171875,83.79279327392578,15.34000015258789
2024-02-22,187.55999755859375,493.9078674316406,84.20183563232422,14.539999961853027
2024-02-23,188.6199951171875,494.2485046386719,85.32901763916016,13.75
2024-02-26,188.1999969482422,492.43829345703125,85.07450866699219,13.739999771118164
2024-02-27,188.0,493.3530578613281,84.47456359863281,13.430000305175781
2024-02-28,188.33999633789062,492.7010192871094,85.01087188720703,13.84000015258789
2024-02-29,189.30999755859375,494.4722900390625,85.6108169555664,13.399999618530273
2024-03-01,192.88999938964844,499.1145324707031,86.14425659179688,13.109999656677246
2024-03-04,196.00999450683594,498.57928466796875,85.79774475097656,13.489999771118164
2024-03-05,197.19000244140625,493.5964050292969,87.01966094970703,14.460000038146973
2024-03-06,198.80999755859375,496.0975646972656,87.53030395507812,14.5
2024-03-07,199.94000244140625,501.0220642089844,87.44823455810547,14.4399995803833
2024-03-08,201.6300048828125,498.0148620605469,87.29322052001953,14.739999771118164
2024-03-11,202.0,497.5866394042969,87.24761962890625,15.220000267028809
2024-03-12,199.7899932861328,502.9393005371094,86.51811218261719,13.84000015258789
2024-03-13,201.19000244140625,502.15093994140625,86.09867858886719,13.75
2024-03-14,200.35000610351562,501.1583251953125,84.77645111083984,14.399999618530273
2024-03-15,199.7100067138672,497.717041015625,84.74909210205078,14.40999984741211
2024-03-18,200.02999877929688,500.6750793457031,84.49376678466797,14.329999923706055
2024-03-19,199.8000030517578,503.4574279785156,84.73085021972656,13.819999694824219
2024-03-20,202.17999267578125,508.114013671875,84.70352172851562,13.039999961853027
2024-03-21,201.97000122070312,509.793212890625,84.88587951660156,12.920000076293945
2024-03-22,200.35000610351562,508.8266906738281,85.69745635986328,13.0600004196167
2024-03-25,200.99000549316406,507.42095947265625,85.26885986328125,13.1899995803833
2024-03-26,201.63999938964844,506.4836730957031,85.50596618652344,13.239999771118164
2024-03-27,203.10000610351562,510.74005126953125,86.35399627685547,12.779999732971191
2024-03-28,205.72000122070312,510.64251708984375,86.28104400634766,13.010000228881836
2024-04-01,207.82000732421875,509.7540588378906,84.67266082763672,13.649999618530273
2024-04-02,210.88999938964844,506.5130920410156,84.20606994628906,14.609999656677246
2024-04-03,212.74000549316406,507.0694274902344,84.18778228759766,14.329999923706055
2024-04-04,211.52000427246094,500.8800964355469,84.7916030883789,16.350000381469727
2024-04-05,215.13999938964844,506.1127624511719,83.61138916015625,16.030000686645508
2024-04-08,216.47999572753906,506.3958740234375,83.60226440429688,15.1899995803833
2024-04-09,217.6699981689453,506.9815673828125,84.37989807128906,14.979999542236328
2024-04-10,215.61000061035156,501.9051208496094,82.5409927368164,15.800000190734863
2024-04-11,219.8000030517578,505.6929626464844,82.16587829589844,14.90999984741211
2024-04-12,216.88999938964844,498.7128601074219,82.60501861572266,17.309999465942383
2024-04-15,220.9499969482422,492.46490478515625,81.3241958618164,19.229999542236328
2024-04-16,221.22000122070312,491.5667724609375,80.784423828125,18.399999618530273
2024-04-17,219.58999633789062,488.6575622558594,81.68099212646484,18.209999084472656
2024-04-18,220.33999633789062,487.6520080566406,81.26929473876953,18.0
2024-04-19,221.02999877929688,483.3955993652344,81.56206512451172,18.709999084472656
2024-04-22,215.57000732421875,487.8472900390625,81.4248046875,16.940000534057617
2024-04-23,215.0399932861328,493.6363525390625,81.4522705078125,15.6899995803833
2024-04-24,214.63999938964844,493.4020690917969,80.87588500976562,15.970000267028809
2024-04-25,215.9199981689453,491.52764892578125,80.30867004394531,15.369999885559082
2024-04-26,216.6199951171875,496.18438720703125,80.72953033447266,15.029999732971191
2024-04-29,216.17999267578125,497.9416198730469,81.40653991699219,14.670000076293945
2024-04-30,211.8699951171875,490.0535888671875,80.71121215820312,15.649999618530273
2024-05-01,213.7899932861328,488.4623107910156,81.30614471435547,15.390000343322754
2024-05-02,213.1300048828125,493.0310974121094,81.6550064086914,14.680000305175781
2024-05-03,212.9600067138672,499.1424560546875,82.48128509521484,13.489999771118164
2024-05-06,215.1999969482422,504.2969055175781,82.80265808105469,13.489999771118164
2024-05-07,214.2100067138672,504.8534240722656,83.30757141113281,13.229999542236328
2024-05-08,213.5800018310547,504.9022521972656,82.80265808105469,13.0
2024-05-09,216.9499969482422,507.8114013671875,83.20658111572266,12.6899995803833
2024-05-10,218.7100067138672,508.4655456542969,82.73834991455078,12.550000190734863
2024-05-13,216.25999450683594,508.5337829589844,82.94950866699219,13.600000381469727
2024-05-14,218.08999633789062,510.8670654296875,83.41775512695312,13.420000076293945
2024-05-15,220.88999938964844,517.193115234375,84.55616760253906,12.449999809265137
2024-05-16,220.02999877929688,516.1289672851562,84.47354125976562,12.420000076293945
2024-05-17,223.66000366210938,516.8710327148438,83.9043197631836,11.989999771118164
2024-05-20,224.55999755859375,517.4664916992188,83.65644836425781,12.149999618530273
2024-05-21,224.22999572753906,518.7355346679688,84.08795166015625,11.859999656677246
2024-05-22,220.11000061035156,517.2418823242188,84.18896484375,12.289999961853027
2024-05-23,215.72000122070312,513.4638671875,83.64728546142578,12.770000457763672
2024-05-24,215.9199981689453,516.8611450195312,83.8951416015625,11.930000305175781
2024-05-28,218.19000244140625,517.2223510742188,82.69246673583984,12.920000076293945
2024-05-29,216.16000366210938,513.6004638671875,81.6917495727539,14.279999732971191
2024-05-30,216.57000732421875,510.1934509277344,82.48128509521484,14.470000267028809
2024-05-31,215.3000030517578,514.84033203125,83.04132843017578,12.920000076293945
2024-06-03,217.22000122070312,515.2601318359375,84.38447570800781,13.109999656677246
2024-06-04,215.27000427246094,515.836181640625,85.37017822265625,13.15999984741211
2024-06-05,217.82000732421875,521.9669189453125,85.99662017822266,12.630000114440918
2024-06-06,219.42999267578125,521.95703125,85.86766815185547,12.579999923706055
2024-06-07,211.60000610351562,521.322509765625,84.29235076904297,12.220000267028809
2024-06-10,213.5399932861328,522.9332885742188,83.73042297363281,12.739999771118164
2024-06-11,214.14999389648438,524.1926879882812,84.59636688232422,12.850000381469727
2024-06-12,214.72000122070312,528.4979248046875,85.23200225830078,12.039999961853027
2024-06-13,212.97000122070312,529.56201171875,86.48487854003906,11.9399995803833
2024-06-14,215.72999572753906,529.88427734375,87.21265411376953,12.65999984741211
2024-06-17,214.61000061035156,534.1015625,86.34669494628906,12.75
2024-06-18,215.47000122070312,535.45849609375,87.13896942138672,12.300000190734863
2024-06-20,218.16000366210938,534.00390625,86.55857849121094,13.279999732971191
2024-06-21,214.77999877929688,533.2880859375,86.55857849121094,13.199999809265137
2024-06-24,215.6300048828125,531.5545043945312,86.90865325927734,13.329999923706055
2024-06-25,214.55999755859375,533.6014404296875,87.05604553222656,12.84000015258789
2024-06-26,212.5800018310547,534.2673950195312,85.8124008178711,12.550000190734863
2024-06-27,214.99000549316406,535.1096801757812,86.15322875976562,12.239999771118164
2024-06-28,215.00999450683594,533.0039672851562,84.55030059814453,12.4399995803833
2024-07-01,215.57000732421875,534.1009521484375,83.09104919433594,12.220000267028809
2024-07-02,215.55999755859375,537.6953125,83.73796081542969,12.029999732971191
2024-07-03,217.99000549316406,540.0948486328125,84.83773040771484,12.09000015258789
2024-07-05,220.92999267578125,543.2092895507812,85.54006958007812,12.479999542236328
2024-07-08,218.19000244140625,543.8360595703125,85.72492218017578,12.369999885559082
2024-07-09,218.55999755859375,544.3649291992188,85.34601593017578,12.510000228881836
2024-07-10,219.36000061035156,549.7515869140625,85.61400604248047,12.850000381469727
2024-07-11,223.25,545.0114135742188,86.44575500488281,12.920000076293945
2024-07-12,223.11000061035156,548.448974609375,86.81541442871094,12.460000038146973
2024-07-15,223.8300018310547,549.957275390625,85.81732940673828,13.119999885559082
2024-07-16,228.2899932861328,553.2186889648438,87.0279541015625,13.1899995803833
2024-07-17,227.22999572753906,545.4618530273438,87.04646301269531,14.479999542236328
2024-07-18,225.77999877929688,541.27001953125,86.38105773925781,15.930000305175781
2024-07-19,221.72999572753906,537.6757202148438,85.87276458740234,16.520000457763672
2024-07-22,221.8000030517578,543.2190551757812,85.62325286865234,14.90999984741211
2024-07-23,222.5800018310547,542.3670043945312,85.50310516357422,14.720000267028809
2024-07-24,221.8000030517578,530.0755615234375,84.57894897460938,18.040000915527344
2024-07-25,218.3300018310547,527.313720703125,85.27208709716797,18.459999084472656
2024-07-26,220.6300048828125,533.2194213867188,85.9374771118164,16.389999389648438
2024-07-29,220.32000732421875,533.5328979492188,86.39954376220703,16.600000381469727
2024-07-30,222.52000427246094,530.829833984375,86.73223876953125,17.690000534057617
2024-07-31,226.5500030517578,539.4581909179688,87.61943054199219,16.360000610351562
2024-08-01,225.77000427246094,531.8189697265625,88.3751220703125,18.59000015258789
2024-08-02,225.33999633789062,521.9172973632812,91.1290283203125,23.389999389648438
2024-08-05,222.47999572753906,506.7171630859375,91.6111831665039,38.56999969482422
2024-08-06,220.6999969482422,511.3889465332031,89.56201171875,27.709999084472656
2024-08-07,220.5500030517578,507.9708251953125,88.93148803710938,27.850000381469727
2024-08-08,224.00999450683594,519.7136840820312,88.38439178466797,23.790000915527344
2024-08-09,224.55999755859375,522.0054321289062,89.25601196289062,20.3700008392334
2024-08-12,228.41000366210938,522.2796630859375,89.58052825927734,20.709999084472656
2024-08-13,228.05999755859375,530.8689575195312,90.20178985595703,18.1200008392334
2024-08-14,226.1999969482422,532.5436401367188,90.76741027832031,16.190000534057617
2024-08-15,226.91000366210938,541.6716918945312,90.03488159179688,15.229999542236328
2024-08-16,231.99000549316406,542.8861083984375,90.35015106201172,14.800000190734863
2024-08-19,231.61000061035156,548.0768432617188,90.76741027832031,14.649999618530273
2024-08-20,232.4600067138672,547.1856079101562,91.49064636230469,15.880000114440918
2024-08-21,232.14999389648438,549.0659790039062,91.5462875366211,16.270000457763672
2024-08-22,229.3699951171875,544.7566528320312,90.63760375976562,17.549999237060547
2024-08-23,232.02000427246094,550.544921875,91.23103332519531,15.859999656677246
2024-08-26,232.75999450683594,549.2325439453125,90.99921417236328,16.149999618530273
2024-08-27,233.38999938964844,549.9866333007812,90.84159851074219,15.430000305175781
2024-08-28,231.75,546.7938232421875,90.73028564453125,17.110000610351562
2024-08-29,232.9499969482422,546.8427124023438,90.43358612060547,15.649999618530273
2024-08-30,231.2899932861328,552.0628662109375,89.46926879882812,15.0
2024-09-03,230.2899932861328,540.7020874023438,90.93257141113281,20.719999313354492
2024-09-04,230.42999267578125,539.5953369140625,92.10469055175781,21.31999969482422
2024-09-05,232.35000610351562,538.2828369140625,92.62564086914062,19.899999618530273
2024-09-06,230.6300048828125,529.2235107421875,92.6163330078125,22.3799991607666
2024-09-09,231.60000610351562,535.1487426757812,93.01632690429688,19.450000762939453
2024-09-10,232.6199951171875,537.4797973632812,93.66752624511719,19.079999923706055
2024-09-11,232.25,542.9938354492188,93.59310150146484,17.690000534057617
2024-09-12,236.3300018310547,547.5675659179688,93.15587615966797,17.06999969482422
2024-09-13,238.67999267578125,550.4274291992188,93.40704345703125,16.559999465942383
2024-09-16,238.66000366210938,551.2402954101562,94.26288604736328,17.139999389648438
2024-09-17,237.33999633789062,551.4655151367188,93.80705261230469,17.610000610351562
2024-09-18,235.50999450683594,549.8300170898438,92.64423370361328,18.229999542236328
2024-09-19,239.1699981689453,559.2125244140625,92.33727264404297,16.329999923706055
2024-09-20,242.2100067138672,558.2459106445312,91.98374938964844,16.149999618530273
2024-09-23,242.67999267578125,559.6408081054688,91.78840637207031,15.890000343322754
2024-09-24,246.07000732421875,561.2421264648438,91.7697982788086,15.390000343322754
2024-09-25,245.72999572753906,560.0043334960938,91.0069808959961,15.40999984741211
2024-09-26,246.97999572753906,562.2245483398438,91.22093963623047,15.369999885559082
2024-09-27,245.02000427246094,561.4090576171875,91.69536590576172,16.959999084472656
2024-09-30,243.05999755859375,563.6588134765625,91.25814819335938,16.729999542236328
2024-10-01,245.61000061035156,558.6093139648438,91.91702270507812,19.260000228881836
2024-10-02,245.66000366210938,558.8450317382812,91.14244079589844,18.899999618530273
2024-10-03,245.49000549316406,557.8234252929688,90.2838363647461,20.489999771118164
2024-10-04,245.0,562.8925170898438,89.17324829101562,19.209999084472656
2024-10-07,244.1699981689453,557.8037109375,88.50130462646484,22.639999389648438
2024-10-08,242.3699951171875,563.0791625976562,88.65061950683594,21.420000076293945
2024-10-09,241.0500030517578,566.9793701171875,88.14665222167969,20.860000610351562
2024-10-10,242.82000732421875,565.9871215820312,87.80133819580078,20.93000030517578
2024-10-11,245.47000122070312,569.3763427734375,87.44669342041016,20.459999084472656
2024-10-14,245.07000732421875,574.0328369140625,87.51204681396484,19.700000762939453
2024-10-15,245.9199981689453,569.5728759765625,88.57597351074219,20.639999389648438
2024-10-16,247.14999389648438,572.0485229492188,88.94925689697266,19.579999923706055
2024-10-17,248.6300048828125,572.0975341796875,87.54003143310547,19.110000610351562
2024-10-18,251.27000427246094,574.298095703125,87.60536193847656,18.030000686645508
2024-10-21,251.22000122070312,573.3550415039062,86.0748062133789,18.3700008392334
2024-10-22,253.92999267578125,573.050537109375,86.15880584716797,18.200000762939453
2024-10-23,250.8699951171875,567.8143310546875,85.92549133300781,19.239999771118164
2024-10-24,252.8000030517578,569.0424194335938,86.47611999511719,19.079999923706055
2024-10-25,253.32000732421875,568.8458251953125,85.99081420898438,20.329999923706055
2024-10-28,253.3300018310547,570.6043701171875,85.75750732421875,19.799999237060547
2024-10-29,256.0899963378906,571.52783203125,85.8881607055664,19.34000015258789
2024-10-30,257.5,569.7987670898438,86.14015197753906,20.350000381469727
2024-10-31,253.50999450683594,558.6289672851562,86.2801284790039,23.15999984741211
2024-11-01,252.47000122070312,560.9866943359375,85.06372833251953,21.8799991607666
2024-11-04,252.8300018310547,559.7783813476562,86.38406372070312,21.979999542236328
2024-11-05,253.39999389648438,566.5470581054688,86.84290313720703,20.489999771118164
2024-11-06,245.6999969482422,580.6345825195312,84.46442413330078,16.270000457763672
2024-11-07,249.64999389648438,585.124267578125,85.52256774902344,15.199999809265137
2024-11-08,247.9600067138672,587.65869140625,86.60881805419922,14.9399995803833
2024-11-11,242.13999938964844,588.2186889648438,86.18742370605469,14.970000267028809
2024-11-12,240.0500030517578,586.3914184570312,84.89517211914062,14.710000038146973
2024-11-13,237.6300048828125,586.6763305664062,84.08985900878906,14.020000457763672
2024-11-14,237.00999450683594,582.9039306640625,84.57678985595703,14.3100004196167
2024-11-15,236.58999633789062,575.437744140625,84.35205078125,16.139999389648438
2024-11-18,241.08999633789062,577.7954711914062,84.50189208984375,15.579999923706055
2024-11-19,243.25,579.9076538085938,84.93263244628906,16.350000381469727
2024-11-20,244.6199951171875,580.1041259765625,84.66108703613281,17.15999984741211
2024-11-21,246.66000366210938,583.2183227539062,84.59552764892578,16.8700008392334
2024-11-22,249.83999633789062,585.02587890625,84.64234924316406,15.239999771118164
2024-11-25,242.47999572753906,587.0103759765625,86.83356475830078,14.600000381469727
2024-11-26,242.9499969482422,590.075439453125,86.4964370727539,14.100000381469727
2024-11-27,243.49000549316406,588.2874755859375,87.09574890136719,14.100000381469727
2024-11-29,245.58999633789062,591.94189453125,87.99469757080078,13.510000228881836
2024-12-02,243.44000244140625,593.0029296875,88.20613098144531,13.34000015258789
2024-12-03,243.92999267578125,593.2780151367188,87.44499969482422,13.300000190734863
2024-12-04,244.6699981689453,596.9619140625,88.38467407226562,13.449999809265137
2024-12-05,242.86000061035156,595.9796142578125,88.56318664550781,13.539999961853027
2024-12-06,242.9499969482422,597.1093139648438,88.69477081298828,12.770000457763672
2024-12-09,245.36000061035156,594.0344848632812,87.87724304199219,14.1899995803833
2024-12-10,248.58999633789062,592.1875610351562,87.46380615234375,14.180000305175781
2024-12-11,250.9600067138672,596.7655029296875,86.63687896728516,13.579999923706055
2024-12-12,247.27999877929688,593.690673828125,85.5844497680664,13.920000076293945
2024-12-13,244.2899932861328,593.5726928710938,84.71058654785156,13.8100004196167
2024-12-16,244.8800048828125,596.1072998046875,84.96429443359375,14.6899995803833
2024-12-17,243.94000244140625,593.6513061523438,85.17102813720703,15.869999885559082
2024-12-18,239.25999450683594,575.9584350585938,84.10601043701172,27.6200008392334
2024-12-19,239.60000610351562,575.7815551757812,82.83253479003906,24.09000015258789
2024-12-20,242.10000610351562,582.697265625,83.30416870117188,18.360000610351562
2024-12-23,240.9600067138672,586.1866455078125,82.54010009765625,16.780000686645508
2024-12-24,241.44000244140625,592.7020874023438,82.8891372680664,14.270000457763672
2024-12-26,243.07000732421875,592.7416381835938,82.84197998046875,14.729999542236328
2024-12-27,241.39999389648438,586.5020751953125,82.16280364990234,15.949999809265137
2024-12-30,240.6300048828125,579.8092041015625,82.82311248779297,17.399999618530273
2024-12-31,242.1300048828125,577.6997680664062,82.3797378540039,17.350000381469727
2025-01-02,245.4199981689453,576.2803344726562,82.60614776611328,17.93000030517578
2025-01-03,243.49000549316406,583.48583984375,82.34202575683594,16.1299991607666
2025-01-06,243.19000244140625,586.8470458984375,81.97413635253906,16.040000915527344
2025-01-07,244.55999755859375,580.2133178710938,81.04967498779297,17.81999969482422
2025-01-08,245.86000061035156,581.0609741210938,81.15342712402344,17.700000762939453
2025-01-10,248.2100067138672,572.1896362304688,80.61573791503906,19.540000915527344
2025-01-13,245.74000549316406,573.0767822265625,80.58744049072266,19.190000534057617
2025-01-14,247.02999877929688,573.8653564453125,80.45538330078125,18.709999084472656
2025-01-15,248.8800048828125,584.3040161132812,81.84205627441406,16.1200008392334
2025-01-16,250.60000610351562,583.1802368164062,82.1061782836914,16.600000381469727
2025-01-17,249.27000427246094,589.0353393554688,82.24768829345703,15.970000267028809
2025-01-21,253.1300048828125,594.4271240234375,82.98348236083984,15.0600004196167
2025-01-22,254.42999267578125,597.7685546875,82.54954528808594,15.100000381469727
2025-01-23,254.07000732421875,601.0313110351562,81.9081039428711,15.020000457763672
2025-01-24,255.64999389648438,599.2767333984375,82.27597045898438,14.850000381469727
2025-01-27,252.99000549316406,590.7996826171875,83.24758911132812,17.899999618530273
2025-01-28,255.17999267578125,595.8760375976562,83.19100189208984,16.40999984741211
2025-01-29,254.1999969482422,593.204833984375,83.02120971679688,16.559999465942383
2025-01-30,258.04998779296875,596.3885498046875,83.33248901367188,15.84000015258789
2025-01-31,258.55999755859375,593.2147216796875,82.78538513183594,16.43000030517578
2025-02-03,259.94000244140625,589.2225341796875,83.45941162109375,18.6200008392334
2025-02-04,262.5,593.1752319335938,83.71501922607422,17.209999084472656
2025-02-05,264.1300048828125,595.5803833007812,85.09718322753906,15.770000457763672
2025-02-06,263.42999267578125,597.6503295898438,85.0593032836914,15.5
2025-02-07,263.8999938964844,592.1796875,84.51022338867188,16.540000915527344
2025-02-10,268.3699951171875,596.2012329101562,84.25463104248047,15.8100004196167
2025-02-11,267.3900146484375,596.6547241210938,83.71501922607422,16.020000457763672
2025-02-12,267.6700134277344,594.732666015625,82.57899475097656,15.890000343322754
2025-02-13,270.30999755859375,601.0115966796875,83.95166778564453,15.100000381469727
2025-02-14,266.2900085449219,600.9819946289062,84.39662170410156,14.770000457763672
2025-02-18,270.70001220703125,602.7463989257812,83.4026107788086,15.350000381469727
2025-02-19,270.8500061035156,604.1658325195312,83.50674438476562,15.270000457763672
2025-02-20,270.989990234375,601.65234375,83.81916046142578,15.65999984741211
2025-02-21,270.739990234375,591.361572265625,84.83210754394531,18.209999084472656
2025-02-24,272.2099914550781,588.670654296875,85.07823944091797,18.979999542236328
2025-02-25,268.6199951171875,585.7431030273438,86.54559326171875,19.43000030517578
2025-02-26,269.0299987792969,586.0386962890625,87.05681610107422,19.100000381469727
2025-02-27,264.92999267578125,576.6844482421875,86.44145202636719,21.1299991607666
2025-02-28,263.2699890136719,585.6838989257812,87.5017318725586,19.6299991607666
2025-03-03,266.739990234375,575.4227905273438,87.91010284423828,22.780000686645508
2025-03-04,269.05999755859375,568.6116333007812,86.82748413085938,23.510000228881836
2025-03-05,269.6199951171875,574.722900390625,86.13423919677734,21.93000030517578
2025-03-06,268.25,564.52099609375,85.8493423461914,24.8700008392334
2025-03-07,268.3900146484375,567.68505859375,85.57393646240234,23.3700008392334
2025-03-10,266.0400085449219,552.5643920898438,86.46661376953125,27.860000610351562
2025-03-11,269.1600036621094,547.9710083007812,85.8493423461914,26.920000076293945
2025-03-12,270.3299865722656,550.8787841796875,85.33651733398438,24.229999542236328
2025-03-13,275.1300048828125,543.5353393554688,86.08674621582031,24.65999984741211
2025-03-14,275.239990234375,554.762451171875,85.63090515136719,21.770000457763672
2025-03-17,276.7300109863281,559.0404052734375,86.05826568603516,20.510000228881836
2025-03-18,279.9599914550781,552.9981079101562,86.14373016357422,21.700000762939453
2025-03-19,281.1099853515625,559.0206909179688,86.59007263183594,19.899999618530273
2025-03-20,280.75,557.4041748046875,86.64704132080078,19.799999237060547
2025-03-21,278.489990234375,557.5880126953125,86.13423919677734,19.280000686645508
2025-03-24,277.25,567.5736083984375,85.25103759765625,17.479999542236328
2025-03-25,278.4700012207031,568.93798828125,85.24154663085938,17.149999618530273
2025-03-26,278.239990234375,562.1458740234375,84.6812515258789,18.329999923706055
2025-03-27,281.9700012207031,560.6528930664062,84.4343490600586,18.690000534057617
2025-03-28,284.05999755859375,549.3623046875,85.60242462158203,21.649999618530273
2025-03-31,288.1400146484375,553.0501098632812,86.44761657714844,22.280000686645508
2025-04-01,287.57000732421875,554.6121215820312,87.19673919677734,21.770000457763672
2025-04-02,288.1600036621094,558.1219482421875,87.1395492553711,21.510000228881836
2025-04-03,286.4200134277344,530.6173095703125,87.53983306884766,30.020000457763672
2025-04-04,279.7200012207031,499.5533447265625,88.492919921875,45.310001373291016
2025-04-07,273.7099914550781,498.6635437011719,85.82431030273438,46.97999954223633
2025-04-08,275.20001220703125,490.8531188964844,84.2040786743164,52.33000183105469
2025-04-09,285.3800048828125,542.4021606445312,84.6996841430664,33.619998931884766
2025-04-10,292.3500061035156,518.6346435546875,82.36465454101562,40.720001220703125
2025-04-11,297.92999267578125,527.8884887695312,82.8125991821289,37.560001373291016
2025-04-14,296.2300109863281,533.0098266601562,83.40351104736328,30.889999389648438
2025-04-15,297.7799987792969,531.5169067382812,83.69893646240234,30.1200008392334
2025-04-16,307.4700012207031,519.7022705078125,84.16596221923828,32.63999938964844
2025-04-17,306.1199951171875,520.44384765625,83.42256164550781,29.649999618530273
2025-04-21,315.5899963378906,508.0558776855469,81.96436309814453,33.81999969482422
2025-04-22,311.1099853515625,521.2743530273438,82.42184448242188,30.56999969482422
2025-04-23,303.6499938964844,529.3516845703125,83.22241973876953,28.450000762939453
2025-04-24,308.07000732421875,540.4940185546875,84.09923553466797,26.469999313354492
2025-04-25,304.7300109863281,544.3993530273438,84.71875,24.84000015258789
2025-04-28,309.07000732421875,544.6068115234375,85.2524642944336,25.149999618530273
2025-04-29,306.05999755859375,548.03759765625,85.9672622680664,24.170000076293945
2025-04-30,303.7699890136719,548.2550048828125,85.27152252197266,24.700000762939453
2025-05-01,297.4599914550781,552.1405029296875,84.83915710449219,24.600000381469727
2025-05-02,297.9800109863281,560.3365478515625,83.92085266113281,22.68000030517578
2025-05-05,306.8800048828125,557.1234130859375,83.45211029052734,23.639999389648438
2025-05-06,315.4800109863281,552.466796875,83.7295150756836,24.760000228881836
2025-05-07,310.75,554.7902221679688,84.08345031738281,23.549999237060547
2025-05-08,304.6300048828125,558.6558227539062,83.14600372314453,22.479999542236328
2025-05-09,306.8399963378906,557.9439697265625,83.27035522460938,21.899999618530273
2025-05-12,298.19000244140625,576.382568359375,82.49552917480469,18.389999389648438
2025-05-13,299.4599914550781,580.18896484375,82.16072845458984,18.219999313354492
2025-05-14,293.1600036621094,580.9304809570312,81.615478515625,18.6200008392334
2025-05-15,297.8399963378906,583.7679443359375,82.33289337158203,17.829999923706055
2025-05-16,294.239990234375,587.465576171875,82.55292510986328,17.239999771118164
2025-05-19,298.0299987792969,588.108154296875,82.31378173828125,18.139999389648438
2025-05-20,303.5799865722656,586.130859375,81.72068786621094,18.09000015258789
2025-05-21,305.82000732421875,576.2540893554688,80.32411193847656,20.8700008392334
2025-05-22,303.1099853515625,576.4815063476562,80.7449951171875,20.280000686645508
2025-05-23,309.75,572.5465087890625,80.87891387939453,22.290000915527344
2025-05-27,304.5,584.4501342773438,82.0076675415039,18.959999084472656
2025-05-28,303.80999755859375,581.06884765625,81.65373992919922,19.309999465942383
2025-05-29,305.6099853515625,583.3626098632812,82.40943908691406,19.18000030517578
2025-05-30,303.6000061035156,582.7100830078125,82.53378295898438,18.56999969482422
2025-06-02,311.6700134277344,585.992431640625,81.76567840576172,18.360000610351562
2025-06-03,308.9100036621094,589.3341674804688,81.62165832519531,17.690000534057617
2025-06-04,310.8999938964844,589.176025390625,82.9466552734375,17.610000610351562
2025-06-05,309.3299865722656,586.3285522460938,83.00425720214844,18.479999542236328
2025-06-06,305.17999267578125,592.349609375,81.94811248779297,16.770000457763672
2025-06-09,306.6199951171875,592.8834228515625,82.0345230102539,17.15999984741211
2025-06-10,306.7099914550781,596.2449340820312,82.45697784423828,16.950000762939453
2025-06-11,308.3699951171875,594.5443725585938,82.70662689208984,17.260000228881836
2025-06-12,312.20001220703125,596.9072875976562,83.69557189941406,18.020000457763672
2025-06-13,316.2900085449219,590.2338256835938,82.88904571533203,20.81999969482422
2025-06-16,311.7799987792969,595.8494873046875,82.05371856689453,19.110000610351562
2025-06-17,311.94000244140625,590.7578125,83.0522689819336,21.600000381469727
2025-06-18,310.260009765625,590.6688232421875,83.1962890625,20.139999389648438
2025-06-20,310.1300048828125,589.2816162109375,83.04266357421875,20.6200008392334
2025-06-23,311.0799865722656,595.1021728515625,83.3115005493164,19.829999923706055
2025-06-24,306.19000244140625,601.676513671875,83.91639709472656,17.479999542236328
2025-06-25,307.1199951171875,602.0135498046875,84.02201080322266,16.760000228881836
2025-06-26,306.7799987792969,606.7236328125,84.4444580078125,16.59000015258789
2025-06-27,301.2200012207031,609.7380981445312,83.90678405761719,16.31999969482422
2025-06-30,304.8299865722656,612.6533203125,84.73250579833984,16.729999542236328
2025-07-01,307.54998779296875,612.455078125,84.9426040649414,16.829999923706055
2025-07-02,309.25,615.2315063476562,84.40292358398438,16.639999389648438
2025-07-03,307.1400146484375,620.0803833007812,83.81504821777344,16.3799991607666
2025-07-07,307.3699951171875,615.4595336914062,83.01516723632812,17.790000915527344
2025-07-08,304.1600036621094,615.1224365234375,82.90914154052734,16.809999465942383
2025-07-09,305.5199890136719,618.8110961914062,83.77650451660156,15.9399995803833
2025-07-10,306.20001220703125,620.5563354492188,83.83431243896484,15.779999732971191
2025-07-11,309.1400146484375,618.3748168945312,82.67787170410156,16.399999618530273
2025-07-14,308.010009765625,619.5548095703125,82.50437927246094,17.200000762939453
2025-07-15,306.7300109863281,616.9072875976562,81.92615509033203,17.3799991607666
2025-07-16,308.260009765625,618.9697265625,82.04179382324219,17.15999984741211
2025-07-17,307.5899963378906,622.7576293945312,82.02251434326172,16.520000457763672
2025-07-18,308.3900146484375,622.301513671875,82.1478042602539,16.40999984741211
2025-07-21,313.1300048828125,623.4815063476562,82.88024139404297,16.649999618530273
2025-07-22,316.1000061035156,623.5706787109375,83.38137817382812,16.5
2025-07-23,312.17999267578125,628.8757934570312,82.91879272460938,15.369999885559082
2025-07-24,310.2699890136719,629.083984375,82.77421569824219,15.390000343322754
2025-07-25,307.3999938964844,631.741455078125,83.29463958740234,14.930000305175781
2025-07-28,305.4100036621094,631.582763671875,82.75495147705078,15.029999732971191
2025-07-29,306.25,629.9169311523438,84.15235900878906,15.979999542236328
2025-07-30,300.9599914550781,629.1236572265625,83.71867370605469,15.479999542236328
2025-07-31,302.9599914550781,626.763671875,83.76685333251953,16.719999313354492
2025-08-01,309.1099853515625,616.4907836914062,84.9577407836914,20.3799991607666
2025-08-04,310.9100036621094,625.8612670898438,85.1899185180664,17.520000457763672
2025-08-05,311.1600036621094,622.6881713867188,85.45111846923828,17.850000381469727
2025-08-06,310.5,627.4578247070312,84.9577407836914,16.770000457763672
2025-08-07,313.1199951171875,626.9322509765625,84.8126220703125,16.56999969482422
2025-08-08,313.04998779296875,631.82080078125,84.44502258300781,15.149999618530273
2025-08-11,308.54998779296875,630.5712890625,84.541748046875,16.25
2025-08-12,308.2699890136719,637.284423828125,84.11609649658203,14.729999542236328
2025-08-13,309.2099914550781,639.4659423828125,84.8126220703125,14.489999771118164
2025-08-14,307.25,639.5254516601562,84.18380737304688,14.829999923706055
2025-08-15,307.42999267578125,638.0281372070312,83.58402252197266,15.09000015258789
2025-08-18,306.95001220703125,637.8892822265625,83.34217834472656,14.989999771118164
2025-08-19,305.2699890136719,634.4286499023438,83.82587432861328,15.569999694824219
2025-08-20,308.3599853515625,632.7429809570312,84.00968170166016,15.6899995803833
2025-08-21,307.2900085449219,630.2044677734375,83.59370422363281,16.600000381469727
2025-08-22,310.5799865722656,639.88232421875,84.21284484863281,14.220000267028809
2025-08-25,309.8299865722656,637.0662231445312,83.97098541259766,14.789999961853027
2025-08-26,312.0799865722656,639.733642578125,83.92261505126953,14.619999885559082
2025-08-27,312.7099914550781,641.1912841796875,83.82587432861328,14.850000381469727
2025-08-28,315.0299987792969,643.4620361328125,84.37728881835938,14.430000305175781
2025-08-29,318.07000732421875,639.6245727539062,83.77750396728516,15.359999656677246
2025-09-02,325.5899963378906,634.884765625,83.15406036376953,17.170000076293945
2025-09-03,328.1400146484375,638.3255615234375,84.0668716430664,16.350000381469727
2025-09-04,326.69000244140625,643.6603393554688,84.70780944824219,15.300000190734863
2025-09-05,331.04998779296875,641.7960815429688,85.99932861328125,15.180000305175781
2025-09-08,334.82000732421875,643.372802734375,87.14522552490234,15.109999656677246
2025-09-09,334.05999755859375,644.8601684570312,86.64997863769531,15.039999961853027
2025-09-10,335.260009765625,646.724365234375,87.14522552490234,15.350000381469727
2025-09-11,334.760009765625,652.0987548828125,87.72787475585938,14.710000038146973
2025-09-12,335.4200134277344,651.8805541992188,87.34915161132812,14.760000228881836
2025-09-15,338.9100036621094,655.3511352539062,87.55308532714844,15.6899995803833
2025-09-16,339.5899963378906,654.4488525390625,87.73760223388672,16.360000610351562
2025-09-17,336.9700012207031,653.6357421875,87.51424407958984,15.720000267028809
2025-09-18,335.6199951171875,656.6898193359375,86.61113739013672,15.699999809265137
2025-09-19,339.17999267578125,659.9423217773438,86.446044921875,15.449999809265137
2025-09-22,345.04998779296875,663.0645751953125,86.13529968261719,16.100000381469727
2025-09-23,346.4599914550781,659.4551391601562,86.73737335205078,16.639999389648438
2025-09-24,343.32000732421875,657.3569946289062,86.4072036743164,16.18000030517578
2025-09-25,344.75,654.3242797851562,86.4072036743164,16.739999771118164
2025-09-26,346.739990234375,658.072998046875,86.32951354980469,15.289999961853027
2025-09-29,352.4599914550781,659.9224243164062,87.03840637207031,16.1200008392334
2025-09-30,355.4700012207031,662.4082641601562,86.78592681884766,16.280000686645508
2025-10-01,356.0299987792969,664.6654052734375,87.01006317138672,16.290000915527344
2025-10-02,354.7900085449219,665.4309692382812,87.263427734375,16.6299991607666
2025-10-03,357.6400146484375,665.421142578125,87.09774780273438,16.649999618530273
2025-10-06,364.3800048828125,667.8074951171875,86.40589141845703,16.3700008392334
2025-10-07,366.260009765625,665.3316040039062,86.9028549194336,17.239999771118164
2025-10-08,372.29998779296875,669.2990112304688,86.97107696533203,16.299999237060547
2025-10-09,365.42999267578125,667.3600463867188,86.9028549194336,16.43000030517578
2025-10-10,369.1199951171875,649.32275390625,88.30609893798828,21.65999984741211
2025-10-13,378.0899963378906,659.2860107421875,88.25736999511719,19.030000686645508
2025-10-14,380.7900085449219,658.4805908203125,88.53997039794922,20.809999465942383
2025-10-15,387.3900146484375,661.4039306640625,88.3450698852539,20.639999389648438
2025-10-16,396.45001220703125,656.8995971679688,89.00769805908203,25.309999465942383
2025-10-17,388.989990234375,660.62841796875,88.87128448486328,20.780000686645508
2025-10-20,403.1499938964844,667.499267578125,89.21235656738281,18.229999542236328
2025-10-21,377.239990234375,667.4893188476562,89.6508560180664,17.8700008392334
2025-10-22,377.2799987792969,664.0191040039062,89.7093276977539,18.600000381469727
2025-10-23,378.7900085449219,667.9566650390625,89.09541320800781,17.299999237060547
2025-10-24,377.5199890136719,673.4155883789062,89.13440704345703,16.3700008392334
2025-10-27,367.010009765625,681.3603515625,89.43647766113281,15.789999961853027
2025-10-28,364.3800048828125,683.1700439453125,89.67033386230469,16.420000076293945
2025-10-29,363.0,683.4982299804688,88.76409912109375,16.920000076293945
2025-10-30,370.1300048828125,675.9810180664062,88.24761962890625,16.90999984741211
2025-10-31,368.1199951171875,678.1983032226562,87.9845199584961,17.440000534057617
2025-11-03,368.7799987792969,679.4711303710938,87.76447296142578,17.170000076293945
2025-11-04,362.32000732421875,671.4169921875,87.96007537841797,19.0
2025-11-05,366.510009765625,673.7437133789062,87.00164031982422,18.010000228881836
2025-11-06,366.07000732421875,666.514892578125,87.7840347290039,19.5
2025-11-07,368.30999755859375,667.1710815429688,87.59821319580078,19.079999923706055
2025-11-10,378.3800048828125,677.5818481445312,87.57866668701172,17.600000381469727
2025-11-11,379.8699951171875,679.1329956054688,87.9796371459961,17.280000686645508
2025-11-12,385.989990234375,679.5109252929688,88.13611602783203,17.510000228881836
2025-11-13,382.8699951171875,668.235107421875,87.41239166259766,20.0
2025-11-14,375.9599914550781,668.1256713867188,86.91363525390625,19.829999923706055
2025-11-17,371.6499938964844,661.901123046875,87.1287841796875,22.3799991607666
2025-11-18,374.3500061035156,656.3427734375,87.09944152832031,24.690000534057617
2025-11-19,374.9599914550781,658.8783569335938,86.92340850830078,23.65999984741211
2025-11-20,374.8500061035156,648.8355712890625,87.26570892333984,26.420000076293945
2025-11-21,374.2699890136719,655.2987670898438,87.52975463867188,23.43000030517578
2025-11-24,380.20001220703125,664.9437866210938,88.0285415649414,20.520000457763672
2025-11-25,380.0799865722656,671.1982421875,88.25347137451172,18.559999465942383
2025-11-26,383.1199951171875,675.8318481445312,88.64466857910156,17.190000534057617
2025-11-28,387.8800048828125,679.5208129882812,88.22412109375,16.350000381469727
2025-12-01,389.75,676.41845703125,87.1258544921875,17.239999771118164
2025-12-02,387.239990234375,677.67138671875,87.16510772705078,16.59000015258789
2025-12-03,386.8800048828125,680.0180053710938,87.41047668457031,16.079999923706055
2025-12-04,387.1300048828125,680.51513671875,86.93936157226562,15.779999732971191
2025-12-05,386.44000244140625,681.8078002929688,86.5369644165039,15.40999984741211
2025-12-08,385.4200134277344,679.7594604492188,86.25233459472656,16.65999984741211
2025-12-09,387.3999938964844,679.1727905273438,86.34066772460938,16.93000030517578
2025-12-10,389.04998779296875,683.6771850585938,86.67436981201172,15.770000457763672
2025-12-11,393.239990234375,685.26806640625,86.55659484863281,14.850000381469727
2025-12-12,395.44000244140625,677.9000854492188,85.72232818603516,15.739999771118164
2025-12-15,395.79998779296875,676.8758544921875,85.7812271118164,16.5
2025-12-16,395.8900146484375,675.0264282226562,86.25233459472656,16.479999542236328
2025-12-17,399.2900085449219,667.5986938476562,86.17382049560547,17.6200008392334
2025-12-18,398.57000732421875,672.6399536132812,86.58602905273438,16.8700008392334
2025-12-19,399.0199890136719,678.7363891601562,86.26286315917969,14.90999984741211
2025-12-22,408.2300109863281,682.96484375,86.07564544677734,14.079999923706055
2025-12-23,413.6400146484375,686.0863037109375,86.2136001586914,14.0
2025-12-24,411.92999267578125,688.4996948242188,86.73580932617188,13.470000267028809
2025-12-26,416.739990234375,688.4298706054688,86.45006561279297,13.600000381469727
2025-12-29,398.6000061035156,685.9765625,86.77522277832031,14.199999809265137
2025-12-30,398.8900146484375,685.138916015625,86.56830596923828,14.329999923706055
2025-12-31,396.30999755859375,680.062744140625,85.87860107421875,14.949999809265137
2026-01-02,398.2799987792969,681.309326171875,85.7505111694336,14.510000228881836
2026-01-05,408.760009765625,685.846923828125,86.17418670654297,14.899999618530273
2026-01-06,413.17999267578125,689.92578125,85.99683380126953,14.75
2026-01-07,409.2300109863281,687.701904296875,86.49932861328125,15.380000114440918
2026-01-08,411.489990234375,687.632080078125,86.06580352783203,15.449999809265137
2026-01-09,414.4700012207031,692.1796264648438,86.63727569580078,14.489999771118164
2026-01-12,422.2300109863281,693.2666625976562,86.38109588623047,15.119999885559082
2026-01-13,421.6300048828125,691.8804931640625,86.52888488769531,15.979999542236328
2026-01-14,425.94000244140625,688.479736328125,87.0313949584961,16.75
2026-01-15,423.3299865722656,690.3546142578125,87.01168823242188,15.84000015258789
2026-01-16,421.2900085449219,689.7761840820312,86.50919342041016,15.859999656677246
2026-01-20,437.2300109863281,675.7345581054688,85.37609100341797,20.09000015258789
2026-01-21,443.6000061035156,683.5332641601562,86.02638244628906,16.899999618530273
2026-01-22,451.7900085449219,687.103515625,86.40080261230469,15.640000343322754
2026-01-23,458.0,687.352783203125,86.63727569580078,16.09000015258789
2026-01-26,464.70001220703125,690.84326171875,87.05110168457031,16.149999618530273
2026-01-27,476.1000061035156,693.5957641601562,86.50919342041016,16.350000381469727
2026-01-28,494.55999755859375,693.5259399414062,86.31212615966797,16.350000381469727
2026-01-29,495.8999938964844,692.1497192382812,86.33182525634766,16.8799991607666
2026-01-30,444.95001220703125,690.0853271484375,85.84902954101562,17.440000534057617
2026-02-02,427.1300048828125,693.5159912109375,85.60375213623047,16.34000015258789
2026-02-03,454.2900085449219,687.6520385742188,85.81145477294922,18.0
2026-02-04,453.9700012207031,684.3211059570312,85.59386444091797,18.639999389648438
2026-02-05,441.8800048828125,675.7744750976562,86.5235824584961,21.770000457763672
2026-02-06,455.4599914550781,688.739013671875,86.58292388916016,20.3700008392334
2026-02-09,467.0299987792969,692.0599975585938,86.5631332397461,17.360000610351562
2026-02-10,462.3999938964844,690.2349243164062,87.56210327148438,17.790000915527344
2026-02-11,467.6300048828125,690.075439453125,87.09723663330078,17.649999618530273
2026-02-12,451.3900146484375,679.41455078125,88.25444793701172,20.81999969482422
2026-02-13,462.6199951171875,679.8931884765625,88.73908996582031,20.600000381469727
2026-02-17,448.20001220703125,680.9901733398438,88.88745880126953,20.290000915527344
2026-02-18,458.2799987792969,684.4208374023438,88.55116271972656,19.6200008392334
2026-02-19,459.55999755859375,682.61572265625,88.64018249511719,20.229999542236328
2026-02-20,468.6199951171875,687.5523071289062,88.43248748779297,19.09000015258789
2026-02-23,481.2799987792969,680.531494140625,88.75887298583984,21.010000228881836
2026-02-24,474.6099853515625,685.4779052734375,88.91712188720703,19.549999237060547
2026-02-25,473.4200134277344,691.26220703125,88.92701721191406,17.93000030517578
2026-02-26,477.4800109863281,687.422607421875,89.28307342529297,18.6299991607666
2026-02-27,483.75,684.1216430664062,89.82706451416016,19.860000610351562
2026-03-02,490.0,684.5106201171875,88.92501068115234,21.440000534057617
2026-03-03,468.1400146484375,678.4771118164062,88.74639129638672,23.56999969482422
2026-03-04,471.79998779296875,683.2639770507812,88.4685287475586,21.149999618530273
2026-03-05,466.1300048828125,679.4544067382812,88.11128234863281,23.75
2026-03-06,473.510009765625,670.5487060546875,87.78380584716797,29.489999771118164
2026-03-09,472.5299987792969,676.4227294921875,88.54792022705078,25.5
2026-03-10,477.8599853515625,675.3356323242188,87.60517883300781,24.93000030517578
2026-03-11,476.239990234375,674.4879760742188,86.4738998413086,24.229999542236328
2026-03-12,466.8800048828125,664.2459106445312,86.30519104003906,27.290000915527344
2026-03-13,460.8399963378906,660.4862060546875,85.87848663330078,27.190000534057617
2026-03-16,460.42999267578125,667.2078857421875,86.5433578491211,23.510000228881836
2026-03-17,459.2699890136719,668.9630126953125,86.78152465820312,22.3700008392334
2026-03-18,444.739990234375,659.6285400390625,86.2952651977539,25.09000015258789
2026-03-19,426.4100036621094,658.0029907226562,86.82122039794922,24.059999465942383
2026-03-20,413.3800048828125,648.5700073242188,85.17391204833984,26.780000686645508
2026-03-23,404.0400085449219,655.3800048828125,85.72962951660156,26.149999618530273
2026-03-24,404.1300048828125,653.1799926757812,85.35253143310547,26.950000762939453
2026-03-25,416.2900085449219,656.8200073242188,86.17618560791016,25.329999923706055
2026-03-26,400.6400146484375,645.0900268554688,85.45176696777344,27.440000534057617
2026-03-27,414.70001220703125,634.0900268554688,84.98535919189453,31.049999237060547
2026-03-30,414.5799865722656,631.969970703125,86.11664581298828,30.610000610351562
2026-03-31,430.2900085449219,650.3400268554688,86.02733612060547,25.25
2026-04-01,437.82000732421875,655.239990234375,85.9426498413086,24.540000915527344
2026-04-02,429.4100036621094,655.8300170898438,86.47069549560547,23.8700008392334
2026-04-06,427.6499938964844,658.9299926757812,86.33121490478516,24.170000076293945
2026-04-07,431.80999755859375,659.219970703125,86.32125091552734,25.780000686645508
2026-04-08,434.5299987792969,676.010009765625,86.6002197265625,21.040000915527344
2026-04-09,437.9100036621094,679.9099731445312,86.38102722167969,19.489999771118164
2026-04-10,437.1300048828125,679.4600219726562,86.17179870605469,19.229999542236328
2026-04-13,435.3599853515625,686.0999755859375,86.43084716796875,19.1200008392334
2026-04-14,445.0899963378906,694.4600219726562,86.88915252685547,18.360000610351562
2026-04-15,440.4599914550781,699.9400024414062,86.51055145263672,18.170000076293945
2026-04-16,440.0799865722656,701.6599731445312,85.96257019042969,17.940000534057617
2026-04-17,445.92999267578125,710.1400146484375,86.74966430664062,17.479999542236328
2026-04-20,442.0899963378906,708.719970703125,86.72974395751953,18.8700008392334
2026-04-21,429.57000732421875,704.0800170898438,86.25150299072266,19.5
2026-04-22,435.260009765625,711.2100219726562,86.4208755493164,18.920000076293945
2026-04-23,431.0400085449219,708.4500122070312,86.23158264160156,19.309999465942383
2026-04-24,433.25,713.9400024414062,86.3909912109375,18.709999084472656
2026-04-27,429.8900146484375,715.1699829101562,85.96257019042969,18.020000457763672
2026-04-28,421.9100036621094,711.6900024414062,86.05224609375,17.829999923706055
2026-04-29,417.4100036621094,711.5800170898438,85.38470458984375,18.809999465942383
2026-04-30,423.6600036621094,718.6599731445312,85.30500030517578,16.889999389648438
2026-05-01,423.17999267578125,720.6500244140625,85.61000061035156,16.989999771118164
2026-05-04,414.7099914550781,718.010009765625,84.95999908447266,18.290000915527344
2026-05-05,418.2699890136719,723.77001953125,85.43000030517578,17.3799991607666
2026-05-06,430.9599914550781,733.8300170898438,86.08000183105469,17.389999389648438
2026-05-07,431.67999267578125,731.5800170898438,85.6500015258789,17.079999923706055
2026-05-08,433.7699890136719,737.6199951171875,86.08000183105469,17.190000534057617
2026-05-11,434.6499938964844,739.2999877929688,85.55999755859375,18.3799991607666
2026-05-12,432.92999267578125,738.1799926757812,84.98999786376953,17.989999771118164
2026-05-13,430.5,742.3099975585938,84.80000305175781,17.8700008392334
2026-05-14,427.2099914550781,748.1699829101562,84.91999816894531,17.260000228881836
2026-05-15,417.2900085449219,739.1699829101562,83.66000366210938,18.43000030517578
